shipment_id,carrier_id,tracking_number,status,origin,destination,shipment_date,name,vehicle_type,capacity,warehouse_id,location,warwhouse_capacity
349,18,Jz3315,Delivered,Perezland,Port Jason,2025-02-18,"Fisher, Murphy and Wilson",Van,3893,10,East Alexandraport,4793
690,82,kL7481,Delayed,Lake Morganhaven,Juliahaven,2025-01-31,Bridges Ltd,Truck,3111,23,Denisefurt,3279
683,43,KP1884,In Transit,Vanessaland,Larryville,2025-01-06,Jacobs-Grant,Ship,1119,20,Richardside,6266
835,3,MJ6208,Delayed,Port Cynthiaberg,Emilyfurt,2025-01-07,Parker PLC,Truck,8636,25,New Michaelfort,1547
572,32,mZ8833,Delivered,Hansenshire,Lambury,2025-01-06,Gutierrez-Harris,Van,1181,17,Nelsonchester,8640
276,50,Tn2529,Delayed,West Biancaport,Branchland,2025-01-02,"Foster, Green and Hall",Ship,4548,20,Richardside,6266
424,47,aD7650,Delayed,Hillbury,Port Matthew,2025-01-16,Smith-Curtis,Truck,8536,8,Brianshire,5806
517,86,er7423,Delayed,South Jenniferberg,Schultzhaven,2025-01-09,Hughes-Perkins,Van,8239,21,North Ruth,5699
1358,26,OE2731,Delivered,West Jamesport,West Jonathonview,2025-02-02,Tanner LLC,Ship,7088,12,Leeland,9997
545,26,uH7065,Delayed,East Carolshire,South Lisa,2025-02-13,Tanner LLC,Ship,7088,12,Leeland,9997
167,38,Ou9061,In Transit,West Meagan,East Jamesmouth,2025-02-10,"Murphy, Hogan and Glass",Ship,6857,27,New Allison,6906
405,13,QO8934,In Transit,North Tonyaburgh,Garnerport,2025-01-18,"Jones, Porter and Butler",Van,7419,3,New Katrinamouth,6586
825,89,nA3413,Delayed,Robertport,West Donna,2025-01-19,"Marquez, Ray and Hernandez",Van,4776,19,Danaton,7501
935,96,iH5213,In Transit,Clarkview,Adamhaven,2025-01-15,Todd-Oconnor,Truck,1583,13,North Randyborough,1599
504,14,og8980,In Transit,West Rhonda,South Edwardbury,2025-02-01,Griffith-Horne,Van,2917,22,South Leahburgh,1050
773,18,yB3084,In Transit,Pittmanshire,Lake Kathleen,2025-02-20,"Fisher, Murphy and Wilson",Van,3893,10,East Alexandraport,4793
1150,30,ek7779,Delayed,Joshuaton,South Rebeccafort,2025-01-23,"Bailey, Stevens and Jones",Van,5924,14,Laurenhaven,8677
1287,20,nX9450,Delivered,Lemouth,Wyattside,2025-01-09,"Garcia, Spears and Thompson",Ship,8037,17,Nelsonchester,8640
503,92,iZ8350,In Transit,Richardberg,North Richardfurt,2025-01-17,"Alvarado, Robinson and Roth",Van,8601,29,West Shawn,2700
1022,97,hH6899,In Transit,Pearsonmouth,Seanburgh,2025-02-11,Chen-Lopez,Truck,3532,29,West Shawn,2700
1480,82,iL2106,In Transit,Port Johnburgh,Leeberg,2025-02-22,Bridges Ltd,Truck,3111,23,Denisefurt,3279
468,87,fe6541,Delayed,Martinezport,Port Cory,2025-02-20,Nolan-Roberts,Truck,2615,7,Cruzton,2248
1426,80,Vh0848,Delivered,Sullivanburgh,Jessicabury,2025-02-02,Miller-Hardy,Van,4667,4,North Lorimouth,3948
664,75,ly5696,In Transit,Wendytown,West Vincentmouth,2025-02-21,Brock Ltd,Truck,8196,11,Glendamouth,8814
118,92,UQ1225,In Transit,Lisaberg,Jenkinsfort,2025-01-05,"Alvarado, Robinson and Roth",Van,8601,29,West Shawn,2700
398,12,KE7415,In Transit,Thomaschester,Owensbury,2025-01-27,Gonzales-Colon,Ship,4465,26,Wendyport,5737
1100,78,FY7144,Delayed,New Derekside,North Aaron,2025-01-30,Keith-Woods,Ship,9186,25,New Michaelfort,1547
9,24,ig4381,Delayed,Clarkberg,Michelletown,2025-01-24,Clark-Hardin,Van,2921,24,Knightmouth,1091
1236,75,XV7165,Delivered,Frazierton,East John,2025-02-10,Brock Ltd,Truck,8196,11,Glendamouth,8814
561,13,Of2307,In Transit,Port Kaitlyn,Schneiderchester,2025-01-13,"Jones, Porter and Butler",Van,7419,3,New Katrinamouth,6586
493,100,Cs9530,Delivered,Andreahaven,South Michaelside,2025-01-04,"Hardy, Harris and Lewis",Van,6451,2,New April,9924
1189,98,OK0844,In Transit,Zimmermanview,Lopezberg,2025-01-18,Jacobson-Mann,Van,7026,14,Laurenhaven,8677
1456,33,Uh9287,In Transit,Paulaport,West Jordanchester,2025-01-10,Gates-Smith,Ship,2654,19,Danaton,7501
1368,63,MO1687,In Transit,Wattsport,Isaacton,2025-02-19,"Martinez, Whitehead and Smith",Van,6684,14,Laurenhaven,8677
1109,25,Ih1502,Delivered,East Richard,Courtneymouth,2025-01-17,"Barnes, Armstrong and Mathews",Ship,7220,26,Wendyport,5737
750,30,Dw3877,In Transit,New Patrickfort,Lake Williamfurt,2025-01-09,"Bailey, Stevens and Jones",Van,5924,14,Laurenhaven,8677
261,81,mt3135,In Transit,Lake Michael,Michaelchester,2025-01-09,"Collins, Meyer and Harris",Van,9505,3,New Katrinamouth,6586
21,89,nY5069,In Transit,Bakerfort,West Brianna,2025-01-31,"Marquez, Ray and Hernandez",Van,4776,19,Danaton,7501
265,1,UF3998,Delayed,South Robertbury,Port Sarah,2025-02-01,"Martinez, Johnson and Oconnor",Ship,8109,14,Laurenhaven,8677
843,75,MM9106,Delivered,East Alexander,New Danielletown,2025-01-19,Brock Ltd,Truck,8196,11,Glendamouth,8814
1283,45,KM6938,Delayed,Thompsontown,Brandonmouth,2025-01-13,Howard Inc,Ship,4232,27,New Allison,6906
695,61,sP9558,Delayed,West Michaeltown,Veronicaborough,2025-02-02,"Carrillo, Cox and Gentry",Truck,7909,7,Cruzton,2248
1014,44,cU4382,Delayed,New Jennifer,South Kaylafort,2025-01-05,Allen-Hill,Van,9214,26,Wendyport,5737
124,72,Xm8603,Delivered,Keithstad,Stevenview,2025-01-07,Reed-Barnes,Truck,4203,29,West Shawn,2700
74,45,Hi0782,Delayed,Port Brandonview,South Terri,2025-01-27,Howard Inc,Ship,4232,27,New Allison,6906
227,96,qi5960,Delivered,Timothyview,Port Lauraville,2025-01-31,Todd-Oconnor,Truck,1583,13,North Randyborough,1599
1129,77,dt6241,Delivered,South Brianview,New Christineberg,2025-02-04,Henderson-Rivera,Van,2972,28,Allenside,2661
1176,25,wA6593,Delayed,New Deanna,East Joshuachester,2025-02-20,"Barnes, Armstrong and Mathews",Ship,7220,26,Wendyport,5737
1018,2,sX8580,In Transit,East Garychester,Kramerport,2025-01-12,Gray-Le,Van,5538,4,North Lorimouth,3948
512,20,PD8435,In Transit,South Lindaview,Campbellside,2025-02-20,"Garcia, Spears and Thompson",Ship,8037,17,Nelsonchester,8640
380,45,vD1158,Delivered,Williamsonmouth,Lukeside,2025-01-29,Howard Inc,Ship,4232,27,New Allison,6906
1493,26,it4817,In Transit,South Hannah,Cynthiamouth,2025-01-03,Tanner LLC,Ship,7088,12,Leeland,9997
683,60,dM2901,Delayed,Vanessaland,Larryville,2025-01-06,Hayes-Anderson,Van,3810,24,Knightmouth,1091
1177,14,vs9625,In Transit,West Joelside,Smithtown,2025-01-26,Griffith-Horne,Van,2917,22,South Leahburgh,1050
335,46,qc5040,Delivered,Lake Dylan,North Cheryl,2025-01-18,May-Hayes,Ship,1488,8,Brianshire,5806
375,40,Uc4992,In Transit,Williamview,Port Shawnmouth,2025-02-21,Moreno Inc,Truck,4241,5,Tuckerfort,2516
98,88,LJ5287,Delayed,Mitchellville,East Kimberly,2025-02-07,Mays-Collier,Truck,5012,15,Michaelmouth,4769
723,4,GT5229,Delayed,Vincentview,Port Shaun,2025-01-01,Ross LLC,Truck,1955,11,Glendamouth,8814
460,94,JI6700,In Transit,Mitchellmouth,Romerohaven,2025-02-06,"Henderson, Hanson and Middleton",Truck,8830,26,Wendyport,5737
596,7,Yl6524,Delayed,Lake Stacey,West Bethany,2025-02-19,Calderon-Miller,Van,3362,7,Cruzton,2248
371,94,Bw1332,Delivered,Dianeshire,Smithport,2025-02-14,"Henderson, Hanson and Middleton",Truck,8830,26,Wendyport,5737
734,82,hK0177,In Transit,Weberland,East Henryport,2025-01-18,Bridges Ltd,Truck,3111,23,Denisefurt,3279
489,34,TP5029,Delayed,Port Joan,Timothyview,2025-02-18,Oconnell-Anderson,Truck,3928,11,Glendamouth,8814
855,78,lU3709,In Transit,Shannonview,East Sandrastad,2025-01-14,Keith-Woods,Ship,9186,25,New Michaelfort,1547
1317,36,dy9522,Delayed,Whiteview,Acostabury,2025-02-11,Walker Group,Truck,1689,17,Nelsonchester,8640
964,62,im9127,Delayed,North Angelaton,North Andrew,2025-02-18,"Nichols, Vazquez and Sullivan",Van,1742,4,North Lorimouth,3948
949,23,bR8485,Delayed,East Jennifer,South Bradleyview,2025-01-31,"Pollard, Walker and Arnold",Ship,4969,29,West Shawn,2700
31,32,LX6157,Delivered,North Elizabeth,North Vincentton,2025-02-13,Gutierrez-Harris,Van,1181,17,Nelsonchester,8640
695,44,ba4503,Delivered,West Michaeltown,Veronicaborough,2025-02-02,Allen-Hill,Van,9214,26,Wendyport,5737
973,93,rD5151,In Transit,South Ericamouth,Johnstonland,2025-01-11,"Ortiz, Smith and Johnson",Ship,4718,20,Richardside,6266
219,57,mD4111,Delivered,Cobbburgh,South Jamesville,2025-01-28,"Wade, Bennett and Santana",Truck,8837,28,Allenside,2661
1250,83,Qo3456,In Transit,Lisaport,North John,2025-01-01,Navarro Ltd,Ship,8947,14,Laurenhaven,8677
1155,79,IL6199,Delayed,Port Anna,North Pamela,2025-01-18,"Wade, Williams and Clark",Van,8274,7,Cruzton,2248
884,27,gy1141,In Transit,Rayburgh,New Elizabeth,2025-01-19,Weaver-Lopez,Ship,6823,10,East Alexandraport,4793
1215,19,Ls2651,In Transit,Smithton,Paulachester,2025-01-27,"Smith, Barnes and Ramsey",Truck,1136,30,Lamville,5009
1298,100,Go0465,Delivered,Douglashaven,Lake Tina,2025-02-21,"Hardy, Harris and Lewis",Van,6451,2,New April,9924
120,95,Xt4763,Delayed,West Andrew,East Marissabury,2025-02-09,Contreras PLC,Truck,2645,6,South Teresastad,1421
770,40,zV2418,Delayed,New Zacharychester,Portermouth,2025-02-11,Moreno Inc,Truck,4241,5,Tuckerfort,2516
876,2,Du8791,In Transit,North Matthewchester,Port Kevin,2025-01-16,Gray-Le,Van,5538,4,North Lorimouth,3948
346,32,ze9166,Delivered,Webbside,Williamsshire,2025-02-14,Gutierrez-Harris,Van,1181,17,Nelsonchester,8640
538,56,kh5834,Delayed,East Linda,Mcintyrechester,2025-02-09,Adams LLC,Ship,4752,2,New April,9924
493,7,XE1316,Delivered,Andreahaven,South Michaelside,2025-01-04,Calderon-Miller,Van,3362,7,Cruzton,2248
218,21,Pw5683,Delivered,Gordonbury,East Heather,2025-01-17,Anderson-Jennings,Ship,3849,19,Danaton,7501
58,5,Eu5267,In Transit,Smithport,Larsonhaven,2025-01-07,Smith-Henderson,Truck,6718,14,Laurenhaven,8677
1370,73,wI2103,In Transit,Lake Marciaborough,East Patrick,2025-01-19,"Smith, Lewis and Luna",Truck,5944,14,Laurenhaven,8677
1489,6,Nv0501,Delivered,Jamesside,Lake Lisa,2025-02-03,White-Moore,Truck,3006,24,Knightmouth,1091
1440,90,Zt3538,In Transit,West Brianhaven,Lake Ryanborough,2025-01-16,Rocha PLC,Truck,2116,3,New Katrinamouth,6586
592,67,vf2631,In Transit,Lamview,New Kimberly,2025-02-05,"Hunt, Thompson and Garcia",Truck,8389,14,Laurenhaven,8677
1154,27,Jr9079,Delivered,Nataliestad,Lake Walter,2025-02-03,Weaver-Lopez,Ship,6823,10,East Alexandraport,4793
1291,84,jH7544,Delayed,New Kayla,Fitzgeraldborough,2025-01-09,Porter Inc,Truck,8282,13,North Randyborough,1599
996,97,zD0426,In Transit,Christopherbury,Anthonyfurt,2025-01-13,Chen-Lopez,Truck,3532,29,West Shawn,2700
321,51,Hc0370,Delayed,Kelleystad,East Darrenfurt,2025-02-18,Johnson and Sons,Truck,3772,2,New April,9924
733,3,WT0924,Delivered,Greenstad,New Sabrinafurt,2025-01-21,Parker PLC,Truck,8636,25,New Michaelfort,1547
830,56,gV8549,In Transit,Stewartside,North Nathanburgh,2025-01-30,Adams LLC,Ship,4752,2,New April,9924
1222,33,fK5739,Delivered,East Kelly,Port Kristietown,2025-01-24,Gates-Smith,Ship,2654,19,Danaton,7501
1166,80,Tr9370,Delayed,New Brian,West Candiceberg,2025-01-27,Miller-Hardy,Van,4667,4,North Lorimouth,3948
1340,31,um1927,Delivered,Mikemouth,East Benjamin,2025-01-09,"Davis, Smith and Lee",Van,9281,25,New Michaelfort,1547
420,78,Jw8914,In Transit,Elizabethton,East Donna,2025-01-22,Keith-Woods,Ship,9186,25,New Michaelfort,1547
711,88,jk8661,Delivered,South Wendy,Greenhaven,2025-02-15,Mays-Collier,Truck,5012,15,Michaelmouth,4769
1041,50,sr1421,Delivered,North Samuel,Port Robertview,2025-01-31,"Foster, Green and Hall",Ship,4548,20,Richardside,6266
770,93,By0662,Delivered,New Zacharychester,Portermouth,2025-02-11,"Ortiz, Smith and Johnson",Ship,4718,20,Richardside,6266
695,23,zy4608,In Transit,West Michaeltown,Veronicaborough,2025-02-02,"Pollard, Walker and Arnold",Ship,4969,29,West Shawn,2700
1302,10,qB9967,In Transit,Jennaborough,Crystalburgh,2025-01-27,"Ortiz, Vargas and Johnson",Truck,2472,12,Leeland,9997
1328,40,za3441,In Transit,Luisbury,West Charleschester,2025-01-20,Moreno Inc,Truck,4241,5,Tuckerfort,2516
1086,82,XQ3208,Delivered,Davidchester,Danielport,2025-02-18,Bridges Ltd,Truck,3111,23,Denisefurt,3279
640,81,to3429,In Transit,Danielbury,Russellburgh,2025-02-17,"Collins, Meyer and Harris",Van,9505,3,New Katrinamouth,6586
999,85,vb9108,In Transit,Salinashaven,Christopherbury,2025-01-19,Dickerson-Navarro,Van,1156,18,North Tiffany,4292
858,95,yf0994,Delivered,Lake Amyside,Lake Cynthia,2025-02-07,Contreras PLC,Truck,2645,6,South Teresastad,1421
945,31,Ge2888,In Transit,Lake Sandrahaven,New Amberfort,2025-01-30,"Davis, Smith and Lee",Van,9281,25,New Michaelfort,1547
272,28,LD0395,Delayed,Timothyside,New Monicabury,2025-01-03,Graham PLC,Van,4355,30,Lamville,5009
869,35,ev3789,Delayed,Hicksside,Caseshire,2025-01-11,Bender-Lee,Ship,7510,20,Richardside,6266
683,100,YZ5145,In Transit,Vanessaland,Larryville,2025-01-06,"Hardy, Harris and Lewis",Van,6451,2,New April,9924
488,34,uk3548,Delivered,Lindseyland,Richardmouth,2025-01-01,Oconnell-Anderson,Truck,3928,11,Glendamouth,8814
1200,46,jv2571,Delayed,West Jenniferland,Elizabethport,2025-02-10,May-Hayes,Ship,1488,8,Brianshire,5806
204,98,jS1846,Delayed,South Josephport,Kristenberg,2025-02-02,Jacobson-Mann,Van,7026,14,Laurenhaven,8677
727,90,tr5766,In Transit,South Jennifer,South Michael,2025-01-27,Rocha PLC,Truck,2116,3,New Katrinamouth,6586
699,14,CW3020,Delivered,Port Lisa,North Timothy,2025-02-15,Griffith-Horne,Van,2917,22,South Leahburgh,1050
579,87,nq9996,In Transit,Port Shaneland,North Makayla,2025-01-31,Nolan-Roberts,Truck,2615,7,Cruzton,2248
112,80,BE3916,In Transit,East Audreytown,Lake Robert,2025-01-21,Miller-Hardy,Van,4667,4,North Lorimouth,3948
426,13,Kf6197,Delivered,West Brianberg,Sotoville,2025-01-07,"Jones, Porter and Butler",Van,7419,3,New Katrinamouth,6586
729,1,QW4112,In Transit,Thompsonfurt,East John,2025-02-08,"Martinez, Johnson and Oconnor",Ship,8109,14,Laurenhaven,8677
597,89,di0371,In Transit,North Amber,Richardhaven,2025-01-28,"Marquez, Ray and Hernandez",Van,4776,19,Danaton,7501
979,78,Jz0284,Delivered,Adamsstad,Lake Douglas,2025-01-21,Keith-Woods,Ship,9186,25,New Michaelfort,1547
879,70,UE6940,In Transit,Nicholasburgh,New Dean,2025-01-14,Landry-Holt,Van,1213,6,South Teresastad,1421
1310,74,Op8691,In Transit,Chadburgh,South Nicoleview,2025-01-22,Stone-Richardson,Ship,2451,23,Denisefurt,3279
1248,64,fx4553,Delayed,Nicoleborough,Turnerfort,2025-01-23,Hopkins-Patel,Truck,2654,10,East Alexandraport,4793
338,57,KB6262,In Transit,Stephanieburgh,New Katherine,2025-02-15,"Wade, Bennett and Santana",Truck,8837,28,Allenside,2661
1058,94,Ct9008,Delivered,South Tracy,South Mariahborough,2025-01-15,"Henderson, Hanson and Middleton",Truck,8830,26,Wendyport,5737
1106,60,Zr0803,Delivered,Lake Emily,West Mariaburgh,2025-02-16,Hayes-Anderson,Van,3810,24,Knightmouth,1091
339,100,za2261,Delayed,North Michael,Lake Anthonymouth,2025-01-18,"Hardy, Harris and Lewis",Van,6451,2,New April,9924
211,61,cF9603,In Transit,Lake Kimberly,East Elizabethhaven,2025-02-05,"Carrillo, Cox and Gentry",Truck,7909,7,Cruzton,2248
25,98,fS0926,Delayed,Port Joshuashire,East Michael,2025-01-24,Jacobson-Mann,Van,7026,14,Laurenhaven,8677
916,65,lo8981,Delivered,Amyberg,North Kimberlyborough,2025-02-12,"Graham, Barnes and Lawrence",Van,6497,13,North Randyborough,1599
1025,38,el3682,Delivered,Joshuastad,Cindystad,2025-02-08,"Murphy, Hogan and Glass",Ship,6857,27,New Allison,6906
788,19,pn9320,Delivered,Jeremystad,Sotoside,2025-02-04,"Smith, Barnes and Ramsey",Truck,1136,30,Lamville,5009
529,85,RQ9206,Delivered,North Nathaniel,Codyfurt,2025-02-16,Dickerson-Navarro,Van,1156,18,North Tiffany,4292
79,49,jr6817,Delivered,Port Michaelport,Normanland,2025-02-18,Sexton-Pierce,Truck,7265,22,South Leahburgh,1050
255,30,CH7701,In Transit,Port Cindyberg,Blackberg,2025-01-02,"Bailey, Stevens and Jones",Van,5924,14,Laurenhaven,8677
196,22,yo0367,Delayed,Port Emily,Holtside,2025-01-29,Kelly-Lewis,Truck,2477,5,Tuckerfort,2516
378,80,rR6180,Delivered,Christopherbury,Katherineview,2025-01-16,Miller-Hardy,Van,4667,4,North Lorimouth,3948
12,59,Iy2835,In Transit,Jasonhaven,Lake Michaelhaven,2025-01-08,Byrd-Bell,Truck,4104,13,North Randyborough,1599
452,22,ci3803,In Transit,New Andreahaven,Sarahland,2025-01-07,Kelly-Lewis,Truck,2477,5,Tuckerfort,2516
758,58,BR7075,In Transit,Brianburgh,West Vickie,2025-01-29,Taylor-Lucas,Ship,4029,2,New April,9924
962,6,fS8211,In Transit,New Kimberly,Lake Alexandra,2025-02-12,White-Moore,Truck,3006,24,Knightmouth,1091
1040,87,Jd3386,In Transit,Stricklandview,Lisaburgh,2025-01-09,Nolan-Roberts,Truck,2615,7,Cruzton,2248
46,4,JD7845,In Transit,Hendricksport,New Kimberly,2025-02-05,Ross LLC,Truck,1955,11,Glendamouth,8814
10,25,sh0218,Delayed,Williamshaven,Nguyenburgh,2025-01-03,"Barnes, Armstrong and Mathews",Ship,7220,26,Wendyport,5737
221,45,nj8913,Delayed,North Susanshire,South Austinville,2025-01-04,Howard Inc,Ship,4232,27,New Allison,6906
59,66,FV9813,Delivered,Diazmouth,Lake Patrickside,2025-01-03,Kennedy PLC,Truck,9647,5,Tuckerfort,2516
1006,57,uP2703,In Transit,Krauseside,East John,2025-01-28,"Wade, Bennett and Santana",Truck,8837,28,Allenside,2661
992,47,qH0727,In Transit,Ethanside,Ramosstad,2025-01-18,Smith-Curtis,Truck,8536,8,Brianshire,5806
1067,65,Ce7520,Delivered,Lake Mauricefort,Jasonville,2025-01-24,"Graham, Barnes and Lawrence",Van,6497,13,North Randyborough,1599
1388,84,RH8832,Delivered,Lake Thomas,Knightfurt,2025-02-02,Porter Inc,Truck,8282,13,North Randyborough,1599
423,37,To1626,Delivered,West Kimberly,Antoniohaven,2025-01-22,Moore-Nguyen,Truck,7085,23,Denisefurt,3279
1298,38,Bs0729,Delayed,Douglashaven,Lake Tina,2025-02-21,"Murphy, Hogan and Glass",Ship,6857,27,New Allison,6906
529,37,tl3991,In Transit,North Nathaniel,Codyfurt,2025-02-16,Moore-Nguyen,Truck,7085,23,Denisefurt,3279
786,47,PB8571,In Transit,Port Kristen,Lake Jeffreyburgh,2025-01-07,Smith-Curtis,Truck,8536,8,Brianshire,5806
657,78,uN2469,Delayed,Port Jessica,Port Williamside,2025-02-15,Keith-Woods,Ship,9186,25,New Michaelfort,1547
680,75,tj4560,In Transit,North Daniel,Phillipmouth,2025-02-15,Brock Ltd,Truck,8196,11,Glendamouth,8814
1231,22,js8972,In Transit,Whiteland,Timothyville,2025-02-04,Kelly-Lewis,Truck,2477,5,Tuckerfort,2516
230,85,kn4604,Delivered,East Victoriafurt,Austinview,2025-01-08,Dickerson-Navarro,Van,1156,18,North Tiffany,4292
134,34,xp4427,Delivered,Ronnieland,Davidsonville,2025-01-30,Oconnell-Anderson,Truck,3928,11,Glendamouth,8814
249,78,PP8605,Delayed,Daviestown,Millerburgh,2025-01-25,Keith-Woods,Ship,9186,25,New Michaelfort,1547
85,51,eX6692,Delayed,West Brendamouth,Stevenmouth,2025-02-01,Johnson and Sons,Truck,3772,2,New April,9924
214,92,wk9043,In Transit,Jamesport,Karenton,2025-02-15,"Alvarado, Robinson and Roth",Van,8601,29,West Shawn,2700
1054,72,fJ7110,In Transit,New Michael,Davidhaven,2025-01-26,Reed-Barnes,Truck,4203,29,West Shawn,2700
146,8,ny8656,In Transit,Kellymouth,Lake Timothymouth,2025-01-02,Smith-Grant,Van,3131,27,New Allison,6906
242,18,jK8275,In Transit,North Greg,New Edward,2025-01-26,"Fisher, Murphy and Wilson",Van,3893,10,East Alexandraport,4793
1190,72,Vt3689,Delivered,West Timothy,Lake Sandraport,2025-01-29,Reed-Barnes,Truck,4203,29,West Shawn,2700
563,87,CC2636,In Transit,Ramirezshire,Brittanymouth,2025-01-09,Nolan-Roberts,Truck,2615,7,Cruzton,2248
454,47,Oo0146,In Transit,New Rhonda,West Karaside,2025-01-11,Smith-Curtis,Truck,8536,8,Brianshire,5806
1335,38,ja1339,In Transit,Loganborough,New Victoria,2025-01-18,"Murphy, Hogan and Glass",Ship,6857,27,New Allison,6906
1208,58,Jh6849,In Transit,North Carrieborough,Carlfurt,2025-02-06,Taylor-Lucas,Ship,4029,2,New April,9924
1003,9,db4972,Delivered,North Ann,West Christinechester,2025-02-19,"Patterson, Benton and Garcia",Truck,7841,10,East Alexandraport,4793
1029,48,Ya0690,Delivered,New Mitchellport,Smithfort,2025-01-15,"Noble, Alvarez and Hammond",Van,8083,19,Danaton,7501
1495,48,Vw3106,In Transit,Ruizton,East Brent,2025-01-04,"Noble, Alvarez and Hammond",Van,8083,19,Danaton,7501
915,94,PF3561,Delivered,Gonzalesmouth,Santiagoberg,2025-01-05,"Henderson, Hanson and Middleton",Truck,8830,26,Wendyport,5737
840,69,Hi3467,In Transit,Crystalside,Lake Michaelborough,2025-02-14,Bell Inc,Van,5273,18,North Tiffany,4292
368,33,oT9384,Delivered,New Mary,East Lisaview,2025-02-12,Gates-Smith,Ship,2654,19,Danaton,7501
1448,5,ox7690,Delayed,South Kaitlyn,North Davidstad,2025-01-04,Smith-Henderson,Truck,6718,14,Laurenhaven,8677
659,66,Xh2421,Delayed,Chelseaville,Marshallport,2025-01-23,Kennedy PLC,Truck,9647,5,Tuckerfort,2516
1045,42,Ap4459,Delivered,North Dawnberg,North William,2025-01-17,Ford-Swanson,Truck,9843,19,Danaton,7501
1431,81,jb5565,In Transit,New Angela,Port Eric,2025-02-08,"Collins, Meyer and Harris",Van,9505,3,New Katrinamouth,6586
1297,46,pn8376,Delayed,Weaverland,Karenborough,2025-01-26,May-Hayes,Ship,1488,8,Brianshire,5806
1344,26,rH5377,Delivered,Karamouth,Lake Derekstad,2025-01-13,Tanner LLC,Ship,7088,12,Leeland,9997
779,10,Iq3454,Delayed,Zimmermanbury,West Mary,2025-01-23,"Ortiz, Vargas and Johnson",Truck,2472,12,Leeland,9997
263,38,kn6980,Delayed,Reesechester,Jenkinsborough,2025-01-28,"Murphy, Hogan and Glass",Ship,6857,27,New Allison,6906
23,89,Ov6555,Delivered,Lake Rebekah,Port Linda,2025-01-15,"Marquez, Ray and Hernandez",Van,4776,19,Danaton,7501
705,73,nC7698,Delayed,North Richardland,South Lauren,2025-02-13,"Smith, Lewis and Luna",Truck,5944,14,Laurenhaven,8677
322,15,wj8175,Delivered,Joneshaven,West Mistyfort,2025-01-21,"Smith, Watson and Schultz",Ship,9780,24,Knightmouth,1091
1359,72,bm2855,In Transit,East Justin,New Louis,2025-01-10,Reed-Barnes,Truck,4203,29,West Shawn,2700
1234,34,Zt3051,In Transit,Petersfurt,New Daniel,2025-02-15,Oconnell-Anderson,Truck,3928,11,Glendamouth,8814
632,6,go2172,In Transit,Scottburgh,Woodsbury,2025-01-08,White-Moore,Truck,3006,24,Knightmouth,1091
1061,91,kv6370,Delayed,Jonathanville,South Mandymouth,2025-01-01,Black-Evans,Truck,4485,23,Denisefurt,3279
1267,73,gx4925,In Transit,East Cheryl,Griffinport,2025-01-30,"Smith, Lewis and Luna",Truck,5944,14,Laurenhaven,8677
1409,51,Go6800,Delivered,Lake Michele,Whitneyfurt,2025-02-16,Johnson and Sons,Truck,3772,2,New April,9924
30,1,gj9525,Delivered,West Mistyborough,West Justinton,2025-01-09,"Martinez, Johnson and Oconnor",Ship,8109,14,Laurenhaven,8677
257,64,na2397,In Transit,Gardnerchester,West James,2025-02-07,Hopkins-Patel,Truck,2654,10,East Alexandraport,4793
1375,65,JT0932,Delayed,Christopherstad,North Roy,2025-02-03,"Graham, Barnes and Lawrence",Van,6497,13,North Randyborough,1599
665,5,px2657,In Transit,New Davidchester,Anthonybury,2025-01-29,Smith-Henderson,Truck,6718,14,Laurenhaven,8677
970,74,ws0308,Delayed,Cynthiaside,East Sean,2025-01-14,Stone-Richardson,Ship,2451,23,Denisefurt,3279
959,66,tL0963,In Transit,New Grace,Combsborough,2025-01-15,Kennedy PLC,Truck,9647,5,Tuckerfort,2516
547,69,wo4869,Delivered,Drewton,New Ashley,2025-01-29,Bell Inc,Van,5273,18,North Tiffany,4292
880,32,zh1666,In Transit,Mcculloughburgh,Port Robert,2025-01-10,Gutierrez-Harris,Van,1181,17,Nelsonchester,8640
454,100,lv2447,Delivered,New Rhonda,West Karaside,2025-01-11,"Hardy, Harris and Lewis",Van,6451,2,New April,9924
405,44,gf6857,Delayed,North Tonyaburgh,Garnerport,2025-01-18,Allen-Hill,Van,9214,26,Wendyport,5737
1087,100,VB8054,Delivered,New Brandi,New Cole,2025-01-18,"Hardy, Harris and Lewis",Van,6451,2,New April,9924
1288,11,iS8583,In Transit,Joseborough,South Williamberg,2025-02-20,"Waller, Barrett and Smith",Van,9803,1,Gilberthaven,2017
720,11,jt0805,Delayed,North Michellehaven,New Erin,2025-02-18,"Waller, Barrett and Smith",Van,9803,1,Gilberthaven,2017
1285,70,Ko0317,Delivered,Christopherton,Fordmouth,2025-01-22,Landry-Holt,Van,1213,6,South Teresastad,1421
367,44,Ls5462,In Transit,Frenchburgh,Villaview,2025-01-29,Allen-Hill,Van,9214,26,Wendyport,5737
77,29,qE3361,Delayed,Lake Robertbury,North Molly,2025-01-15,Vang LLC,Ship,6365,8,Brianshire,5806
1207,19,xY4684,In Transit,Lake Ashlee,Toddshire,2025-01-20,"Smith, Barnes and Ramsey",Truck,1136,30,Lamville,5009
1423,23,RI8905,Delivered,North Jon,West Shaneport,2025-01-07,"Pollard, Walker and Arnold",Ship,4969,29,West Shawn,2700
857,35,lV3792,Delivered,East Monica,Lake Lisa,2025-01-14,Bender-Lee,Ship,7510,20,Richardside,6266
214,51,OZ6787,Delivered,Jamesport,Karenton,2025-02-15,Johnson and Sons,Truck,3772,2,New April,9924
348,47,OS1042,Delayed,Lake Davidfurt,Port Erika,2025-01-03,Smith-Curtis,Truck,8536,8,Brianshire,5806
1488,45,Dt9526,In Transit,West Kenneth,Shawnview,2025-02-04,Howard Inc,Ship,4232,27,New Allison,6906
69,56,Hi1513,Delayed,Griffinton,Petersonview,2025-02-04,Adams LLC,Ship,4752,2,New April,9924
1176,74,he9424,Delayed,New Deanna,East Joshuachester,2025-02-20,Stone-Richardson,Ship,2451,23,Denisefurt,3279
989,70,ip1648,Delivered,Michaelton,Meganland,2025-02-09,Landry-Holt,Van,1213,6,South Teresastad,1421
1453,65,QJ3898,In Transit,North William,Port Matthewborough,2025-02-08,"Graham, Barnes and Lawrence",Van,6497,13,North Randyborough,1599
1261,32,BL6117,In Transit,Codyburgh,Lake Danielburgh,2025-01-14,Gutierrez-Harris,Van,1181,17,Nelsonchester,8640
840,97,jz1230,In Transit,Crystalside,Lake Michaelborough,2025-02-14,Chen-Lopez,Truck,3532,29,West Shawn,2700
1122,90,gW3009,Delivered,East Garyton,South Katherine,2025-02-03,Rocha PLC,Truck,2116,3,New Katrinamouth,6586
608,73,oj8053,Delivered,Roweland,Drakefurt,2025-01-19,"Smith, Lewis and Luna",Truck,5944,14,Laurenhaven,8677
1036,51,Rp4510,Delayed,South Stephanie,Donfort,2025-02-11,Johnson and Sons,Truck,3772,2,New April,9924
168,78,Ix1318,In Transit,Perezhaven,West Raymondland,2025-01-24,Keith-Woods,Ship,9186,25,New Michaelfort,1547
1166,94,pC7007,Delivered,New Brian,West Candiceberg,2025-01-27,"Henderson, Hanson and Middleton",Truck,8830,26,Wendyport,5737
232,43,tm8661,Delivered,Port Lancefort,New Tracyfort,2025-01-08,Jacobs-Grant,Ship,1119,20,Richardside,6266
634,35,ba2687,Delivered,Lake Joshuahaven,New Steven,2025-02-15,Bender-Lee,Ship,7510,20,Richardside,6266
598,82,qX4911,Delayed,West Shari,Carolfurt,2025-01-25,Bridges Ltd,Truck,3111,23,Denisefurt,3279
790,61,Ct4110,In Transit,New Gregoryberg,Garciaberg,2025-01-01,"Carrillo, Cox and Gentry",Truck,7909,7,Cruzton,2248
1436,98,EU4383,Delivered,Hernandezshire,Ginafurt,2025-01-16,Jacobson-Mann,Van,7026,14,Laurenhaven,8677
1242,62,qP1289,Delayed,Christianport,Port Bettyshire,2025-01-18,"Nichols, Vazquez and Sullivan",Van,1742,4,North Lorimouth,3948
69,52,MQ7604,Delayed,Griffinton,Petersonview,2025-02-04,Miller-Patel,Truck,6123,29,West Shawn,2700
325,32,XG6944,In Transit,Josephburgh,East Brandon,2025-02-20,Gutierrez-Harris,Van,1181,17,Nelsonchester,8640
741,50,pe8628,Delivered,East Daniellestad,New Tylerfort,2025-01-12,"Foster, Green and Hall",Ship,4548,20,Richardside,6266
65,22,PN7778,In Transit,Lake Kevin,Lake Jessica,2025-02-08,Kelly-Lewis,Truck,2477,5,Tuckerfort,2516
373,21,dF8643,Delivered,Haleberg,Port Catherine,2025-02-15,Anderson-Jennings,Ship,3849,19,Danaton,7501
413,51,Wi4796,Delivered,Davidchester,Shortmouth,2025-02-19,Johnson and Sons,Truck,3772,2,New April,9924
939,80,Fo7500,Delayed,Savannahland,Lake Matthewbury,2025-01-28,Miller-Hardy,Van,4667,4,North Lorimouth,3948
692,89,aR2212,Delivered,Lake Loriburgh,Alexandriaport,2025-02-12,"Marquez, Ray and Hernandez",Van,4776,19,Danaton,7501
952,48,Mc7764,In Transit,Lake Tyler,West Desiree,2025-01-03,"Noble, Alvarez and Hammond",Van,8083,19,Danaton,7501
921,36,uu4586,In Transit,Martintown,Jasonton,2025-01-19,Walker Group,Truck,1689,17,Nelsonchester,8640
328,82,Bu0380,In Transit,New Lindseyfurt,North Dorothy,2025-01-22,Bridges Ltd,Truck,3111,23,Denisefurt,3279
226,40,DM7868,Delayed,Vegamouth,South Danielstad,2025-01-02,Moreno Inc,Truck,4241,5,Tuckerfort,2516
981,39,pk5153,In Transit,Lewisfort,South Joann,2025-02-12,Allen LLC,Ship,6855,13,North Randyborough,1599
1426,60,uF2712,In Transit,Sullivanburgh,Jessicabury,2025-02-02,Hayes-Anderson,Van,3810,24,Knightmouth,1091
148,55,Ji2232,Delayed,West Davidshire,Leeton,2025-01-12,"Chavez, Woodard and Martin",Truck,7052,21,North Ruth,5699
81,10,gX8421,Delayed,Nelsonbury,South Josemouth,2025-01-27,"Ortiz, Vargas and Johnson",Truck,2472,12,Leeland,9997
1296,4,YV0087,Delayed,Port Brittany,West Christina,2025-01-04,Ross LLC,Truck,1955,11,Glendamouth,8814
1325,28,Tx6120,Delivered,Port Madelineside,West Lindsayland,2025-01-27,Graham PLC,Van,4355,30,Lamville,5009
335,86,WN0820,In Transit,Lake Dylan,North Cheryl,2025-01-18,Hughes-Perkins,Van,8239,21,North Ruth,5699
639,29,DV7800,Delivered,Flowersbury,Rodriguezview,2025-02-18,Vang LLC,Ship,6365,8,Brianshire,5806
366,64,Mf6249,Delayed,Williammouth,Antonioberg,2025-02-22,Hopkins-Patel,Truck,2654,10,East Alexandraport,4793
1238,18,cL1162,In Transit,Port Louis,Jenniferville,2025-02-12,"Fisher, Murphy and Wilson",Van,3893,10,East Alexandraport,4793
510,28,Tg3536,In Transit,South Connorbury,Juanland,2025-01-25,Graham PLC,Van,4355,30,Lamville,5009
1192,40,RG5943,Delayed,West Miguelstad,South Danieltown,2025-02-15,Moreno Inc,Truck,4241,5,Tuckerfort,2516
716,80,vV0501,In Transit,Lake Sara,Lake Ericfort,2025-02-18,Miller-Hardy,Van,4667,4,North Lorimouth,3948
1037,96,TL5843,Delayed,Ferrellton,Hernandezmouth,2025-02-03,Todd-Oconnor,Truck,1583,13,North Randyborough,1599
355,43,hG0275,In Transit,West Brittanychester,Millerstad,2025-02-14,Jacobs-Grant,Ship,1119,20,Richardside,6266
174,35,qg3841,Delivered,Masonland,New Michael,2025-01-23,Bender-Lee,Ship,7510,20,Richardside,6266
1284,88,eC3584,Delayed,Rhodesport,Port Ericamouth,2025-01-04,Mays-Collier,Truck,5012,15,Michaelmouth,4769
190,50,my2586,In Transit,North Samuel,North Randy,2025-01-24,"Foster, Green and Hall",Ship,4548,20,Richardside,6266
1383,45,PB2053,In Transit,Richardsside,West Kimberly,2025-01-31,Howard Inc,Ship,4232,27,New Allison,6906
1171,17,uh9167,In Transit,Port Johnton,East Kelly,2025-02-02,Haas-Martin,Van,6411,8,Brianshire,5806
922,96,xl2360,In Transit,New Jameshaven,Lake Ericaborough,2025-02-05,Todd-Oconnor,Truck,1583,13,North Randyborough,1599
789,22,Ae1232,Delivered,Port Brandon,North Lisa,2025-01-05,Kelly-Lewis,Truck,2477,5,Tuckerfort,2516
656,95,jl7787,In Transit,Bellbury,Annberg,2025-01-27,Contreras PLC,Truck,2645,6,South Teresastad,1421
181,8,hd2565,Delivered,Waltersshire,Lake Bryceside,2025-02-21,Smith-Grant,Van,3131,27,New Allison,6906
709,36,qK2611,In Transit,West Richardborough,Jaystad,2025-02-16,Walker Group,Truck,1689,17,Nelsonchester,8640
1391,9,fZ0314,In Transit,Stoneland,New Loritown,2025-01-12,"Patterson, Benton and Garcia",Truck,7841,10,East Alexandraport,4793
804,46,LX5074,Delivered,Port James,Courtneyside,2025-01-18,May-Hayes,Ship,1488,8,Brianshire,5806
1131,99,KZ3530,Delivered,Craigburgh,Lake Dylanberg,2025-01-06,Arroyo and Sons,Truck,8199,26,Wendyport,5737
855,18,Il8213,Delivered,Shannonview,East Sandrastad,2025-01-14,"Fisher, Murphy and Wilson",Van,3893,10,East Alexandraport,4793
1273,87,kj2133,Delayed,North Jasontown,North Pamela,2025-02-09,Nolan-Roberts,Truck,2615,7,Cruzton,2248
1449,49,LM1742,In Transit,West Jeremyview,South Melissa,2025-02-04,Sexton-Pierce,Truck,7265,22,South Leahburgh,1050
633,11,gw3997,In Transit,New Timhaven,Hamiltonborough,2025-02-07,"Waller, Barrett and Smith",Van,9803,1,Gilberthaven,2017
1105,52,Zq1264,Delayed,North Nicholas,Jimenezland,2025-01-12,Miller-Patel,Truck,6123,29,West Shawn,2700
1227,71,WO0450,In Transit,Amyview,Donaldview,2025-01-09,Allen-Smith,Ship,3646,28,Allenside,2661
1350,6,KL7165,In Transit,New Christinaville,East Jamesside,2025-01-04,White-Moore,Truck,3006,24,Knightmouth,1091
263,95,Lq9907,Delivered,Reesechester,Jenkinsborough,2025-01-28,Contreras PLC,Truck,2645,6,South Teresastad,1421
1268,86,Hu0565,Delivered,Johnsonshire,Williambury,2025-01-13,Hughes-Perkins,Van,8239,21,North Ruth,5699
602,35,pQ4217,Delivered,Lindaville,East Derekside,2025-01-23,Bender-Lee,Ship,7510,20,Richardside,6266
769,30,hK9505,In Transit,South Kellyburgh,Marktown,2025-01-13,"Bailey, Stevens and Jones",Van,5924,14,Laurenhaven,8677
621,41,jv3652,In Transit,South Stephanie,North Josephfort,2025-02-16,Mendez Group,Truck,6935,24,Knightmouth,1091
339,40,RN1657,Delivered,North Michael,Lake Anthonymouth,2025-01-18,Moreno Inc,Truck,4241,5,Tuckerfort,2516
4,3,Kq1958,Delayed,Jamiefort,East Jamie,2025-01-05,Parker PLC,Truck,8636,25,New Michaelfort,1547
150,25,vS8042,In Transit,North Patrick,Port Melissamouth,2025-01-03,"Barnes, Armstrong and Mathews",Ship,7220,26,Wendyport,5737
58,97,Co0564,Delayed,Smithport,Larsonhaven,2025-01-07,Chen-Lopez,Truck,3532,29,West Shawn,2700
601,100,GD0899,Delivered,New Michellehaven,Alichester,2025-01-24,"Hardy, Harris and Lewis",Van,6451,2,New April,9924
532,2,Ba0481,Delayed,Elizabethview,Port Chadberg,2025-01-02,Gray-Le,Van,5538,4,North Lorimouth,3948
409,85,RN3982,Delivered,Aprilmouth,West Rebecca,2025-01-16,Dickerson-Navarro,Van,1156,18,North Tiffany,4292
1443,76,Wj9707,Delivered,East George,New Robertton,2025-02-07,Clark Group,Van,8948,18,North Tiffany,4292
1090,80,HC2865,In Transit,Jacksonport,Lake Sarahville,2025-02-19,Miller-Hardy,Van,4667,4,North Lorimouth,3948
999,42,XK0929,Delivered,Salinashaven,Christopherbury,2025-01-19,Ford-Swanson,Truck,9843,19,Danaton,7501
1293,10,VX7688,Delayed,Weaverstad,Port Brianna,2025-02-18,"Ortiz, Vargas and Johnson",Truck,2472,12,Leeland,9997
1233,51,Gy8552,Delivered,Port Amandashire,Barnestown,2025-01-02,Johnson and Sons,Truck,3772,2,New April,9924
52,62,SZ4599,Delivered,Fordside,Welchview,2025-02-06,"Nichols, Vazquez and Sullivan",Van,1742,4,North Lorimouth,3948
1345,66,io4120,In Transit,Port Emilyview,North Maryburgh,2025-02-08,Kennedy PLC,Truck,9647,5,Tuckerfort,2516
295,16,JO4977,Delivered,West Jill,Nicholeview,2025-02-03,Li-Park,Truck,5315,2,New April,9924
175,50,Tt6074,Delayed,East Melissa,Grahammouth,2025-01-04,"Foster, Green and Hall",Ship,4548,20,Richardside,6266
178,52,zR4512,Delivered,North Claire,Lake Troyberg,2025-01-02,Miller-Patel,Truck,6123,29,West Shawn,2700
925,14,gk7519,Delayed,Brittanystad,Port Amy,2025-02-13,Griffith-Horne,Van,2917,22,South Leahburgh,1050
157,31,cr7473,In Transit,West Chris,Patrickmouth,2025-01-09,"Davis, Smith and Lee",Van,9281,25,New Michaelfort,1547
352,77,Za1239,Delayed,East Jeffreymouth,South Deborah,2025-01-27,Henderson-Rivera,Van,2972,28,Allenside,2661
1313,87,Ly4573,Delayed,Port Michael,West Jessicabury,2025-01-06,Nolan-Roberts,Truck,2615,7,Cruzton,2248
1366,15,aA0334,In Transit,Maryside,Chrisshire,2025-01-24,"Smith, Watson and Schultz",Ship,9780,24,Knightmouth,1091
902,52,QK3836,Delayed,Lake Robert,Lake Michael,2025-01-31,Miller-Patel,Truck,6123,29,West Shawn,2700
562,62,kX9258,Delivered,East Caitlinfort,Kristinberg,2025-01-27,"Nichols, Vazquez and Sullivan",Van,1742,4,North Lorimouth,3948
38,70,eo3271,In Transit,Tylerville,Boonestad,2025-02-18,Landry-Holt,Van,1213,6,South Teresastad,1421
1436,33,gv6219,Delivered,Hernandezshire,Ginafurt,2025-01-16,Gates-Smith,Ship,2654,19,Danaton,7501
878,51,fb3887,In Transit,Port Paulfurt,Suttontown,2025-02-02,Johnson and Sons,Truck,3772,2,New April,9924
1258,7,bL9402,Delayed,Gibsonview,Weeksmouth,2025-02-06,Calderon-Miller,Van,3362,7,Cruzton,2248
192,76,cr2202,In Transit,Gouldland,Port John,2025-01-03,Clark Group,Van,8948,18,North Tiffany,4292
230,20,WA7828,Delivered,East Victoriafurt,Austinview,2025-01-08,"Garcia, Spears and Thompson",Ship,8037,17,Nelsonchester,8640
1214,39,vR2343,Delivered,East Alison,Carolshire,2025-01-15,Allen LLC,Ship,6855,13,North Randyborough,1599
391,17,JR4829,In Transit,Danielchester,Jennyfurt,2025-01-19,Haas-Martin,Van,6411,8,Brianshire,5806
967,36,Gu1645,In Transit,Williamchester,East Laceyland,2025-02-20,Walker Group,Truck,1689,17,Nelsonchester,8640
1242,46,Gf8770,Delivered,Christianport,Port Bettyshire,2025-01-18,May-Hayes,Ship,1488,8,Brianshire,5806
1306,79,Cd9617,In Transit,Port Zacharyburgh,North Susan,2025-01-02,"Wade, Williams and Clark",Van,8274,7,Cruzton,2248
264,97,le2127,Delivered,Port Cassie,Jonathanchester,2025-02-12,Chen-Lopez,Truck,3532,29,West Shawn,2700
1347,17,wR8441,Delayed,New Elizabethberg,Christopherview,2025-01-20,Haas-Martin,Van,6411,8,Brianshire,5806
188,8,PR3259,Delivered,Lake Willieshire,Matthewport,2025-01-12,Smith-Grant,Van,3131,27,New Allison,6906
1388,1,Qp4205,In Transit,Lake Thomas,Knightfurt,2025-02-02,"Martinez, Johnson and Oconnor",Ship,8109,14,Laurenhaven,8677
390,91,jH7898,In Transit,Moorehaven,East Christine,2025-02-18,Black-Evans,Truck,4485,23,Denisefurt,3279
1314,97,sQ7711,Delivered,Jessicamouth,Port Leslie,2025-02-13,Chen-Lopez,Truck,3532,29,West Shawn,2700
1039,32,Mi7047,Delayed,Charlesberg,Scottstad,2025-01-16,Gutierrez-Harris,Van,1181,17,Nelsonchester,8640
1026,71,Wf7646,Delayed,West Katherineborough,Mccoytown,2025-01-08,Allen-Smith,Ship,3646,28,Allenside,2661
757,32,UX4713,In Transit,Amybury,Johnmouth,2025-01-07,Gutierrez-Harris,Van,1181,17,Nelsonchester,8640
206,93,aC2331,Delivered,Angelaville,Port Jeremyville,2025-02-05,"Ortiz, Smith and Johnson",Ship,4718,20,Richardside,6266
775,30,fc4697,Delayed,New Keithberg,West Josemouth,2025-02-03,"Bailey, Stevens and Jones",Van,5924,14,Laurenhaven,8677
1188,14,hx0341,In Transit,Lindaside,Cristianview,2025-01-11,Griffith-Horne,Van,2917,22,South Leahburgh,1050
1290,82,pC8556,In Transit,Port Curtismouth,New Thomas,2025-01-01,Bridges Ltd,Truck,3111,23,Denisefurt,3279
841,9,SG6740,In Transit,North Jorgeberg,Williamsbury,2025-02-20,"Patterson, Benton and Garcia",Truck,7841,10,East Alexandraport,4793
199,47,ho8255,Delayed,New John,Knappburgh,2025-02-15,Smith-Curtis,Truck,8536,8,Brianshire,5806
628,28,hd7395,In Transit,New Johnbury,Wangfort,2025-01-30,Graham PLC,Van,4355,30,Lamville,5009
605,9,wL7426,Delayed,Brianhaven,South James,2025-02-09,"Patterson, Benton and Garcia",Truck,7841,10,East Alexandraport,4793
1480,25,Un7915,Delivered,Port Johnburgh,Leeberg,2025-02-22,"Barnes, Armstrong and Mathews",Ship,7220,26,Wendyport,5737
201,31,bM5850,Delayed,New Aimee,New Monica,2025-01-01,"Davis, Smith and Lee",Van,9281,25,New Michaelfort,1547
926,23,Ug8782,In Transit,South Steven,Keithton,2025-02-07,"Pollard, Walker and Arnold",Ship,4969,29,West Shawn,2700
1117,23,CI2431,Delivered,West Petershire,South Diana,2025-02-08,"Pollard, Walker and Arnold",Ship,4969,29,West Shawn,2700
517,30,YX9006,Delayed,South Jenniferberg,Schultzhaven,2025-01-09,"Bailey, Stevens and Jones",Van,5924,14,Laurenhaven,8677
554,73,XJ6227,Delivered,Janicehaven,Carpenterport,2025-02-15,"Smith, Lewis and Luna",Truck,5944,14,Laurenhaven,8677
559,10,Sk5519,Delayed,Port Kristintown,New Carlosmouth,2025-02-15,"Ortiz, Vargas and Johnson",Truck,2472,12,Leeland,9997
958,99,ex2114,Delayed,Cindyton,Port Pamela,2025-01-16,Arroyo and Sons,Truck,8199,26,Wendyport,5737
310,84,LJ5437,Delayed,Jessicachester,Hallland,2025-02-21,Porter Inc,Truck,8282,13,North Randyborough,1599
693,6,wW9541,In Transit,Lake Brian,Reynoldsberg,2025-02-12,White-Moore,Truck,3006,24,Knightmouth,1091
212,63,CA1790,In Transit,Gloriafort,Porterton,2025-01-13,"Martinez, Whitehead and Smith",Van,6684,14,Laurenhaven,8677
632,62,YN9706,Delayed,Scottburgh,Woodsbury,2025-01-08,"Nichols, Vazquez and Sullivan",Van,1742,4,North Lorimouth,3948
576,8,bH1030,In Transit,Lake John,East Nicole,2025-01-12,Smith-Grant,Van,3131,27,New Allison,6906
16,57,KJ6791,Delivered,North Melissachester,Lewisburgh,2025-02-05,"Wade, Bennett and Santana",Truck,8837,28,Allenside,2661
510,15,pV8384,In Transit,South Connorbury,Juanland,2025-01-25,"Smith, Watson and Schultz",Ship,9780,24,Knightmouth,1091
1396,10,oH5365,Delayed,Lake Sara,Riverachester,2025-01-04,"Ortiz, Vargas and Johnson",Truck,2472,12,Leeland,9997
1374,30,hz3223,Delayed,North Tara,Josephstad,2025-01-31,"Bailey, Stevens and Jones",Van,5924,14,Laurenhaven,8677
678,40,vb8055,Delayed,Robertton,Ashleyville,2025-02-20,Moreno Inc,Truck,4241,5,Tuckerfort,2516
623,60,TI0487,Delayed,East Heather,Port Nicholasmouth,2025-01-21,Hayes-Anderson,Van,3810,24,Knightmouth,1091
28,93,wt5494,In Transit,Port Leslieburgh,Taylorfort,2025-01-13,"Ortiz, Smith and Johnson",Ship,4718,20,Richardside,6266
783,95,xx8903,In Transit,South Jennifer,Simmonschester,2025-02-04,Contreras PLC,Truck,2645,6,South Teresastad,1421
590,93,Lx5790,Delivered,Patriciabury,Mccoychester,2025-01-29,"Ortiz, Smith and Johnson",Ship,4718,20,Richardside,6266
615,94,aG7757,In Transit,Sanderschester,Reginaldport,2025-01-09,"Henderson, Hanson and Middleton",Truck,8830,26,Wendyport,5737
1073,100,JM7738,In Transit,New Regina,East Patricia,2025-02-18,"Hardy, Harris and Lewis",Van,6451,2,New April,9924
1262,69,Hm2828,Delayed,South Erika,Port Peterfurt,2025-02-05,Bell Inc,Van,5273,18,North Tiffany,4292
815,43,Ik7682,In Transit,Graceport,New Charles,2025-02-05,Jacobs-Grant,Ship,1119,20,Richardside,6266
100,71,SH3847,In Transit,East Dannymouth,East Jenna,2025-01-31,Allen-Smith,Ship,3646,28,Allenside,2661
1346,82,di1362,Delayed,Port Danielleberg,Brianview,2025-01-25,Bridges Ltd,Truck,3111,23,Denisefurt,3279
912,21,CS4349,In Transit,Mitchelltown,North Philip,2025-01-27,Anderson-Jennings,Ship,3849,19,Danaton,7501
1076,84,Et2874,Delayed,Scottborough,Port Robertview,2025-02-01,Porter Inc,Truck,8282,13,North Randyborough,1599
305,96,tK7502,In Transit,Port Mary,Fordchester,2025-02-03,Todd-Oconnor,Truck,1583,13,North Randyborough,1599
390,59,TT1277,In Transit,Moorehaven,East Christine,2025-02-18,Byrd-Bell,Truck,4104,13,North Randyborough,1599
988,63,sK6802,Delivered,North Davidville,East Joseberg,2025-02-18,"Martinez, Whitehead and Smith",Van,6684,14,Laurenhaven,8677
974,38,nz4328,In Transit,Williamschester,Lake Robertburgh,2025-01-06,"Murphy, Hogan and Glass",Ship,6857,27,New Allison,6906
1278,99,lR7966,Delayed,West Brittanymouth,Hardyport,2025-02-07,Arroyo and Sons,Truck,8199,26,Wendyport,5737
791,12,AW5170,In Transit,Port Terri,East Manuelborough,2025-02-06,Gonzales-Colon,Ship,4465,26,Wendyport,5737
369,46,ka6460,Delivered,Tylermouth,Lisamouth,2025-01-22,May-Hayes,Ship,1488,8,Brianshire,5806
670,92,Nz2664,Delayed,Adamschester,North Michaelside,2025-01-20,"Alvarado, Robinson and Roth",Van,8601,29,West Shawn,2700
817,49,XA3525,Delayed,Arroyomouth,Kristinashire,2025-02-21,Sexton-Pierce,Truck,7265,22,South Leahburgh,1050
453,63,FG1322,Delivered,Bryanton,New Tammy,2025-02-10,"Martinez, Whitehead and Smith",Van,6684,14,Laurenhaven,8677
1223,28,kc7997,In Transit,Holmesport,Sallyhaven,2025-01-29,Graham PLC,Van,4355,30,Lamville,5009
514,92,oW6204,Delivered,Austinborough,Port Monica,2025-02-08,"Alvarado, Robinson and Roth",Van,8601,29,West Shawn,2700
331,64,oa8526,Delayed,Thompsonmouth,Williamborough,2025-02-20,Hopkins-Patel,Truck,2654,10,East Alexandraport,4793
1474,15,Fe1721,Delivered,Lake Charlesberg,Townsendbury,2025-02-02,"Smith, Watson and Schultz",Ship,9780,24,Knightmouth,1091
451,97,Xd8442,In Transit,Martinland,Velazquezchester,2025-01-04,Chen-Lopez,Truck,3532,29,West Shawn,2700
1361,16,QO9027,In Transit,New Jeremy,Port Stephanie,2025-02-18,Li-Park,Truck,5315,2,New April,9924
1049,40,Gg6999,Delayed,Hugheshaven,South Timothy,2025-01-30,Moreno Inc,Truck,4241,5,Tuckerfort,2516
584,10,VF4030,In Transit,South Johnton,South Madisonland,2025-01-26,"Ortiz, Vargas and Johnson",Truck,2472,12,Leeland,9997
1098,26,RE0629,Delayed,Annechester,Joshuaview,2025-01-22,Tanner LLC,Ship,7088,12,Leeland,9997
1464,74,ji8264,In Transit,Teresaview,Bartonfort,2025-01-08,Stone-Richardson,Ship,2451,23,Denisefurt,3279
1274,17,Rh4670,Delivered,East Gregoryshire,Normanbury,2025-01-30,Haas-Martin,Van,6411,8,Brianshire,5806
530,41,pi0070,Delivered,Calebtown,East Scottfort,2025-01-05,Mendez Group,Truck,6935,24,Knightmouth,1091
1308,86,UW0275,In Transit,Tonymouth,East Michaelbury,2025-02-22,Hughes-Perkins,Van,8239,21,North Ruth,5699
277,60,zE6444,In Transit,Lake Lynn,Jacksonburgh,2025-01-02,Hayes-Anderson,Van,3810,24,Knightmouth,1091
420,56,uz5679,Delivered,Elizabethton,East Donna,2025-01-22,Adams LLC,Ship,4752,2,New April,9924
727,71,kq0259,In Transit,South Jennifer,South Michael,2025-01-27,Allen-Smith,Ship,3646,28,Allenside,2661
669,95,Dk4773,Delivered,Jaredville,Myersborough,2025-02-02,Contreras PLC,Truck,2645,6,South Teresastad,1421
859,57,gT9200,Delivered,Lake Angelaview,Perrybury,2025-01-07,"Wade, Bennett and Santana",Truck,8837,28,Allenside,2661
858,47,ur6531,Delivered,Lake Amyside,Lake Cynthia,2025-02-07,Smith-Curtis,Truck,8536,8,Brianshire,5806
480,4,FD3196,Delivered,South William,Hunterhaven,2025-02-12,Ross LLC,Truck,1955,11,Glendamouth,8814
259,88,CK8418,Delivered,South Jeremy,Port Jessica,2025-01-15,Mays-Collier,Truck,5012,15,Michaelmouth,4769
796,24,WT2407,Delivered,Nicholasfort,North Hollyland,2025-01-18,Clark-Hardin,Van,2921,24,Knightmouth,1091
1282,41,NE9829,Delivered,West Victoriabury,North Ana,2025-01-08,Mendez Group,Truck,6935,24,Knightmouth,1091
649,12,aN4279,Delayed,Hernandezfort,Christopherchester,2025-01-19,Gonzales-Colon,Ship,4465,26,Wendyport,5737
1070,21,Rc5210,Delayed,Jamesside,West Scott,2025-01-26,Anderson-Jennings,Ship,3849,19,Danaton,7501
121,4,Er1058,Delayed,Johnsonfurt,South Richard,2025-01-05,Ross LLC,Truck,1955,11,Glendamouth,8814
1377,23,ly3739,Delayed,Susanchester,North Alexandra,2025-02-06,"Pollard, Walker and Arnold",Ship,4969,29,West Shawn,2700
1183,93,Oi9838,In Transit,Juanton,Ortegaburgh,2025-02-20,"Ortiz, Smith and Johnson",Ship,4718,20,Richardside,6266
640,67,WC8058,Delivered,Danielbury,Russellburgh,2025-02-17,"Hunt, Thompson and Garcia",Truck,8389,14,Laurenhaven,8677
268,8,KF2266,Delayed,Cynthialand,Bradfordview,2025-02-10,Smith-Grant,Van,3131,27,New Allison,6906
1111,68,yt5465,Delivered,Websterberg,New Brittanyside,2025-02-03,"Aguirre, Hatfield and Patterson",Ship,3835,15,Michaelmouth,4769
541,2,pt2761,Delayed,Madisonfurt,Michelleborough,2025-01-18,Gray-Le,Van,5538,4,North Lorimouth,3948
79,59,XU9477,In Transit,Port Michaelport,Normanland,2025-02-18,Byrd-Bell,Truck,4104,13,North Randyborough,1599
81,58,YD9836,Delivered,Nelsonbury,South Josemouth,2025-01-27,Taylor-Lucas,Ship,4029,2,New April,9924
385,5,Pz1885,In Transit,Ortegafort,Gloverborough,2025-01-02,Smith-Henderson,Truck,6718,14,Laurenhaven,8677
317,69,RH9935,In Transit,North Lisafurt,Hallfort,2025-01-18,Bell Inc,Van,5273,18,North Tiffany,4292
451,67,bL5791,In Transit,Martinland,Velazquezchester,2025-01-04,"Hunt, Thompson and Garcia",Truck,8389,14,Laurenhaven,8677
768,55,wt5856,In Transit,East Sydneyborough,Cohenport,2025-01-19,"Chavez, Woodard and Martin",Truck,7052,21,North Ruth,5699
1420,12,SH9241,Delayed,Millermouth,Port Jonathan,2025-01-11,Gonzales-Colon,Ship,4465,26,Wendyport,5737
830,55,kU7169,Delayed,Stewartside,North Nathanburgh,2025-01-30,"Chavez, Woodard and Martin",Truck,7052,21,North Ruth,5699
298,52,Su8915,Delivered,Rogerstown,Port Tonyamouth,2025-01-31,Miller-Patel,Truck,6123,29,West Shawn,2700
28,10,ws6594,In Transit,Port Leslieburgh,Taylorfort,2025-01-13,"Ortiz, Vargas and Johnson",Truck,2472,12,Leeland,9997
715,9,Ll3755,Delayed,South Veronicaport,Youngstad,2025-01-09,"Patterson, Benton and Garcia",Truck,7841,10,East Alexandraport,4793
218,93,AG2186,Delayed,Gordonbury,East Heather,2025-01-17,"Ortiz, Smith and Johnson",Ship,4718,20,Richardside,6266
444,49,cy6376,In Transit,Adamtown,Zacharyshire,2025-01-07,Sexton-Pierce,Truck,7265,22,South Leahburgh,1050
107,87,qw5912,Delayed,Milesside,Michaelborough,2025-01-01,Nolan-Roberts,Truck,2615,7,Cruzton,2248
517,54,aB2731,Delayed,South Jenniferberg,Schultzhaven,2025-01-09,Galvan LLC,Truck,1734,25,New Michaelfort,1547
176,99,SD1274,Delayed,Douglashaven,West Nicole,2025-01-12,Arroyo and Sons,Truck,8199,26,Wendyport,5737
390,8,yG5655,In Transit,Moorehaven,East Christine,2025-02-18,Smith-Grant,Van,3131,27,New Allison,6906
167,32,MH9196,In Transit,West Meagan,East Jamesmouth,2025-02-10,Gutierrez-Harris,Van,1181,17,Nelsonchester,8640
1344,2,Hp8573,Delayed,Karamouth,Lake Derekstad,2025-01-13,Gray-Le,Van,5538,4,North Lorimouth,3948
1357,77,At7221,In Transit,Lopezberg,North Sarahshire,2025-01-15,Henderson-Rivera,Van,2972,28,Allenside,2661
585,30,Up9304,Delivered,Port Alexandria,North Nicholasmouth,2025-02-12,"Bailey, Stevens and Jones",Van,5924,14,Laurenhaven,8677
232,53,Fo2664,In Transit,Port Lancefort,New Tracyfort,2025-01-08,Hale-Boone,Ship,5759,1,Gilberthaven,2017
836,49,vM0933,Delivered,Nathanborough,Port Craigburgh,2025-01-30,Sexton-Pierce,Truck,7265,22,South Leahburgh,1050
754,82,jk1487,In Transit,Parsonsfurt,Josephmouth,2025-01-05,Bridges Ltd,Truck,3111,23,Denisefurt,3279
179,30,dO8492,In Transit,Nicolefort,Williamsland,2025-01-01,"Bailey, Stevens and Jones",Van,5924,14,Laurenhaven,8677
1068,89,md4733,Delayed,Lake Tabitha,West Curtis,2025-01-27,"Marquez, Ray and Hernandez",Van,4776,19,Danaton,7501
709,35,lO7354,Delivered,West Richardborough,Jaystad,2025-02-16,Bender-Lee,Ship,7510,20,Richardside,6266
415,35,Pu1477,Delayed,South John,New Sharonton,2025-01-17,Bender-Lee,Ship,7510,20,Richardside,6266
561,11,FU2840,Delayed,Port Kaitlyn,Schneiderchester,2025-01-13,"Waller, Barrett and Smith",Van,9803,1,Gilberthaven,2017
1417,58,iO5766,Delivered,South Conniefort,Paulland,2025-02-11,Taylor-Lucas,Ship,4029,2,New April,9924
87,60,Ae3490,Delivered,West Gabrielhaven,Lake Mirandatown,2025-01-09,Hayes-Anderson,Van,3810,24,Knightmouth,1091
1495,1,xm0538,Delivered,Ruizton,East Brent,2025-01-04,"Martinez, Johnson and Oconnor",Ship,8109,14,Laurenhaven,8677
109,63,Ya5861,Delayed,Masonview,Medinaland,2025-01-16,"Martinez, Whitehead and Smith",Van,6684,14,Laurenhaven,8677
1229,65,kZ5625,Delivered,East Saramouth,South Regina,2025-01-21,"Graham, Barnes and Lawrence",Van,6497,13,North Randyborough,1599
1111,25,TK7810,Delivered,Websterberg,New Brittanyside,2025-02-03,"Barnes, Armstrong and Mathews",Ship,7220,26,Wendyport,5737
1142,65,KV0128,Delivered,West Jeremystad,North Crystalfort,2025-01-21,"Graham, Barnes and Lawrence",Van,6497,13,North Randyborough,1599
429,54,DE4276,In Transit,East Scott,Port Jimchester,2025-01-16,Galvan LLC,Truck,1734,25,New Michaelfort,1547
1096,12,Xn8850,Delivered,North Donaldbury,Lake Zachary,2025-02-14,Gonzales-Colon,Ship,4465,26,Wendyport,5737
49,56,BT4855,In Transit,Lake Mary,West Nicole,2025-01-03,Adams LLC,Ship,4752,2,New April,9924
1127,90,fR0997,In Transit,Andersonton,Kimberlyside,2025-02-16,Rocha PLC,Truck,2116,3,New Katrinamouth,6586
15,6,YH1404,In Transit,West Gabriellaside,South Teresaborough,2025-01-11,White-Moore,Truck,3006,24,Knightmouth,1091
1147,80,zj8843,In Transit,East Marvin,West Robert,2025-01-27,Miller-Hardy,Van,4667,4,North Lorimouth,3948
657,43,ZX6593,In Transit,Port Jessica,Port Williamside,2025-02-15,Jacobs-Grant,Ship,1119,20,Richardside,6266
1491,5,VR1283,In Transit,East Tracychester,Michellemouth,2025-01-28,Smith-Henderson,Truck,6718,14,Laurenhaven,8677
451,98,Ym2178,Delivered,Martinland,Velazquezchester,2025-01-04,Jacobson-Mann,Van,7026,14,Laurenhaven,8677
773,44,uJ5317,Delayed,Pittmanshire,Lake Kathleen,2025-02-20,Allen-Hill,Van,9214,26,Wendyport,5737
567,30,Fy4807,Delayed,East Mary,North Joseph,2025-01-23,"Bailey, Stevens and Jones",Van,5924,14,Laurenhaven,8677
528,82,HM1823,In Transit,North Amandaview,Andersonmouth,2025-02-01,Bridges Ltd,Truck,3111,23,Denisefurt,3279
901,46,AD7654,Delayed,Ericville,North Miguel,2025-01-15,May-Hayes,Ship,1488,8,Brianshire,5806
205,52,wv7854,In Transit,Port Kevin,Port Kristimouth,2025-01-16,Miller-Patel,Truck,6123,29,West Shawn,2700
559,97,uw7588,Delayed,Port Kristintown,New Carlosmouth,2025-02-15,Chen-Lopez,Truck,3532,29,West Shawn,2700
647,58,WQ6829,Delayed,Amandaburgh,East Carl,2025-02-12,Taylor-Lucas,Ship,4029,2,New April,9924
989,7,BZ0227,Delivered,Michaelton,Meganland,2025-02-09,Calderon-Miller,Van,3362,7,Cruzton,2248
1086,63,dk5709,Delivered,Davidchester,Danielport,2025-02-18,"Martinez, Whitehead and Smith",Van,6684,14,Laurenhaven,8677
370,82,QW9285,Delayed,New Daltonbury,Matthewsshire,2025-01-12,Bridges Ltd,Truck,3111,23,Denisefurt,3279
616,93,dU4207,In Transit,Port Kennethshire,Lynchfurt,2025-01-12,"Ortiz, Smith and Johnson",Ship,4718,20,Richardside,6266
1197,70,hH0850,In Transit,Burnettshire,North Bobbyborough,2025-02-16,Landry-Holt,Van,1213,6,South Teresastad,1421
89,86,uE9202,In Transit,Lake Bradleyshire,Tinabury,2025-01-22,Hughes-Perkins,Van,8239,21,North Ruth,5699
902,82,CP4820,Delayed,Lake Robert,Lake Michael,2025-01-31,Bridges Ltd,Truck,3111,23,Denisefurt,3279
458,80,Cq1727,In Transit,East Joshuaburgh,Ryantown,2025-01-22,Miller-Hardy,Van,4667,4,North Lorimouth,3948
323,27,lM4101,Delivered,Dianeview,West Michaelfort,2025-02-03,Weaver-Lopez,Ship,6823,10,East Alexandraport,4793
712,54,Ii0223,In Transit,Alexanderville,South Brandonshire,2025-02-05,Galvan LLC,Truck,1734,25,New Michaelfort,1547
60,43,xJ3557,Delivered,Lopezberg,East Meagan,2025-01-18,Jacobs-Grant,Ship,1119,20,Richardside,6266
705,52,DP3390,Delivered,North Richardland,South Lauren,2025-02-13,Miller-Patel,Truck,6123,29,West Shawn,2700
1057,8,vV8800,Delayed,Fernandoshire,Williamsmouth,2025-01-24,Smith-Grant,Van,3131,27,New Allison,6906
595,53,To7787,Delivered,Moorefurt,Brianshire,2025-02-15,Hale-Boone,Ship,5759,1,Gilberthaven,2017
851,96,ip4713,Delayed,Ashleyfurt,East Jacquelineshire,2025-01-10,Todd-Oconnor,Truck,1583,13,North Randyborough,1599
1162,36,TO3424,Delivered,Martinezburgh,Lake Jenniferberg,2025-02-03,Walker Group,Truck,1689,17,Nelsonchester,8640
28,87,bo3524,Delivered,Port Leslieburgh,Taylorfort,2025-01-13,Nolan-Roberts,Truck,2615,7,Cruzton,2248
502,49,UZ7801,Delivered,Port Hannahberg,Solisbury,2025-01-25,Sexton-Pierce,Truck,7265,22,South Leahburgh,1050
1448,22,FX5905,Delivered,South Kaitlyn,North Davidstad,2025-01-04,Kelly-Lewis,Truck,2477,5,Tuckerfort,2516
1245,77,ym9854,Delivered,Jamestown,North Gabriella,2025-01-18,Henderson-Rivera,Van,2972,28,Allenside,2661
478,2,Zj3514,Delayed,South Jason,Vanessaberg,2025-01-21,Gray-Le,Van,5538,4,North Lorimouth,3948
1063,90,Vf3202,Delayed,South Lisashire,Port Molly,2025-02-20,Rocha PLC,Truck,2116,3,New Katrinamouth,6586
900,73,RM2369,Delayed,Jeremymouth,Ethanland,2025-01-12,"Smith, Lewis and Luna",Truck,5944,14,Laurenhaven,8677
1059,51,aA0247,Delayed,Lake Jeanne,New John,2025-01-31,Johnson and Sons,Truck,3772,2,New April,9924
122,23,RK6583,Delayed,Jeffreyhaven,North Suzanne,2025-01-04,"Pollard, Walker and Arnold",Ship,4969,29,West Shawn,2700
543,23,Aw4220,In Transit,Derekborough,North James,2025-01-17,"Pollard, Walker and Arnold",Ship,4969,29,West Shawn,2700
635,76,IU8400,In Transit,Jamesmouth,South Mary,2025-01-14,Clark Group,Van,8948,18,North Tiffany,4292
615,76,jj4764,Delivered,Sanderschester,Reginaldport,2025-01-09,Clark Group,Van,8948,18,North Tiffany,4292
961,40,yw0066,In Transit,Dustinchester,Andersonfurt,2025-01-18,Moreno Inc,Truck,4241,5,Tuckerfort,2516
1003,28,dm3890,Delivered,North Ann,West Christinechester,2025-02-19,Graham PLC,Van,4355,30,Lamville,5009
486,6,yg6588,Delivered,North Stephentown,New Richard,2025-02-07,White-Moore,Truck,3006,24,Knightmouth,1091
762,29,cH2232,Delivered,Tylerchester,West Christopher,2025-02-13,Vang LLC,Ship,6365,8,Brianshire,5806
74,33,Cp8885,Delayed,Port Brandonview,South Terri,2025-01-27,Gates-Smith,Ship,2654,19,Danaton,7501
914,60,zh1608,Delivered,Garciachester,East Joseph,2025-01-30,Hayes-Anderson,Van,3810,24,Knightmouth,1091
1482,64,bM7801,In Transit,Pamelastad,West Thomas,2025-02-08,Hopkins-Patel,Truck,2654,10,East Alexandraport,4793
104,13,st7058,Delivered,North Gabrielmouth,Juliaport,2025-01-11,"Jones, Porter and Butler",Van,7419,3,New Katrinamouth,6586
874,76,fW8028,In Transit,New Jacob,Gonzalezport,2025-01-04,Clark Group,Van,8948,18,North Tiffany,4292
1012,36,lY5000,Delivered,Fletcherhaven,Port Alexandriaville,2025-01-01,Walker Group,Truck,1689,17,Nelsonchester,8640
602,24,Sd8812,In Transit,Lindaville,East Derekside,2025-01-23,Clark-Hardin,Van,2921,24,Knightmouth,1091
1234,89,iA4819,In Transit,Petersfurt,New Daniel,2025-02-15,"Marquez, Ray and Hernandez",Van,4776,19,Danaton,7501
984,82,Hi5751,Delayed,Joseberg,South Robinville,2025-01-14,Bridges Ltd,Truck,3111,23,Denisefurt,3279
387,68,Vn6845,Delayed,Kimberlyhaven,Jasonshire,2025-01-26,"Aguirre, Hatfield and Patterson",Ship,3835,15,Michaelmouth,4769
1032,59,rz8405,Delayed,Bradshawshire,Cruzhaven,2025-02-21,Byrd-Bell,Truck,4104,13,North Randyborough,1599
927,41,we0952,Delayed,Laurenfort,West Candace,2025-02-01,Mendez Group,Truck,6935,24,Knightmouth,1091
34,46,ea4478,Delivered,Port Patricia,Fosterside,2025-01-05,May-Hayes,Ship,1488,8,Brianshire,5806
543,12,Cd9406,Delivered,Derekborough,North James,2025-01-17,Gonzales-Colon,Ship,4465,26,Wendyport,5737
24,54,SF2918,Delivered,Moyerburgh,Walshfurt,2025-02-05,Galvan LLC,Truck,1734,25,New Michaelfort,1547
915,69,WJ0821,Delivered,Gonzalesmouth,Santiagoberg,2025-01-05,Bell Inc,Van,5273,18,North Tiffany,4292
726,14,UC9392,Delayed,Lisaburgh,Ballardfurt,2025-02-06,Griffith-Horne,Van,2917,22,South Leahburgh,1050
127,12,Ya1595,Delayed,Lake Markburgh,New Richard,2025-01-30,Gonzales-Colon,Ship,4465,26,Wendyport,5737
825,21,Pq1346,Delivered,Robertport,West Donna,2025-01-19,Anderson-Jennings,Ship,3849,19,Danaton,7501
514,31,QY7348,Delivered,Austinborough,Port Monica,2025-02-08,"Davis, Smith and Lee",Van,9281,25,New Michaelfort,1547
1196,62,Dn5644,Delivered,Hansenport,Lake Nicholas,2025-01-29,"Nichols, Vazquez and Sullivan",Van,1742,4,North Lorimouth,3948
1113,11,IG6480,Delivered,South Howardville,South Bruceborough,2025-01-07,"Waller, Barrett and Smith",Van,9803,1,Gilberthaven,2017
698,25,xV6003,Delivered,Evanmouth,South Cesar,2025-01-14,"Barnes, Armstrong and Mathews",Ship,7220,26,Wendyport,5737
1088,41,oC0859,Delivered,West Larry,East Kellyview,2025-02-16,Mendez Group,Truck,6935,24,Knightmouth,1091
573,1,tU7131,In Transit,Port Destiny,North Catherine,2025-01-04,"Martinez, Johnson and Oconnor",Ship,8109,14,Laurenhaven,8677
1062,22,lf1157,Delivered,Williamsview,West Jamesstad,2025-02-18,Kelly-Lewis,Truck,2477,5,Tuckerfort,2516
1461,15,La9265,In Transit,New Shari,South Tylerfurt,2025-02-22,"Smith, Watson and Schultz",Ship,9780,24,Knightmouth,1091
1175,55,LM8650,Delivered,Melissastad,Turnerberg,2025-01-12,"Chavez, Woodard and Martin",Truck,7052,21,North Ruth,5699
858,6,wX6121,Delayed,Lake Amyside,Lake Cynthia,2025-02-07,White-Moore,Truck,3006,24,Knightmouth,1091
450,82,nV3049,Delayed,West Lindaview,Richardview,2025-01-01,Bridges Ltd,Truck,3111,23,Denisefurt,3279
956,83,BW6648,Delivered,South Georgefurt,South Angela,2025-02-10,Navarro Ltd,Ship,8947,14,Laurenhaven,8677
12,37,eB6722,Delivered,Jasonhaven,Lake Michaelhaven,2025-01-08,Moore-Nguyen,Truck,7085,23,Denisefurt,3279
975,67,iu9475,Delayed,Richardberg,Williamsburgh,2025-01-22,"Hunt, Thompson and Garcia",Truck,8389,14,Laurenhaven,8677
1297,98,tF5584,Delivered,Weaverland,Karenborough,2025-01-26,Jacobson-Mann,Van,7026,14,Laurenhaven,8677
235,23,yX0197,Delivered,Thomasview,Randallshire,2025-02-20,"Pollard, Walker and Arnold",Ship,4969,29,West Shawn,2700
333,99,Uw1235,In Transit,Edwardsland,Manningmouth,2025-01-13,Arroyo and Sons,Truck,8199,26,Wendyport,5737
398,38,CP5857,Delivered,Thomaschester,Owensbury,2025-01-27,"Murphy, Hogan and Glass",Ship,6857,27,New Allison,6906
773,67,NY5079,Delayed,Pittmanshire,Lake Kathleen,2025-02-20,"Hunt, Thompson and Garcia",Truck,8389,14,Laurenhaven,8677
999,52,tD7089,Delivered,Salinashaven,Christopherbury,2025-01-19,Miller-Patel,Truck,6123,29,West Shawn,2700
863,17,wT2209,In Transit,Meganbury,Estradaside,2025-01-03,Haas-Martin,Van,6411,8,Brianshire,5806
626,50,dR9053,In Transit,Craigchester,Port Tricia,2025-01-11,"Foster, Green and Hall",Ship,4548,20,Richardside,6266
418,64,cT1781,Delivered,Atkinsonfort,Mooreton,2025-02-03,Hopkins-Patel,Truck,2654,10,East Alexandraport,4793
252,13,mD7822,In Transit,Eileenfurt,Jennifertown,2025-01-11,"Jones, Porter and Butler",Van,7419,3,New Katrinamouth,6586
381,88,BA4396,Delayed,Youngton,Lindsayborough,2025-01-25,Mays-Collier,Truck,5012,15,Michaelmouth,4769
1071,61,Bk4108,Delayed,West John,North Aprilhaven,2025-01-06,"Carrillo, Cox and Gentry",Truck,7909,7,Cruzton,2248
319,5,SH3093,In Transit,Tamaraview,East Kenneth,2025-01-04,Smith-Henderson,Truck,6718,14,Laurenhaven,8677
406,28,ns7632,Delivered,Greenside,North Markton,2025-02-14,Graham PLC,Van,4355,30,Lamville,5009
1019,41,si0235,Delayed,Jamesville,Jeffreyhaven,2025-02-16,Mendez Group,Truck,6935,24,Knightmouth,1091
1432,92,yI3807,In Transit,West Samuelside,Merrittborough,2025-02-07,"Alvarado, Robinson and Roth",Van,8601,29,West Shawn,2700
300,31,up9352,In Transit,Crawfordhaven,East Michael,2025-02-05,"Davis, Smith and Lee",Van,9281,25,New Michaelfort,1547
962,18,BQ9804,Delayed,New Kimberly,Lake Alexandra,2025-02-12,"Fisher, Murphy and Wilson",Van,3893,10,East Alexandraport,4793
381,23,Ux1518,Delayed,Youngton,Lindsayborough,2025-01-25,"Pollard, Walker and Arnold",Ship,4969,29,West Shawn,2700
196,88,da0240,Delivered,Port Emily,Holtside,2025-01-29,Mays-Collier,Truck,5012,15,Michaelmouth,4769
1044,55,Dj5789,Delayed,East Cassandrafurt,Lake Daniellefort,2025-02-18,"Chavez, Woodard and Martin",Truck,7052,21,North Ruth,5699
1192,81,nO7866,Delivered,West Miguelstad,South Danieltown,2025-02-15,"Collins, Meyer and Harris",Van,9505,3,New Katrinamouth,6586
1139,66,ZD1369,In Transit,West Kristinatown,North Scotttown,2025-01-07,Kennedy PLC,Truck,9647,5,Tuckerfort,2516
1377,55,IF8184,Delivered,Susanchester,North Alexandra,2025-02-06,"Chavez, Woodard and Martin",Truck,7052,21,North Ruth,5699
1185,4,OV0457,Delayed,Browningfurt,North John,2025-02-05,Ross LLC,Truck,1955,11,Glendamouth,8814
1189,16,uj9462,In Transit,Zimmermanview,Lopezberg,2025-01-18,Li-Park,Truck,5315,2,New April,9924
976,5,ly1347,Delivered,Rhondaborough,Lisaport,2025-01-28,Smith-Henderson,Truck,6718,14,Laurenhaven,8677
41,63,Uw6153,Delivered,North Debraburgh,Peterfurt,2025-02-08,"Martinez, Whitehead and Smith",Van,6684,14,Laurenhaven,8677
195,71,WE0438,Delayed,Port Kenneth,Port Ashleyview,2025-01-13,Allen-Smith,Ship,3646,28,Allenside,2661
520,4,iT6236,Delayed,Briggschester,Stacyton,2025-01-12,Ross LLC,Truck,1955,11,Glendamouth,8814
706,48,gY9615,Delayed,Bairdhaven,Lake Johnnytown,2025-01-05,"Noble, Alvarez and Hammond",Van,8083,19,Danaton,7501
1233,61,zP9778,Delayed,Port Amandashire,Barnestown,2025-01-02,"Carrillo, Cox and Gentry",Truck,7909,7,Cruzton,2248
711,96,Jb7898,Delivered,South Wendy,Greenhaven,2025-02-15,Todd-Oconnor,Truck,1583,13,North Randyborough,1599
1084,3,bQ9288,Delayed,Singletonhaven,Laurieport,2025-02-17,Parker PLC,Truck,8636,25,New Michaelfort,1547
1185,16,As7751,Delayed,Browningfurt,North John,2025-02-05,Li-Park,Truck,5315,2,New April,9924
2,48,vp6475,Delayed,Shepardton,West Timothyhaven,2025-02-08,"Noble, Alvarez and Hammond",Van,8083,19,Danaton,7501
901,25,DL5271,In Transit,Ericville,North Miguel,2025-01-15,"Barnes, Armstrong and Mathews",Ship,7220,26,Wendyport,5737
533,63,gX8696,Delivered,Lake William,North Davidside,2025-02-10,"Martinez, Whitehead and Smith",Van,6684,14,Laurenhaven,8677
1014,68,wc7293,In Transit,New Jennifer,South Kaylafort,2025-01-05,"Aguirre, Hatfield and Patterson",Ship,3835,15,Michaelmouth,4769
994,84,SQ9395,Delayed,Mitchellmouth,West Whitneyfurt,2025-02-18,Porter Inc,Truck,8282,13,North Randyborough,1599
34,91,QE8444,Delivered,Port Patricia,Fosterside,2025-01-05,Black-Evans,Truck,4485,23,Denisefurt,3279
355,67,Gf9819,In Transit,West Brittanychester,Millerstad,2025-02-14,"Hunt, Thompson and Garcia",Truck,8389,14,Laurenhaven,8677
298,53,aF4102,In Transit,Rogerstown,Port Tonyamouth,2025-01-31,Hale-Boone,Ship,5759,1,Gilberthaven,2017
1087,23,QG3858,Delayed,New Brandi,New Cole,2025-01-18,"Pollard, Walker and Arnold",Ship,4969,29,West Shawn,2700
966,69,sU2160,Delivered,West Connor,Port Erinland,2025-01-12,Bell Inc,Van,5273,18,North Tiffany,4292
437,30,kB2058,Delivered,Monicastad,Jerrymouth,2025-01-18,"Bailey, Stevens and Jones",Van,5924,14,Laurenhaven,8677
329,46,cV1554,Delayed,Webbfort,Andreamouth,2025-02-12,May-Hayes,Ship,1488,8,Brianshire,5806
1319,25,SL1461,Delivered,West Danielfurt,West Kelli,2025-02-05,"Barnes, Armstrong and Mathews",Ship,7220,26,Wendyport,5737
941,47,eM3283,Delivered,Maureenmouth,Morganmouth,2025-02-13,Smith-Curtis,Truck,8536,8,Brianshire,5806
1166,89,tE0861,In Transit,New Brian,West Candiceberg,2025-01-27,"Marquez, Ray and Hernandez",Van,4776,19,Danaton,7501
19,6,Fz8080,In Transit,Michaelville,Caitlinborough,2025-01-14,White-Moore,Truck,3006,24,Knightmouth,1091
466,61,SB5302,Delivered,Newmantown,Perryview,2025-02-07,"Carrillo, Cox and Gentry",Truck,7909,7,Cruzton,2248
1166,15,Bs4228,Delayed,New Brian,West Candiceberg,2025-01-27,"Smith, Watson and Schultz",Ship,9780,24,Knightmouth,1091
232,2,GY7522,Delayed,Port Lancefort,New Tracyfort,2025-01-08,Gray-Le,Van,5538,4,North Lorimouth,3948
1199,98,Qz7957,In Transit,Stoneton,East Chadville,2025-02-09,Jacobson-Mann,Van,7026,14,Laurenhaven,8677
1339,16,or9134,Delivered,Lake Michaelfort,North James,2025-02-09,Li-Park,Truck,5315,2,New April,9924
493,91,Hd8520,In Transit,Andreahaven,South Michaelside,2025-01-04,Black-Evans,Truck,4485,23,Denisefurt,3279
661,47,kQ6624,Delayed,Jefferyview,South Jenniferside,2025-02-05,Smith-Curtis,Truck,8536,8,Brianshire,5806
745,23,Ob5281,Delayed,South Kara,Lake Michaelbury,2025-02-19,"Pollard, Walker and Arnold",Ship,4969,29,West Shawn,2700
806,47,hF4708,Delayed,Davismouth,Leeview,2025-01-21,Smith-Curtis,Truck,8536,8,Brianshire,5806
1133,21,Rv0984,Delayed,Eileenport,North Catherine,2025-01-09,Anderson-Jennings,Ship,3849,19,Danaton,7501
1391,44,vw1270,Delivered,Stoneland,New Loritown,2025-01-12,Allen-Hill,Van,9214,26,Wendyport,5737
756,35,nF5875,In Transit,Scottchester,Debbieborough,2025-02-16,Bender-Lee,Ship,7510,20,Richardside,6266
107,57,iZ1887,In Transit,Milesside,Michaelborough,2025-01-01,"Wade, Bennett and Santana",Truck,8837,28,Allenside,2661
1371,49,Eu1433,Delivered,Lake Marthaborough,Phillipsmouth,2025-01-21,Sexton-Pierce,Truck,7265,22,South Leahburgh,1050
1032,70,Rp5319,Delayed,Bradshawshire,Cruzhaven,2025-02-21,Landry-Holt,Van,1213,6,South Teresastad,1421
748,61,wZ1331,Delayed,Billyview,East Briannashire,2025-02-14,"Carrillo, Cox and Gentry",Truck,7909,7,Cruzton,2248
521,16,KO3086,Delayed,Nelsonborough,North Margaret,2025-01-06,Li-Park,Truck,5315,2,New April,9924
576,24,qE3778,Delayed,Lake John,East Nicole,2025-01-12,Clark-Hardin,Van,2921,24,Knightmouth,1091
83,44,Mi4200,Delayed,Mckenziehaven,Rossland,2025-01-27,Allen-Hill,Van,9214,26,Wendyport,5737
155,66,rI0411,In Transit,South Jessicafurt,South Jill,2025-02-07,Kennedy PLC,Truck,9647,5,Tuckerfort,2516
360,99,xv1414,Delayed,North Lauraland,North Cindytown,2025-02-16,Arroyo and Sons,Truck,8199,26,Wendyport,5737
188,72,Gg8980,Delayed,Lake Willieshire,Matthewport,2025-01-12,Reed-Barnes,Truck,4203,29,West Shawn,2700
1242,84,xt0271,In Transit,Christianport,Port Bettyshire,2025-01-18,Porter Inc,Truck,8282,13,North Randyborough,1599
153,33,nC8917,In Transit,Marymouth,Josephfort,2025-01-03,Gates-Smith,Ship,2654,19,Danaton,7501
175,65,ss7945,In Transit,East Melissa,Grahammouth,2025-01-04,"Graham, Barnes and Lawrence",Van,6497,13,North Randyborough,1599
519,63,bJ2004,Delivered,Wardburgh,Tuckerhaven,2025-02-04,"Martinez, Whitehead and Smith",Van,6684,14,Laurenhaven,8677
775,72,FD0105,In Transit,New Keithberg,West Josemouth,2025-02-03,Reed-Barnes,Truck,4203,29,West Shawn,2700
70,7,qZ1248,In Transit,Sandersmouth,Nicholasside,2025-01-20,Calderon-Miller,Van,3362,7,Cruzton,2248
1451,94,KE5940,Delayed,Port Dawnland,Caseyshire,2025-01-26,"Henderson, Hanson and Middleton",Truck,8830,26,Wendyport,5737
825,33,uk0771,Delayed,Robertport,West Donna,2025-01-19,Gates-Smith,Ship,2654,19,Danaton,7501
773,30,TL7634,In Transit,Pittmanshire,Lake Kathleen,2025-02-20,"Bailey, Stevens and Jones",Van,5924,14,Laurenhaven,8677
877,49,sy2998,Delivered,Cabreratown,Davidland,2025-02-10,Sexton-Pierce,Truck,7265,22,South Leahburgh,1050
909,77,cH5476,Delayed,North Stevenshire,Pittmanton,2025-01-08,Henderson-Rivera,Van,2972,28,Allenside,2661
267,73,WD6950,Delivered,Andrewside,Jessicaburgh,2025-01-19,"Smith, Lewis and Luna",Truck,5944,14,Laurenhaven,8677
980,17,GT2366,Delayed,Port Daniellemouth,North Nathanview,2025-01-01,Haas-Martin,Van,6411,8,Brianshire,5806
420,96,AF7174,In Transit,Elizabethton,East Donna,2025-01-22,Todd-Oconnor,Truck,1583,13,North Randyborough,1599
1045,92,Em8072,Delayed,North Dawnberg,North William,2025-01-17,"Alvarado, Robinson and Roth",Van,8601,29,West Shawn,2700
737,3,HX2286,Delivered,Ashleyville,Jimenezton,2025-01-20,Parker PLC,Truck,8636,25,New Michaelfort,1547
584,1,Ah6930,Delivered,South Johnton,South Madisonland,2025-01-26,"Martinez, Johnson and Oconnor",Ship,8109,14,Laurenhaven,8677
365,42,qJ4981,In Transit,Crystalton,Port Jamesfort,2025-01-13,Ford-Swanson,Truck,9843,19,Danaton,7501
925,71,Ia8772,Delivered,Brittanystad,Port Amy,2025-02-13,Allen-Smith,Ship,3646,28,Allenside,2661
467,81,Of5767,In Transit,East Cheryl,New Ryanville,2025-02-17,"Collins, Meyer and Harris",Van,9505,3,New Katrinamouth,6586
123,19,ZW7294,Delivered,North Cheyenneton,Richardsville,2025-02-01,"Smith, Barnes and Ramsey",Truck,1136,30,Lamville,5009
523,91,Nn3205,Delayed,Port William,North Joshua,2025-01-29,Black-Evans,Truck,4485,23,Denisefurt,3279
808,77,YI3997,In Transit,North Michaeltown,Port Alisonfort,2025-01-09,Henderson-Rivera,Van,2972,28,Allenside,2661
1157,94,XX9618,In Transit,New Stephenland,Lake Davidport,2025-01-29,"Henderson, Hanson and Middleton",Truck,8830,26,Wendyport,5737
693,40,YC6116,In Transit,Lake Brian,Reynoldsberg,2025-02-12,Moreno Inc,Truck,4241,5,Tuckerfort,2516
548,98,aG7722,Delivered,Dennisland,Bethchester,2025-02-18,Jacobson-Mann,Van,7026,14,Laurenhaven,8677
921,60,xu3602,Delayed,Martintown,Jasonton,2025-01-19,Hayes-Anderson,Van,3810,24,Knightmouth,1091
596,67,ki4494,Delivered,Lake Stacey,West Bethany,2025-02-19,"Hunt, Thompson and Garcia",Truck,8389,14,Laurenhaven,8677
104,57,TB5907,Delivered,North Gabrielmouth,Juliaport,2025-01-11,"Wade, Bennett and Santana",Truck,8837,28,Allenside,2661
593,30,yi8107,In Transit,North Susanbury,Humphreybury,2025-01-30,"Bailey, Stevens and Jones",Van,5924,14,Laurenhaven,8677
1274,52,Wv2629,Delivered,East Gregoryshire,Normanbury,2025-01-30,Miller-Patel,Truck,6123,29,West Shawn,2700
978,52,XB0606,Delivered,Arnoldborough,South Sarahchester,2025-01-16,Miller-Patel,Truck,6123,29,West Shawn,2700
610,57,CK1969,Delayed,Smallmouth,Pageborough,2025-02-08,"Wade, Bennett and Santana",Truck,8837,28,Allenside,2661
116,41,iw8882,Delivered,Crosbyborough,Arnoldberg,2025-01-09,Mendez Group,Truck,6935,24,Knightmouth,1091
1143,55,Lw4547,Delayed,Melissafurt,East Ericbury,2025-01-02,"Chavez, Woodard and Martin",Truck,7052,21,North Ruth,5699
243,70,XI7738,Delivered,Lake Denisefort,Goodmanport,2025-01-15,Landry-Holt,Van,1213,6,South Teresastad,1421
990,38,Ys2655,Delivered,Port Danielfurt,Wilsonmouth,2025-01-31,"Murphy, Hogan and Glass",Ship,6857,27,New Allison,6906
228,70,QY6944,Delayed,Port Louis,Kennethchester,2025-01-18,Landry-Holt,Van,1213,6,South Teresastad,1421
177,28,IS3081,Delivered,Theresaton,New Kimberly,2025-02-20,Graham PLC,Van,4355,30,Lamville,5009
468,41,jX7916,Delayed,Martinezport,Port Cory,2025-02-20,Mendez Group,Truck,6935,24,Knightmouth,1091
1098,45,NK4499,Delayed,Annechester,Joshuaview,2025-01-22,Howard Inc,Ship,4232,27,New Allison,6906
910,36,xG7951,In Transit,Jeremiahmouth,Randychester,2025-02-18,Walker Group,Truck,1689,17,Nelsonchester,8640
1307,84,PA4556,In Transit,Port Jacob,Lake Karen,2025-01-12,Porter Inc,Truck,8282,13,North Randyborough,1599
591,19,Sl0799,Delayed,Gibsonport,Port Alyssaview,2025-01-03,"Smith, Barnes and Ramsey",Truck,1136,30,Lamville,5009
867,61,ay5364,In Transit,Tonyaville,Thomastown,2025-01-14,"Carrillo, Cox and Gentry",Truck,7909,7,Cruzton,2248
144,68,XX9913,Delivered,East Shaunfurt,Hendersonshire,2025-02-17,"Aguirre, Hatfield and Patterson",Ship,3835,15,Michaelmouth,4769
129,17,kz2661,Delivered,Lesterfurt,Danielport,2025-01-29,Haas-Martin,Van,6411,8,Brianshire,5806
1047,7,mM2090,Delivered,North Gregory,East Michaelshire,2025-02-01,Calderon-Miller,Van,3362,7,Cruzton,2248
914,26,cR7625,In Transit,Garciachester,East Joseph,2025-01-30,Tanner LLC,Ship,7088,12,Leeland,9997
1404,21,VY5479,Delivered,Kramerville,Leland,2025-01-04,Anderson-Jennings,Ship,3849,19,Danaton,7501
1265,44,DP4633,Delivered,New Richardborough,Danachester,2025-01-11,Allen-Hill,Van,9214,26,Wendyport,5737
415,60,ms0160,Delivered,South John,New Sharonton,2025-01-17,Hayes-Anderson,Van,3810,24,Knightmouth,1091
769,45,Mx9840,Delayed,South Kellyburgh,Marktown,2025-01-13,Howard Inc,Ship,4232,27,New Allison,6906
949,58,oC6375,Delivered,East Jennifer,South Bradleyview,2025-01-31,Taylor-Lucas,Ship,4029,2,New April,9924
641,52,Ga3064,Delayed,South Erikview,Wardhaven,2025-02-11,Miller-Patel,Truck,6123,29,West Shawn,2700
76,70,xM6325,In Transit,South Judy,East Kayla,2025-02-07,Landry-Holt,Van,1213,6,South Teresastad,1421
891,36,io7317,Delivered,Millerland,Port Arthurtown,2025-02-19,Walker Group,Truck,1689,17,Nelsonchester,8640
1485,35,RW7668,Delivered,South Thomasshire,Brianfort,2025-01-17,Bender-Lee,Ship,7510,20,Richardside,6266
1196,57,dT2529,In Transit,Hansenport,Lake Nicholas,2025-01-29,"Wade, Bennett and Santana",Truck,8837,28,Allenside,2661
932,10,tY2544,Delayed,Cortezview,South Chrisfort,2025-02-15,"Ortiz, Vargas and Johnson",Truck,2472,12,Leeland,9997
122,49,vO3503,In Transit,Jeffreyhaven,North Suzanne,2025-01-04,Sexton-Pierce,Truck,7265,22,South Leahburgh,1050
149,2,gI1045,Delivered,Jameshaven,Port Kelly,2025-02-09,Gray-Le,Van,5538,4,North Lorimouth,3948
944,9,yy4027,Delayed,Mathiston,Dianechester,2025-02-07,"Patterson, Benton and Garcia",Truck,7841,10,East Alexandraport,4793
871,11,Zg6995,Delayed,North Barbarastad,Andersonmouth,2025-01-27,"Waller, Barrett and Smith",Van,9803,1,Gilberthaven,2017
719,37,qg4393,In Transit,West Debra,Port Shawnaberg,2025-02-08,Moore-Nguyen,Truck,7085,23,Denisefurt,3279
512,25,Km3159,In Transit,South Lindaview,Campbellside,2025-02-20,"Barnes, Armstrong and Mathews",Ship,7220,26,Wendyport,5737
1171,46,ZL6612,Delayed,Port Johnton,East Kelly,2025-02-02,May-Hayes,Ship,1488,8,Brianshire,5806
1499,96,aQ7557,In Transit,Port Tylerland,New Jonathonmouth,2025-01-16,Todd-Oconnor,Truck,1583,13,North Randyborough,1599
770,9,Kh1161,In Transit,New Zacharychester,Portermouth,2025-02-11,"Patterson, Benton and Garcia",Truck,7841,10,East Alexandraport,4793
247,77,DF8998,Delayed,Port Karen,Gouldview,2025-02-22,Henderson-Rivera,Van,2972,28,Allenside,2661
1362,85,zH6900,Delayed,Jameschester,North Ashleymouth,2025-01-09,Dickerson-Navarro,Van,1156,18,North Tiffany,4292
1428,15,GB8681,In Transit,Lake Yolandaport,West Johnmouth,2025-01-18,"Smith, Watson and Schultz",Ship,9780,24,Knightmouth,1091
326,19,gb9935,In Transit,Campbellberg,Olsonville,2025-01-04,"Smith, Barnes and Ramsey",Truck,1136,30,Lamville,5009
257,37,fH0792,Delayed,Gardnerchester,West James,2025-02-07,Moore-Nguyen,Truck,7085,23,Denisefurt,3279
1107,66,Zx5062,Delayed,Andrewsville,Port John,2025-02-11,Kennedy PLC,Truck,9647,5,Tuckerfort,2516
945,85,oM0425,Delayed,Lake Sandrahaven,New Amberfort,2025-01-30,Dickerson-Navarro,Van,1156,18,North Tiffany,4292
1215,56,Od7182,Delayed,Smithton,Paulachester,2025-01-27,Adams LLC,Ship,4752,2,New April,9924
93,100,bD7316,Delivered,Port Sergiochester,Priscillashire,2025-01-07,"Hardy, Harris and Lewis",Van,6451,2,New April,9924
900,32,XM4530,In Transit,Jeremymouth,Ethanland,2025-01-12,Gutierrez-Harris,Van,1181,17,Nelsonchester,8640
1207,77,bW9296,In Transit,Lake Ashlee,Toddshire,2025-01-20,Henderson-Rivera,Van,2972,28,Allenside,2661
860,69,Mn3724,In Transit,Port Joshua,Beasleyport,2025-01-01,Bell Inc,Van,5273,18,North Tiffany,4292
1375,35,IU2354,Delayed,Christopherstad,North Roy,2025-02-03,Bender-Lee,Ship,7510,20,Richardside,6266
646,43,sR5040,Delivered,Hensleymouth,Lake Briannaland,2025-01-19,Jacobs-Grant,Ship,1119,20,Richardside,6266
1497,72,tr1360,Delivered,South Christopher,Austinburgh,2025-01-02,Reed-Barnes,Truck,4203,29,West Shawn,2700
1223,37,wQ7149,Delivered,Holmesport,Sallyhaven,2025-01-29,Moore-Nguyen,Truck,7085,23,Denisefurt,3279
360,84,zA6673,Delivered,North Lauraland,North Cindytown,2025-02-16,Porter Inc,Truck,8282,13,North Randyborough,1599
24,10,IU2732,Delayed,Moyerburgh,Walshfurt,2025-02-05,"Ortiz, Vargas and Johnson",Truck,2472,12,Leeland,9997
641,77,DL1435,Delayed,South Erikview,Wardhaven,2025-02-11,Henderson-Rivera,Van,2972,28,Allenside,2661
281,64,Kc8155,Delivered,Lake Kimberly,Santiagoburgh,2025-01-21,Hopkins-Patel,Truck,2654,10,East Alexandraport,4793
1456,28,hO4158,In Transit,Paulaport,West Jordanchester,2025-01-10,Graham PLC,Van,4355,30,Lamville,5009
281,79,OD6116,In Transit,Lake Kimberly,Santiagoburgh,2025-01-21,"Wade, Williams and Clark",Van,8274,7,Cruzton,2248
1004,62,km5155,Delayed,Port Veronica,Hunterport,2025-01-28,"Nichols, Vazquez and Sullivan",Van,1742,4,North Lorimouth,3948
1195,47,JH3814,Delayed,Johnsonland,Alvaradoborough,2025-01-09,Smith-Curtis,Truck,8536,8,Brianshire,5806
614,99,rP2066,Delivered,Belltown,Adamsfurt,2025-01-31,Arroyo and Sons,Truck,8199,26,Wendyport,5737
69,5,Ce8162,In Transit,Griffinton,Petersonview,2025-02-04,Smith-Henderson,Truck,6718,14,Laurenhaven,8677
1283,89,pR0061,In Transit,Thompsontown,Brandonmouth,2025-01-13,"Marquez, Ray and Hernandez",Van,4776,19,Danaton,7501
1144,72,sN2190,Delayed,New Thomas,Port Jessica,2025-01-03,Reed-Barnes,Truck,4203,29,West Shawn,2700
630,28,jz5551,In Transit,Willischester,Thomasbury,2025-01-23,Graham PLC,Van,4355,30,Lamville,5009
1069,22,hr6801,Delivered,New Samanthastad,West Carolynbury,2025-02-17,Kelly-Lewis,Truck,2477,5,Tuckerfort,2516
533,96,Gr4729,In Transit,Lake William,North Davidside,2025-02-10,Todd-Oconnor,Truck,1583,13,North Randyborough,1599
748,48,YU3292,Delayed,Billyview,East Briannashire,2025-02-14,"Noble, Alvarez and Hammond",Van,8083,19,Danaton,7501
862,49,qq3170,Delivered,Lake Erikside,Lake Williamhaven,2025-02-14,Sexton-Pierce,Truck,7265,22,South Leahburgh,1050
1013,42,GU9541,In Transit,East Katherine,Mendozaburgh,2025-02-02,Ford-Swanson,Truck,9843,19,Danaton,7501
1072,82,aY5757,Delivered,South Alisonview,West Roger,2025-02-11,Bridges Ltd,Truck,3111,23,Denisefurt,3279
191,11,GM3665,Delayed,Carolshire,Susanbury,2025-01-27,"Waller, Barrett and Smith",Van,9803,1,Gilberthaven,2017
505,59,Wn8952,In Transit,North Sharonton,North Omar,2025-01-02,Byrd-Bell,Truck,4104,13,North Randyborough,1599
308,20,MF9064,In Transit,Blackmouth,Charlestown,2025-01-03,"Garcia, Spears and Thompson",Ship,8037,17,Nelsonchester,8640
697,15,zE1461,Delivered,Pacemouth,North Tinatown,2025-01-12,"Smith, Watson and Schultz",Ship,9780,24,Knightmouth,1091
59,100,OW2297,Delivered,Diazmouth,Lake Patrickside,2025-01-03,"Hardy, Harris and Lewis",Van,6451,2,New April,9924
1300,92,EU1106,In Transit,Lake Sophiatown,North Theresa,2025-01-08,"Alvarado, Robinson and Roth",Van,8601,29,West Shawn,2700
477,5,PK3889,Delayed,New Nicolemouth,Williambury,2025-01-12,Smith-Henderson,Truck,6718,14,Laurenhaven,8677
703,11,uS4292,In Transit,Port Anthony,Campbellmouth,2025-01-24,"Waller, Barrett and Smith",Van,9803,1,Gilberthaven,2017
644,8,gE6697,Delayed,South Linda,East Jennifer,2025-01-21,Smith-Grant,Van,3131,27,New Allison,6906
603,39,lJ1904,Delayed,Hubbardborough,South Mary,2025-01-08,Allen LLC,Ship,6855,13,North Randyborough,1599
841,16,St0965,In Transit,North Jorgeberg,Williamsbury,2025-02-20,Li-Park,Truck,5315,2,New April,9924
159,4,XT5375,Delivered,North Vanessaport,Barronmouth,2025-02-07,Ross LLC,Truck,1955,11,Glendamouth,8814
958,52,xs0300,Delivered,Cindyton,Port Pamela,2025-01-16,Miller-Patel,Truck,6123,29,West Shawn,2700
181,64,UL7724,Delayed,Waltersshire,Lake Bryceside,2025-02-21,Hopkins-Patel,Truck,2654,10,East Alexandraport,4793
19,33,Fb7048,Delayed,Michaelville,Caitlinborough,2025-01-14,Gates-Smith,Ship,2654,19,Danaton,7501
1119,44,qp8667,In Transit,Brendafort,Kathrynland,2025-02-06,Allen-Hill,Van,9214,26,Wendyport,5737
1171,80,lV5669,In Transit,Port Johnton,East Kelly,2025-02-02,Miller-Hardy,Van,4667,4,North Lorimouth,3948
1164,31,kg9789,In Transit,North Jacquelinemouth,Port Christine,2025-01-28,"Davis, Smith and Lee",Van,9281,25,New Michaelfort,1547
1073,23,ge2884,Delivered,New Regina,East Patricia,2025-02-18,"Pollard, Walker and Arnold",Ship,4969,29,West Shawn,2700
482,100,dV5308,Delivered,West Haley,West Lindseyfort,2025-01-07,"Hardy, Harris and Lewis",Van,6451,2,New April,9924
1343,50,RV0561,In Transit,Rodriguezfurt,Brianberg,2025-01-12,"Foster, Green and Hall",Ship,4548,20,Richardside,6266
1088,52,en4909,Delivered,West Larry,East Kellyview,2025-02-16,Miller-Patel,Truck,6123,29,West Shawn,2700
1233,87,RZ0841,Delivered,Port Amandashire,Barnestown,2025-01-02,Nolan-Roberts,Truck,2615,7,Cruzton,2248
1337,20,FV5169,Delayed,Mcknightchester,Ponceburgh,2025-01-13,"Garcia, Spears and Thompson",Ship,8037,17,Nelsonchester,8640
240,20,mY3286,In Transit,West Jennifer,East Margaretville,2025-02-09,"Garcia, Spears and Thompson",Ship,8037,17,Nelsonchester,8640
476,23,wT3750,In Transit,Port Andrewbury,Smithfurt,2025-01-23,"Pollard, Walker and Arnold",Ship,4969,29,West Shawn,2700
316,40,JM0066,In Transit,Jonesport,Lake Emilyfurt,2025-02-07,Moreno Inc,Truck,4241,5,Tuckerfort,2516
147,10,hf5804,Delivered,Dianashire,Dianashire,2025-01-17,"Ortiz, Vargas and Johnson",Truck,2472,12,Leeland,9997
271,99,JU5266,Delivered,Lisachester,Lake Ashleyton,2025-01-11,Arroyo and Sons,Truck,8199,26,Wendyport,5737
43,86,Sm2558,Delayed,Lake Laurachester,Heatherport,2025-02-11,Hughes-Perkins,Van,8239,21,North Ruth,5699
261,35,Nj3416,Delayed,Lake Michael,Michaelchester,2025-01-09,Bender-Lee,Ship,7510,20,Richardside,6266
1135,48,Ja2144,Delivered,New Christopherberg,Lake Kimberly,2025-02-08,"Noble, Alvarez and Hammond",Van,8083,19,Danaton,7501
1246,61,sQ4078,Delivered,West Brandichester,East Eric,2025-02-01,"Carrillo, Cox and Gentry",Truck,7909,7,Cruzton,2248
496,46,xn6076,In Transit,Lewishaven,Deniseberg,2025-01-26,May-Hayes,Ship,1488,8,Brianshire,5806
121,39,zO1350,Delivered,Johnsonfurt,South Richard,2025-01-05,Allen LLC,Ship,6855,13,North Randyborough,1599
121,62,Rq7257,In Transit,Johnsonfurt,South Richard,2025-01-05,"Nichols, Vazquez and Sullivan",Van,1742,4,North Lorimouth,3948
271,17,lH0278,Delivered,Lisachester,Lake Ashleyton,2025-01-11,Haas-Martin,Van,6411,8,Brianshire,5806
1316,97,hD5365,Delivered,Johnsonhaven,Lake Daniel,2025-01-23,Chen-Lopez,Truck,3532,29,West Shawn,2700
21,87,dq2930,Delivered,Bakerfort,West Brianna,2025-01-31,Nolan-Roberts,Truck,2615,7,Cruzton,2248
784,76,iP6480,In Transit,Shawnhaven,Shawhaven,2025-02-16,Clark Group,Van,8948,18,North Tiffany,4292
871,26,id3764,Delayed,North Barbarastad,Andersonmouth,2025-01-27,Tanner LLC,Ship,7088,12,Leeland,9997
825,81,bI5159,Delayed,Robertport,West Donna,2025-01-19,"Collins, Meyer and Harris",Van,9505,3,New Katrinamouth,6586
730,3,lc8005,Delivered,Sheltonstad,Jacobville,2025-02-14,Parker PLC,Truck,8636,25,New Michaelfort,1547
964,2,lx9391,Delivered,North Angelaton,North Andrew,2025-02-18,Gray-Le,Van,5538,4,North Lorimouth,3948
1108,88,wM5605,Delayed,Millerland,Port Carolyn,2025-01-03,Mays-Collier,Truck,5012,15,Michaelmouth,4769
1,78,zZ2766,Delivered,Port Thomas,Molinashire,2025-02-19,Keith-Woods,Ship,9186,25,New Michaelfort,1547
1324,14,aR3548,Delayed,Jamestown,Grahamchester,2025-02-12,Griffith-Horne,Van,2917,22,South Leahburgh,1050
1111,55,QO3703,Delivered,Websterberg,New Brittanyside,2025-02-03,"Chavez, Woodard and Martin",Truck,7052,21,North Ruth,5699
805,14,Go4531,Delayed,Davismouth,Port Carolyn,2025-01-19,Griffith-Horne,Van,2917,22,South Leahburgh,1050
401,24,mS7092,Delayed,Ericaland,Port Kaitlyn,2025-01-22,Clark-Hardin,Van,2921,24,Knightmouth,1091
28,5,nb5298,Delayed,Port Leslieburgh,Taylorfort,2025-01-13,Smith-Henderson,Truck,6718,14,Laurenhaven,8677
603,32,Fr1268,Delayed,Hubbardborough,South Mary,2025-01-08,Gutierrez-Harris,Van,1181,17,Nelsonchester,8640
1230,85,Zp6459,Delivered,Williamsside,Scottborough,2025-02-02,Dickerson-Navarro,Van,1156,18,North Tiffany,4292
1066,28,hE2314,Delivered,North Wanda,Mooretown,2025-02-15,Graham PLC,Van,4355,30,Lamville,5009
1242,96,Ew2773,In Transit,Christianport,Port Bettyshire,2025-01-18,Todd-Oconnor,Truck,1583,13,North Randyborough,1599
906,92,mx0881,Delivered,East Anthony,Andersonfurt,2025-01-19,"Alvarado, Robinson and Roth",Van,8601,29,West Shawn,2700
520,60,xn4122,Delayed,Briggschester,Stacyton,2025-01-12,Hayes-Anderson,Van,3810,24,Knightmouth,1091
222,53,Vg6392,Delivered,Micheleview,West Austinport,2025-01-12,Hale-Boone,Ship,5759,1,Gilberthaven,2017
738,49,lY4487,Delayed,East Chelsea,West Dianaburgh,2025-02-03,Sexton-Pierce,Truck,7265,22,South Leahburgh,1050
1485,83,Jx0669,Delayed,South Thomasshire,Brianfort,2025-01-17,Navarro Ltd,Ship,8947,14,Laurenhaven,8677
1194,52,Aa6664,Delivered,Amandastad,New Davidmouth,2025-01-12,Miller-Patel,Truck,6123,29,West Shawn,2700
896,78,mb6521,Delayed,Travismouth,West Steven,2025-01-29,Keith-Woods,Ship,9186,25,New Michaelfort,1547
924,5,Ja9916,Delivered,North Anthony,North Savannah,2025-02-07,Smith-Henderson,Truck,6718,14,Laurenhaven,8677
587,97,wy4889,Delayed,Wagnerton,Brentport,2025-02-01,Chen-Lopez,Truck,3532,29,West Shawn,2700
388,78,sH3954,Delivered,South Jamesside,North Joseph,2025-01-28,Keith-Woods,Ship,9186,25,New Michaelfort,1547
20,23,Fh4616,In Transit,New Joshua,Christymouth,2025-02-05,"Pollard, Walker and Arnold",Ship,4969,29,West Shawn,2700
4,23,Xd4665,In Transit,Jamiefort,East Jamie,2025-01-05,"Pollard, Walker and Arnold",Ship,4969,29,West Shawn,2700
740,53,zv1845,In Transit,Markton,East Karatown,2025-02-04,Hale-Boone,Ship,5759,1,Gilberthaven,2017
1200,53,Wa0441,Delivered,West Jenniferland,Elizabethport,2025-02-10,Hale-Boone,Ship,5759,1,Gilberthaven,2017
555,4,wt2362,In Transit,Andrewmouth,Lake April,2025-01-08,Ross LLC,Truck,1955,11,Glendamouth,8814
569,33,Wp9674,Delivered,Markhaven,Wattsburgh,2025-02-04,Gates-Smith,Ship,2654,19,Danaton,7501
537,89,za3936,Delivered,East Rachael,Spencerberg,2025-01-28,"Marquez, Ray and Hernandez",Van,4776,19,Danaton,7501
622,9,TG8372,In Transit,West Ryanside,Michaelstad,2025-02-17,"Patterson, Benton and Garcia",Truck,7841,10,East Alexandraport,4793
290,84,vJ9635,Delayed,Lake Charles,West Donna,2025-02-18,Porter Inc,Truck,8282,13,North Randyborough,1599
818,42,WT9918,In Transit,East Melissa,Williamsview,2025-02-09,Ford-Swanson,Truck,9843,19,Danaton,7501
66,41,iv1438,Delayed,Edwardhaven,North Vanessaberg,2025-01-09,Mendez Group,Truck,6935,24,Knightmouth,1091
277,35,cK2362,Delivered,Lake Lynn,Jacksonburgh,2025-01-02,Bender-Lee,Ship,7510,20,Richardside,6266
1107,56,qD0591,In Transit,Andrewsville,Port John,2025-02-11,Adams LLC,Ship,4752,2,New April,9924
652,9,tq4880,Delayed,Pamelaborough,Deleontown,2025-02-01,"Patterson, Benton and Garcia",Truck,7841,10,East Alexandraport,4793
973,78,oz2933,Delayed,South Ericamouth,Johnstonland,2025-01-11,Keith-Woods,Ship,9186,25,New Michaelfort,1547
599,77,Sp9514,Delayed,West Marioside,Smithton,2025-01-12,Henderson-Rivera,Van,2972,28,Allenside,2661
691,22,ss6615,Delayed,Wardborough,West Kimberly,2025-02-13,Kelly-Lewis,Truck,2477,5,Tuckerfort,2516
1220,29,Lw7585,In Transit,Kelleymouth,Danastad,2025-01-28,Vang LLC,Ship,6365,8,Brianshire,5806
28,4,ks7718,Delayed,Port Leslieburgh,Taylorfort,2025-01-13,Ross LLC,Truck,1955,11,Glendamouth,8814
1447,3,Hd2835,Delivered,East Dianatown,New Walterland,2025-01-18,Parker PLC,Truck,8636,25,New Michaelfort,1547
1029,96,AS1728,Delayed,New Mitchellport,Smithfort,2025-01-15,Todd-Oconnor,Truck,1583,13,North Randyborough,1599
595,48,dg5010,Delayed,Moorefurt,Brianshire,2025-02-15,"Noble, Alvarez and Hammond",Van,8083,19,Danaton,7501
320,96,IB8982,Delivered,Selenafurt,North Anthonyside,2025-01-31,Todd-Oconnor,Truck,1583,13,North Randyborough,1599
983,76,Ao5361,Delivered,Joannatown,West Kaylashire,2025-02-09,Clark Group,Van,8948,18,North Tiffany,4292
348,54,Bb0699,Delivered,Lake Davidfurt,Port Erika,2025-01-03,Galvan LLC,Truck,1734,25,New Michaelfort,1547
1362,36,wI5307,In Transit,Jameschester,North Ashleymouth,2025-01-09,Walker Group,Truck,1689,17,Nelsonchester,8640
63,31,hM9125,In Transit,Richardland,Aguirreland,2025-02-18,"Davis, Smith and Lee",Van,9281,25,New Michaelfort,1547
1143,24,da6732,In Transit,Melissafurt,East Ericbury,2025-01-02,Clark-Hardin,Van,2921,24,Knightmouth,1091
276,26,pK7829,In Transit,West Biancaport,Branchland,2025-01-02,Tanner LLC,Ship,7088,12,Leeland,9997
232,41,uM0725,Delivered,Port Lancefort,New Tracyfort,2025-01-08,Mendez Group,Truck,6935,24,Knightmouth,1091
1111,84,TC5689,Delivered,Websterberg,New Brittanyside,2025-02-03,Porter Inc,Truck,8282,13,North Randyborough,1599
389,23,lv8080,Delayed,Laurieburgh,South Charles,2025-01-31,"Pollard, Walker and Arnold",Ship,4969,29,West Shawn,2700
591,62,Fc2748,In Transit,Gibsonport,Port Alyssaview,2025-01-03,"Nichols, Vazquez and Sullivan",Van,1742,4,North Lorimouth,3948
831,75,NX1573,Delayed,West Brooketown,Amberchester,2025-02-04,Brock Ltd,Truck,8196,11,Glendamouth,8814
1224,90,VX3038,Delivered,New Johnstad,East Dakotaton,2025-01-22,Rocha PLC,Truck,2116,3,New Katrinamouth,6586
982,21,EM1301,Delivered,Carlport,Lake Christopher,2025-01-13,Anderson-Jennings,Ship,3849,19,Danaton,7501
549,91,tD1700,In Transit,Hayeston,West Terrenceview,2025-02-08,Black-Evans,Truck,4485,23,Denisefurt,3279
900,32,vx5242,Delivered,Jeremymouth,Ethanland,2025-01-12,Gutierrez-Harris,Van,1181,17,Nelsonchester,8640
969,16,Kv0514,In Transit,Port Bradleyport,Laurenbury,2025-01-14,Li-Park,Truck,5315,2,New April,9924
33,68,sb0449,Delayed,Kennethbury,Poolemouth,2025-01-31,"Aguirre, Hatfield and Patterson",Ship,3835,15,Michaelmouth,4769
1185,92,te2730,In Transit,Browningfurt,North John,2025-02-05,"Alvarado, Robinson and Roth",Van,8601,29,West Shawn,2700
551,42,Am2244,Delivered,North James,Cameronport,2025-01-13,Ford-Swanson,Truck,9843,19,Danaton,7501
420,69,PF2410,Delivered,Elizabethton,East Donna,2025-01-22,Bell Inc,Van,5273,18,North Tiffany,4292
269,12,Xm6255,Delayed,New Tamaraland,East Lisa,2025-01-19,Gonzales-Colon,Ship,4465,26,Wendyport,5737
1263,48,em0247,Delivered,Lake Mary,Smithchester,2025-01-21,"Noble, Alvarez and Hammond",Van,8083,19,Danaton,7501
1209,2,eX5822,Delayed,New Cynthialand,West Philip,2025-02-07,Gray-Le,Van,5538,4,North Lorimouth,3948
975,88,yj3648,Delivered,Richardberg,Williamsburgh,2025-01-22,Mays-Collier,Truck,5012,15,Michaelmouth,4769
1354,26,mB7532,In Transit,Mcintoshburgh,Loriberg,2025-02-16,Tanner LLC,Ship,7088,12,Leeland,9997
805,30,jd8939,Delayed,Davismouth,Port Carolyn,2025-01-19,"Bailey, Stevens and Jones",Van,5924,14,Laurenhaven,8677
520,44,rD2775,Delayed,Briggschester,Stacyton,2025-01-12,Allen-Hill,Van,9214,26,Wendyport,5737
1094,13,JC7620,Delivered,South Jamesfort,West Daniel,2025-01-06,"Jones, Porter and Butler",Van,7419,3,New Katrinamouth,6586
896,44,vv8031,Delivered,Travismouth,West Steven,2025-01-29,Allen-Hill,Van,9214,26,Wendyport,5737
587,83,Qj0826,Delivered,Wagnerton,Brentport,2025-02-01,Navarro Ltd,Ship,8947,14,Laurenhaven,8677
252,72,iC7092,Delivered,Eileenfurt,Jennifertown,2025-01-11,Reed-Barnes,Truck,4203,29,West Shawn,2700
224,6,zx1233,In Transit,West Mariahtown,New Donna,2025-02-12,White-Moore,Truck,3006,24,Knightmouth,1091
455,31,XI9101,Delayed,Rileyhaven,Michellemouth,2025-01-02,"Davis, Smith and Lee",Van,9281,25,New Michaelfort,1547
1258,21,oy4616,Delayed,Gibsonview,Weeksmouth,2025-02-06,Anderson-Jennings,Ship,3849,19,Danaton,7501
62,33,cE3439,Delayed,West Anne,Robertstown,2025-02-15,Gates-Smith,Ship,2654,19,Danaton,7501
289,1,Lh0903,Delivered,Port William,North Dianaville,2025-01-14,"Martinez, Johnson and Oconnor",Ship,8109,14,Laurenhaven,8677
29,6,be6266,In Transit,Lake Williamland,Jamesland,2025-02-11,White-Moore,Truck,3006,24,Knightmouth,1091
490,49,gU2081,In Transit,West Kathleenport,Munozbury,2025-01-23,Sexton-Pierce,Truck,7265,22,South Leahburgh,1050
1153,39,Xm2138,Delayed,Spearstown,Brockbury,2025-01-17,Allen LLC,Ship,6855,13,North Randyborough,1599
563,36,kp4012,Delayed,Ramirezshire,Brittanymouth,2025-01-09,Walker Group,Truck,1689,17,Nelsonchester,8640
607,86,Cw5706,In Transit,North Dawn,Henryville,2025-02-08,Hughes-Perkins,Van,8239,21,North Ruth,5699
53,54,Lk1809,Delayed,Wilsonshire,Port Allen,2025-01-24,Galvan LLC,Truck,1734,25,New Michaelfort,1547
176,79,uw4310,In Transit,Douglashaven,West Nicole,2025-01-12,"Wade, Williams and Clark",Van,8274,7,Cruzton,2248
880,2,zt7089,In Transit,Mcculloughburgh,Port Robert,2025-01-10,Gray-Le,Van,5538,4,North Lorimouth,3948
897,94,HF1885,In Transit,West Deborahview,Tylerland,2025-01-29,"Henderson, Hanson and Middleton",Truck,8830,26,Wendyport,5737
119,56,wV2327,In Transit,Claytonview,East Kristy,2025-01-15,Adams LLC,Ship,4752,2,New April,9924
110,60,ms6423,Delivered,Cameronside,East Marystad,2025-01-16,Hayes-Anderson,Van,3810,24,Knightmouth,1091
626,91,dD2646,In Transit,Craigchester,Port Tricia,2025-01-11,Black-Evans,Truck,4485,23,Denisefurt,3279
1030,63,wj3225,Delivered,Port Justinbury,South Suzanne,2025-02-16,"Martinez, Whitehead and Smith",Van,6684,14,Laurenhaven,8677
418,37,ZO4623,Delayed,Atkinsonfort,Mooreton,2025-02-03,Moore-Nguyen,Truck,7085,23,Denisefurt,3279
968,82,Rl4429,Delivered,West Kaitlin,Lorimouth,2025-01-16,Bridges Ltd,Truck,3111,23,Denisefurt,3279
1065,77,ch7393,Delayed,Millerport,Lake Scott,2025-02-15,Henderson-Rivera,Van,2972,28,Allenside,2661
1422,85,hu4238,Delivered,East Anneside,South David,2025-01-29,Dickerson-Navarro,Van,1156,18,North Tiffany,4292
454,86,hA8161,In Transit,New Rhonda,West Karaside,2025-01-11,Hughes-Perkins,Van,8239,21,North Ruth,5699
255,15,bt9069,In Transit,Port Cindyberg,Blackberg,2025-01-02,"Smith, Watson and Schultz",Ship,9780,24,Knightmouth,1091
387,59,sp4443,In Transit,Kimberlyhaven,Jasonshire,2025-01-26,Byrd-Bell,Truck,4104,13,North Randyborough,1599
728,23,ZR7154,Delivered,Jeremymouth,Nelsonstad,2025-01-09,"Pollard, Walker and Arnold",Ship,4969,29,West Shawn,2700
541,48,Oe4359,Delivered,Madisonfurt,Michelleborough,2025-01-18,"Noble, Alvarez and Hammond",Van,8083,19,Danaton,7501
94,81,VR1212,Delivered,Hartstad,Port Daniel,2025-01-02,"Collins, Meyer and Harris",Van,9505,3,New Katrinamouth,6586
34,51,zk0650,Delivered,Port Patricia,Fosterside,2025-01-05,Johnson and Sons,Truck,3772,2,New April,9924
1272,88,Pb9225,Delivered,Lake Jenniferview,Tinaview,2025-02-08,Mays-Collier,Truck,5012,15,Michaelmouth,4769
385,90,iX2162,Delivered,Ortegafort,Gloverborough,2025-01-02,Rocha PLC,Truck,2116,3,New Katrinamouth,6586
825,12,AP0269,Delivered,Robertport,West Donna,2025-01-19,Gonzales-Colon,Ship,4465,26,Wendyport,5737
1045,8,Ez5375,Delivered,North Dawnberg,North William,2025-01-17,Smith-Grant,Van,3131,27,New Allison,6906
1265,74,ql6655,Delayed,New Richardborough,Danachester,2025-01-11,Stone-Richardson,Ship,2451,23,Denisefurt,3279
191,45,Qu6534,Delayed,Carolshire,Susanbury,2025-01-27,Howard Inc,Ship,4232,27,New Allison,6906
427,84,Hq6947,In Transit,East Brent,Beckberg,2025-02-22,Porter Inc,Truck,8282,13,North Randyborough,1599
1407,45,cT0257,Delayed,Nelsonstad,Stanleyland,2025-01-25,Howard Inc,Ship,4232,27,New Allison,6906
1368,21,eS3311,In Transit,Wattsport,Isaacton,2025-02-19,Anderson-Jennings,Ship,3849,19,Danaton,7501
981,41,OC6055,Delayed,Lewisfort,South Joann,2025-02-12,Mendez Group,Truck,6935,24,Knightmouth,1091
850,40,Ap0966,Delayed,New Samanthatown,Mcleanhaven,2025-01-30,Moreno Inc,Truck,4241,5,Tuckerfort,2516
661,86,OL1744,In Transit,Jefferyview,South Jenniferside,2025-02-05,Hughes-Perkins,Van,8239,21,North Ruth,5699
1433,84,xo3870,Delivered,New Theresa,Andrewhaven,2025-02-22,Porter Inc,Truck,8282,13,North Randyborough,1599
413,18,pQ4183,In Transit,Davidchester,Shortmouth,2025-02-19,"Fisher, Murphy and Wilson",Van,3893,10,East Alexandraport,4793
1329,6,QB0015,In Transit,Wilsonhaven,Williamsport,2025-02-01,White-Moore,Truck,3006,24,Knightmouth,1091
415,15,px3158,Delivered,South John,New Sharonton,2025-01-17,"Smith, Watson and Schultz",Ship,9780,24,Knightmouth,1091
1345,61,ei0996,Delivered,Port Emilyview,North Maryburgh,2025-02-08,"Carrillo, Cox and Gentry",Truck,7909,7,Cruzton,2248
1114,61,EA9674,Delivered,Lake Henry,Stevenview,2025-01-03,"Carrillo, Cox and Gentry",Truck,7909,7,Cruzton,2248
42,78,be1157,In Transit,Wilsonport,Jonathanfurt,2025-01-22,Keith-Woods,Ship,9186,25,New Michaelfort,1547
386,61,Fn3143,Delivered,South Kellyview,South Diana,2025-01-02,"Carrillo, Cox and Gentry",Truck,7909,7,Cruzton,2248
138,18,kf5608,Delivered,Whitakerview,West Anthony,2025-01-24,"Fisher, Murphy and Wilson",Van,3893,10,East Alexandraport,4793
1155,68,uq7729,In Transit,Port Anna,North Pamela,2025-01-18,"Aguirre, Hatfield and Patterson",Ship,3835,15,Michaelmouth,4769
593,73,gF0636,Delivered,North Susanbury,Humphreybury,2025-01-30,"Smith, Lewis and Luna",Truck,5944,14,Laurenhaven,8677
1434,62,lz6566,In Transit,East Dianeville,Francoborough,2025-02-12,"Nichols, Vazquez and Sullivan",Van,1742,4,North Lorimouth,3948
771,5,nH7875,In Transit,Kimberlyberg,Travisfort,2025-01-08,Smith-Henderson,Truck,6718,14,Laurenhaven,8677
962,53,kX9195,In Transit,New Kimberly,Lake Alexandra,2025-02-12,Hale-Boone,Ship,5759,1,Gilberthaven,2017
1344,75,pr2634,Delayed,Karamouth,Lake Derekstad,2025-01-13,Brock Ltd,Truck,8196,11,Glendamouth,8814
420,7,uq8888,Delivered,Elizabethton,East Donna,2025-01-22,Calderon-Miller,Van,3362,7,Cruzton,2248
1329,100,Dp1895,Delivered,Wilsonhaven,Williamsport,2025-02-01,"Hardy, Harris and Lewis",Van,6451,2,New April,9924
1361,3,ET7101,Delivered,New Jeremy,Port Stephanie,2025-02-18,Parker PLC,Truck,8636,25,New Michaelfort,1547
349,100,Yk7122,Delayed,Perezland,Port Jason,2025-02-18,"Hardy, Harris and Lewis",Van,6451,2,New April,9924
404,81,Ak4127,In Transit,Gardnerberg,Gutierrezfurt,2025-02-16,"Collins, Meyer and Harris",Van,9505,3,New Katrinamouth,6586
366,34,EE8313,Delivered,Williammouth,Antonioberg,2025-02-22,Oconnell-Anderson,Truck,3928,11,Glendamouth,8814
344,14,sF4799,In Transit,West Kimberly,Phillipshaven,2025-01-20,Griffith-Horne,Van,2917,22,South Leahburgh,1050
120,28,hE4703,Delivered,West Andrew,East Marissabury,2025-02-09,Graham PLC,Van,4355,30,Lamville,5009
1330,59,PI6567,Delayed,North Heather,South Samuel,2025-01-12,Byrd-Bell,Truck,4104,13,North Randyborough,1599
263,17,hd2372,Delayed,Reesechester,Jenkinsborough,2025-01-28,Haas-Martin,Van,6411,8,Brianshire,5806
910,90,aE1956,In Transit,Jeremiahmouth,Randychester,2025-02-18,Rocha PLC,Truck,2116,3,New Katrinamouth,6586
38,64,Pq2299,Delivered,Tylerville,Boonestad,2025-02-18,Hopkins-Patel,Truck,2654,10,East Alexandraport,4793
79,42,vA7116,Delayed,Port Michaelport,Normanland,2025-02-18,Ford-Swanson,Truck,9843,19,Danaton,7501
675,21,Cf0137,Delayed,Lake Heidichester,East Leslieberg,2025-01-11,Anderson-Jennings,Ship,3849,19,Danaton,7501
117,82,yM5618,Delayed,Lake Melissaside,South Elizabethside,2025-01-23,Bridges Ltd,Truck,3111,23,Denisefurt,3279
218,52,uh5546,Delayed,Gordonbury,East Heather,2025-01-17,Miller-Patel,Truck,6123,29,West Shawn,2700
259,50,vP0042,Delivered,South Jeremy,Port Jessica,2025-01-15,"Foster, Green and Hall",Ship,4548,20,Richardside,6266
22,95,QC8413,Delayed,Angelicastad,Port Felicia,2025-02-11,Contreras PLC,Truck,2645,6,South Teresastad,1421
1476,67,yF4984,Delayed,Nicholasmouth,Herringhaven,2025-02-14,"Hunt, Thompson and Garcia",Truck,8389,14,Laurenhaven,8677
923,92,Zl8226,Delayed,New Brianport,Roseton,2025-01-20,"Alvarado, Robinson and Roth",Van,8601,29,West Shawn,2700
970,14,sL7257,Delivered,Cynthiaside,East Sean,2025-01-14,Griffith-Horne,Van,2917,22,South Leahburgh,1050
1361,66,QC6733,In Transit,New Jeremy,Port Stephanie,2025-02-18,Kennedy PLC,Truck,9647,5,Tuckerfort,2516
492,37,Zk5611,Delivered,Higginsburgh,South Pennystad,2025-01-17,Moore-Nguyen,Truck,7085,23,Denisefurt,3279
413,18,Nh0431,Delivered,Davidchester,Shortmouth,2025-02-19,"Fisher, Murphy and Wilson",Van,3893,10,East Alexandraport,4793
469,24,Yc2999,Delayed,New Kevin,Port Vincent,2025-02-01,Clark-Hardin,Van,2921,24,Knightmouth,1091
8,93,vA9030,Delayed,Aaronhaven,Jamesport,2025-01-22,"Ortiz, Smith and Johnson",Ship,4718,20,Richardside,6266
432,29,AG7131,Delayed,Tarastad,Leeshire,2025-02-02,Vang LLC,Ship,6365,8,Brianshire,5806
801,93,aI6677,In Transit,Erinview,Kathleenburgh,2025-02-04,"Ortiz, Smith and Johnson",Ship,4718,20,Richardside,6266
570,67,RC1216,Delayed,West Anthony,East Jose,2025-01-19,"Hunt, Thompson and Garcia",Truck,8389,14,Laurenhaven,8677
1263,23,Wz9224,In Transit,Lake Mary,Smithchester,2025-01-21,"Pollard, Walker and Arnold",Ship,4969,29,West Shawn,2700
726,44,Cv1024,Delivered,Lisaburgh,Ballardfurt,2025-02-06,Allen-Hill,Van,9214,26,Wendyport,5737
9,82,xQ7355,In Transit,Clarkberg,Michelletown,2025-01-24,Bridges Ltd,Truck,3111,23,Denisefurt,3279
602,66,Xf2911,Delivered,Lindaville,East Derekside,2025-01-23,Kennedy PLC,Truck,9647,5,Tuckerfort,2516
472,33,nC6711,Delayed,Robertmouth,Port Marissastad,2025-02-09,Gates-Smith,Ship,2654,19,Danaton,7501
172,68,DV8699,Delivered,Cisnerosmouth,Brownchester,2025-02-21,"Aguirre, Hatfield and Patterson",Ship,3835,15,Michaelmouth,4769
964,90,fy6971,Delayed,North Angelaton,North Andrew,2025-02-18,Rocha PLC,Truck,2116,3,New Katrinamouth,6586
245,56,CA6156,Delayed,Anthonyburgh,East Tammy,2025-01-20,Adams LLC,Ship,4752,2,New April,9924
744,45,kW7659,In Transit,Lake Christopherland,New Erictown,2025-02-16,Howard Inc,Ship,4232,27,New Allison,6906
573,61,UA5328,Delayed,Port Destiny,North Catherine,2025-01-04,"Carrillo, Cox and Gentry",Truck,7909,7,Cruzton,2248
1147,16,xv8122,In Transit,East Marvin,West Robert,2025-01-27,Li-Park,Truck,5315,2,New April,9924
1012,31,TH4271,Delayed,Fletcherhaven,Port Alexandriaville,2025-01-01,"Davis, Smith and Lee",Van,9281,25,New Michaelfort,1547
397,95,Ls1308,Delivered,South Andrew,Lake Dennisland,2025-02-22,Contreras PLC,Truck,2645,6,South Teresastad,1421
691,96,es9069,Delivered,Wardborough,West Kimberly,2025-02-13,Todd-Oconnor,Truck,1583,13,North Randyborough,1599
8,3,nR6129,Delivered,Aaronhaven,Jamesport,2025-01-22,Parker PLC,Truck,8636,25,New Michaelfort,1547
1359,38,xw1044,Delivered,East Justin,New Louis,2025-01-10,"Murphy, Hogan and Glass",Ship,6857,27,New Allison,6906
562,34,cf0094,Delayed,East Caitlinfort,Kristinberg,2025-01-27,Oconnell-Anderson,Truck,3928,11,Glendamouth,8814
709,6,eY2318,In Transit,West Richardborough,Jaystad,2025-02-16,White-Moore,Truck,3006,24,Knightmouth,1091
1245,4,gO3189,In Transit,Jamestown,North Gabriella,2025-01-18,Ross LLC,Truck,1955,11,Glendamouth,8814
1135,40,BE4052,Delayed,New Christopherberg,Lake Kimberly,2025-02-08,Moreno Inc,Truck,4241,5,Tuckerfort,2516
404,63,Dh9505,In Transit,Gardnerberg,Gutierrezfurt,2025-02-16,"Martinez, Whitehead and Smith",Van,6684,14,Laurenhaven,8677
756,84,We4167,Delayed,Scottchester,Debbieborough,2025-02-16,Porter Inc,Truck,8282,13,North Randyborough,1599
502,16,xZ1710,Delayed,Port Hannahberg,Solisbury,2025-01-25,Li-Park,Truck,5315,2,New April,9924
235,91,Rv7080,Delayed,Thomasview,Randallshire,2025-02-20,Black-Evans,Truck,4485,23,Denisefurt,3279
905,54,KO0958,Delivered,Chapmanhaven,Davishaven,2025-01-17,Galvan LLC,Truck,1734,25,New Michaelfort,1547
186,92,Vx1965,Delivered,South Richardview,South Alexishaven,2025-01-09,"Alvarado, Robinson and Roth",Van,8601,29,West Shawn,2700
998,38,fL2467,Delivered,Kellyshire,Lake Catherine,2025-02-08,"Murphy, Hogan and Glass",Ship,6857,27,New Allison,6906
825,61,RJ5102,In Transit,Robertport,West Donna,2025-01-19,"Carrillo, Cox and Gentry",Truck,7909,7,Cruzton,2248
1105,81,Rg6594,Delivered,North Nicholas,Jimenezland,2025-01-12,"Collins, Meyer and Harris",Van,9505,3,New Katrinamouth,6586
311,29,pL1502,Delivered,Lutzberg,West Katrinaburgh,2025-01-19,Vang LLC,Ship,6365,8,Brianshire,5806
1102,39,vY8022,Delayed,New Brian,New Darrylville,2025-01-16,Allen LLC,Ship,6855,13,North Randyborough,1599
776,51,UC1327,Delivered,Mooneyborough,Douglasmouth,2025-02-08,Johnson and Sons,Truck,3772,2,New April,9924
857,56,bM0993,In Transit,East Monica,Lake Lisa,2025-01-14,Adams LLC,Ship,4752,2,New April,9924
1163,18,li6125,Delayed,Lake Victoria,New Andrea,2025-02-21,"Fisher, Murphy and Wilson",Van,3893,10,East Alexandraport,4793
1078,59,uw1545,Delayed,South Robert,North Donaldport,2025-02-21,Byrd-Bell,Truck,4104,13,North Randyborough,1599
740,12,iZ1226,In Transit,Markton,East Karatown,2025-02-04,Gonzales-Colon,Ship,4465,26,Wendyport,5737
765,84,gu5051,Delivered,Douglasbury,Ricemouth,2025-01-02,Porter Inc,Truck,8282,13,North Randyborough,1599
481,78,KS8430,In Transit,Dustinfurt,Port Tracy,2025-01-26,Keith-Woods,Ship,9186,25,New Michaelfort,1547
344,27,uW5378,Delivered,West Kimberly,Phillipshaven,2025-01-20,Weaver-Lopez,Ship,6823,10,East Alexandraport,4793
89,65,Cz4776,Delayed,Lake Bradleyshire,Tinabury,2025-01-22,"Graham, Barnes and Lawrence",Van,6497,13,North Randyborough,1599
662,80,UQ8140,Delayed,Port Felicia,Jonesmouth,2025-01-04,Miller-Hardy,Van,4667,4,North Lorimouth,3948
463,44,AF7329,In Transit,New Joe,Maddoxside,2025-01-27,Allen-Hill,Van,9214,26,Wendyport,5737
392,80,jU7637,Delivered,Markville,Diazland,2025-02-07,Miller-Hardy,Van,4667,4,North Lorimouth,3948
985,43,WN9472,In Transit,Anthonyville,Jonathanfort,2025-02-04,Jacobs-Grant,Ship,1119,20,Richardside,6266
1395,41,Kr3532,Delayed,East Jeffrey,Lake Jeannetown,2025-01-17,Mendez Group,Truck,6935,24,Knightmouth,1091
751,31,Ja6591,In Transit,Lake Patrick,Victoriashire,2025-02-03,"Davis, Smith and Lee",Van,9281,25,New Michaelfort,1547
1127,92,fq3373,Delivered,Andersonton,Kimberlyside,2025-02-16,"Alvarado, Robinson and Roth",Van,8601,29,West Shawn,2700
871,54,IK8941,Delivered,North Barbarastad,Andersonmouth,2025-01-27,Galvan LLC,Truck,1734,25,New Michaelfort,1547
731,75,yk6618,Delayed,Brooksbury,East Glenda,2025-01-10,Brock Ltd,Truck,8196,11,Glendamouth,8814
19,94,kS5371,In Transit,Michaelville,Caitlinborough,2025-01-14,"Henderson, Hanson and Middleton",Truck,8830,26,Wendyport,5737
1364,36,OG5824,Delivered,Smithborough,Rangelmouth,2025-02-06,Walker Group,Truck,1689,17,Nelsonchester,8640
1184,33,WX1325,In Transit,East Lisashire,Walkerbury,2025-01-04,Gates-Smith,Ship,2654,19,Danaton,7501
116,91,Rm9414,In Transit,Crosbyborough,Arnoldberg,2025-01-09,Black-Evans,Truck,4485,23,Denisefurt,3279
346,40,Wl8137,In Transit,Webbside,Williamsshire,2025-02-14,Moreno Inc,Truck,4241,5,Tuckerfort,2516
1353,28,Gy2150,In Transit,Port Jason,Port Kevinville,2025-01-18,Graham PLC,Van,4355,30,Lamville,5009
1221,2,kF9787,In Transit,North Josephport,New Mary,2025-01-23,Gray-Le,Van,5538,4,North Lorimouth,3948
321,44,Qs0567,In Transit,Kelleystad,East Darrenfurt,2025-02-18,Allen-Hill,Van,9214,26,Wendyport,5737
286,61,rI6074,In Transit,North James,Moorestad,2025-02-20,"Carrillo, Cox and Gentry",Truck,7909,7,Cruzton,2248
1328,89,fB9458,In Transit,Luisbury,West Charleschester,2025-01-20,"Marquez, Ray and Hernandez",Van,4776,19,Danaton,7501
984,44,Gy9832,Delayed,Joseberg,South Robinville,2025-01-14,Allen-Hill,Van,9214,26,Wendyport,5737
1332,34,IG5424,Delayed,South Ronaldview,Kellyport,2025-01-26,Oconnell-Anderson,Truck,3928,11,Glendamouth,8814
203,89,no3349,Delivered,Port Paulfurt,East Jackson,2025-02-03,"Marquez, Ray and Hernandez",Van,4776,19,Danaton,7501
967,95,wg0278,Delivered,Williamchester,East Laceyland,2025-02-20,Contreras PLC,Truck,2645,6,South Teresastad,1421
796,34,iN0549,In Transit,Nicholasfort,North Hollyland,2025-01-18,Oconnell-Anderson,Truck,3928,11,Glendamouth,8814
130,5,rn3009,Delivered,Garretttown,Meganton,2025-02-15,Smith-Henderson,Truck,6718,14,Laurenhaven,8677
147,86,Sg6622,Delayed,Dianashire,Dianashire,2025-01-17,Hughes-Perkins,Van,8239,21,North Ruth,5699
647,92,dJ6176,In Transit,Amandaburgh,East Carl,2025-02-12,"Alvarado, Robinson and Roth",Van,8601,29,West Shawn,2700
823,71,YU9884,Delayed,Lake Ashley,East Glen,2025-02-05,Allen-Smith,Ship,3646,28,Allenside,2661
257,32,Ua9514,In Transit,Gardnerchester,West James,2025-02-07,Gutierrez-Harris,Van,1181,17,Nelsonchester,8640
40,9,DI7947,Delivered,Christinabury,Port Michael,2025-01-01,"Patterson, Benton and Garcia",Truck,7841,10,East Alexandraport,4793
497,36,XH1016,Delivered,Hunterview,South Donnaland,2025-02-13,Walker Group,Truck,1689,17,Nelsonchester,8640
1450,6,RO5900,In Transit,Austinhaven,Lake Jasonberg,2025-02-01,White-Moore,Truck,3006,24,Knightmouth,1091
1092,33,Wa4757,Delivered,North Amberfurt,Port Jonathan,2025-01-14,Gates-Smith,Ship,2654,19,Danaton,7501
1347,15,ly4082,Delivered,New Elizabethberg,Christopherview,2025-01-20,"Smith, Watson and Schultz",Ship,9780,24,Knightmouth,1091
1498,21,wo5601,Delayed,West Laura,Brooksfort,2025-01-17,Anderson-Jennings,Ship,3849,19,Danaton,7501
716,26,DP3793,Delivered,Lake Sara,Lake Ericfort,2025-02-18,Tanner LLC,Ship,7088,12,Leeland,9997
1193,84,vz4400,Delayed,Jeremiahchester,Berryfurt,2025-02-03,Porter Inc,Truck,8282,13,North Randyborough,1599
101,40,Kf5607,Delivered,Julieburgh,New Jamesstad,2025-01-02,Moreno Inc,Truck,4241,5,Tuckerfort,2516
122,27,lh7668,In Transit,Jeffreyhaven,North Suzanne,2025-01-04,Weaver-Lopez,Ship,6823,10,East Alexandraport,4793
1260,62,xR0404,In Transit,Garciaborough,Port Luisstad,2025-02-08,"Nichols, Vazquez and Sullivan",Van,1742,4,North Lorimouth,3948
47,94,kj4099,In Transit,Lake Courtneyton,Carrview,2025-02-05,"Henderson, Hanson and Middleton",Truck,8830,26,Wendyport,5737
698,73,Bw9513,In Transit,Evanmouth,South Cesar,2025-01-14,"Smith, Lewis and Luna",Truck,5944,14,Laurenhaven,8677
1015,18,QL1731,In Transit,Christinamouth,North Ericaland,2025-01-04,"Fisher, Murphy and Wilson",Van,3893,10,East Alexandraport,4793
969,23,jY0289,In Transit,Port Bradleyport,Laurenbury,2025-01-14,"Pollard, Walker and Arnold",Ship,4969,29,West Shawn,2700
1362,23,Dm0392,In Transit,Jameschester,North Ashleymouth,2025-01-09,"Pollard, Walker and Arnold",Ship,4969,29,West Shawn,2700
1069,35,uL5767,Delivered,New Samanthastad,West Carolynbury,2025-02-17,Bender-Lee,Ship,7510,20,Richardside,6266
741,71,uq8445,In Transit,East Daniellestad,New Tylerfort,2025-01-12,Allen-Smith,Ship,3646,28,Allenside,2661
1413,21,Rj7238,In Transit,Kristineborough,Caitlinhaven,2025-02-07,Anderson-Jennings,Ship,3849,19,Danaton,7501
413,27,vO6336,In Transit,Davidchester,Shortmouth,2025-02-19,Weaver-Lopez,Ship,6823,10,East Alexandraport,4793
1423,5,aq3572,Delayed,North Jon,West Shaneport,2025-01-07,Smith-Henderson,Truck,6718,14,Laurenhaven,8677
633,19,ag3063,Delivered,New Timhaven,Hamiltonborough,2025-02-07,"Smith, Barnes and Ramsey",Truck,1136,30,Lamville,5009
68,14,IK3728,Delayed,Cindytown,Trevinomouth,2025-01-21,Griffith-Horne,Van,2917,22,South Leahburgh,1050
1162,4,zi7826,In Transit,Martinezburgh,Lake Jenniferberg,2025-02-03,Ross LLC,Truck,1955,11,Glendamouth,8814
87,73,Nl2572,Delivered,West Gabrielhaven,Lake Mirandatown,2025-01-09,"Smith, Lewis and Luna",Truck,5944,14,Laurenhaven,8677
934,81,yQ4838,In Transit,Lake Maryshire,New Monica,2025-02-18,"Collins, Meyer and Harris",Van,9505,3,New Katrinamouth,6586
974,76,ep5962,Delayed,Williamschester,Lake Robertburgh,2025-01-06,Clark Group,Van,8948,18,North Tiffany,4292
941,91,gF5918,In Transit,Maureenmouth,Morganmouth,2025-02-13,Black-Evans,Truck,4485,23,Denisefurt,3279
810,98,Ma1329,Delivered,Port Crystal,Kyleton,2025-01-14,Jacobson-Mann,Van,7026,14,Laurenhaven,8677
238,18,cV8036,Delivered,Melissaland,North Michaelview,2025-01-10,"Fisher, Murphy and Wilson",Van,3893,10,East Alexandraport,4793
557,5,NX6704,Delayed,Washingtonville,West Robertafurt,2025-02-03,Smith-Henderson,Truck,6718,14,Laurenhaven,8677
296,81,LO8297,In Transit,East Danieltown,North Ryan,2025-01-20,"Collins, Meyer and Harris",Van,9505,3,New Katrinamouth,6586
710,30,oR1019,Delivered,East Jonathan,Carterhaven,2025-02-02,"Bailey, Stevens and Jones",Van,5924,14,Laurenhaven,8677
320,24,SC9550,Delivered,Selenafurt,North Anthonyside,2025-01-31,Clark-Hardin,Van,2921,24,Knightmouth,1091
1208,27,rj7463,Delivered,North Carrieborough,Carlfurt,2025-02-06,Weaver-Lopez,Ship,6823,10,East Alexandraport,4793
997,61,PF6938,In Transit,Jaimeborough,Lake Eric,2025-02-17,"Carrillo, Cox and Gentry",Truck,7909,7,Cruzton,2248
383,67,Ew3509,Delivered,Port Ericland,South Shannon,2025-01-30,"Hunt, Thompson and Garcia",Truck,8389,14,Laurenhaven,8677
1084,5,Sf2003,Delivered,Singletonhaven,Laurieport,2025-02-17,Smith-Henderson,Truck,6718,14,Laurenhaven,8677
397,47,Kg7711,Delivered,South Andrew,Lake Dennisland,2025-02-22,Smith-Curtis,Truck,8536,8,Brianshire,5806
1182,87,qx2182,In Transit,Torreschester,South Robertville,2025-02-12,Nolan-Roberts,Truck,2615,7,Cruzton,2248
381,59,Qs5329,In Transit,Youngton,Lindsayborough,2025-01-25,Byrd-Bell,Truck,4104,13,North Randyborough,1599
468,20,Nd5175,Delivered,Martinezport,Port Cory,2025-02-20,"Garcia, Spears and Thompson",Ship,8037,17,Nelsonchester,8640
786,95,JG7945,Delayed,Port Kristen,Lake Jeffreyburgh,2025-01-07,Contreras PLC,Truck,2645,6,South Teresastad,1421
692,58,qV0569,In Transit,Lake Loriburgh,Alexandriaport,2025-02-12,Taylor-Lucas,Ship,4029,2,New April,9924
279,85,GW1920,In Transit,East Vanessaland,North Kristin,2025-02-01,Dickerson-Navarro,Van,1156,18,North Tiffany,4292
902,62,LK4031,In Transit,Lake Robert,Lake Michael,2025-01-31,"Nichols, Vazquez and Sullivan",Van,1742,4,North Lorimouth,3948
402,7,Yg3691,In Transit,New Thomasmouth,Yolandaton,2025-02-19,Calderon-Miller,Van,3362,7,Cruzton,2248
127,60,tb4172,Delayed,Lake Markburgh,New Richard,2025-01-30,Hayes-Anderson,Van,3810,24,Knightmouth,1091
257,4,mw8204,In Transit,Gardnerchester,West James,2025-02-07,Ross LLC,Truck,1955,11,Glendamouth,8814
634,83,Vs4527,Delivered,Lake Joshuahaven,New Steven,2025-02-15,Navarro Ltd,Ship,8947,14,Laurenhaven,8677
748,11,XI4275,Delivered,Billyview,East Briannashire,2025-02-14,"Waller, Barrett and Smith",Van,9803,1,Gilberthaven,2017
1272,52,EY4710,Delayed,Lake Jenniferview,Tinaview,2025-02-08,Miller-Patel,Truck,6123,29,West Shawn,2700
664,91,fw8253,Delayed,Wendytown,West Vincentmouth,2025-02-21,Black-Evans,Truck,4485,23,Denisefurt,3279
1465,97,EN0959,Delayed,Reynoldsborough,New Michaelstad,2025-02-13,Chen-Lopez,Truck,3532,29,West Shawn,2700
155,43,vy6960,Delivered,South Jessicafurt,South Jill,2025-02-07,Jacobs-Grant,Ship,1119,20,Richardside,6266
506,100,eR5184,Delivered,Herrerachester,West Tina,2025-01-04,"Hardy, Harris and Lewis",Van,6451,2,New April,9924
406,74,NK1326,Delivered,Greenside,North Markton,2025-02-14,Stone-Richardson,Ship,2451,23,Denisefurt,3279
1033,23,qJ4685,In Transit,West Jamie,New Christopher,2025-02-07,"Pollard, Walker and Arnold",Ship,4969,29,West Shawn,2700
1097,3,Sy4525,In Transit,Lake Christopher,Christineborough,2025-02-13,Parker PLC,Truck,8636,25,New Michaelfort,1547
206,61,zR5517,Delivered,Angelaville,Port Jeremyville,2025-02-05,"Carrillo, Cox and Gentry",Truck,7909,7,Cruzton,2248
14,73,QV0933,In Transit,North Kristinahaven,Gallowaychester,2025-01-29,"Smith, Lewis and Luna",Truck,5944,14,Laurenhaven,8677
148,96,iv3455,In Transit,West Davidshire,Leeton,2025-01-12,Todd-Oconnor,Truck,1583,13,North Randyborough,1599
48,6,Ct9282,In Transit,Donaldburgh,Lake Stephen,2025-01-29,White-Moore,Truck,3006,24,Knightmouth,1091
625,27,xM3394,Delayed,South John,Port Linda,2025-01-27,Weaver-Lopez,Ship,6823,10,East Alexandraport,4793
556,70,qy7590,In Transit,South Nicoleshire,Michaelland,2025-01-30,Landry-Holt,Van,1213,6,South Teresastad,1421
1,51,EO1493,Delayed,Port Thomas,Molinashire,2025-02-19,Johnson and Sons,Truck,3772,2,New April,9924
653,41,ah0722,Delayed,Robinsonburgh,West Davidshire,2025-01-03,Mendez Group,Truck,6935,24,Knightmouth,1091
866,95,VN8366,In Transit,Brittanyshire,East Adam,2025-01-07,Contreras PLC,Truck,2645,6,South Teresastad,1421
1464,100,vV2508,Delivered,Teresaview,Bartonfort,2025-01-08,"Hardy, Harris and Lewis",Van,6451,2,New April,9924
826,24,pO9397,Delivered,Michaelmouth,Jonesshire,2025-01-18,Clark-Hardin,Van,2921,24,Knightmouth,1091
1403,59,Hz3978,Delayed,Joshuashire,East Larryhaven,2025-01-23,Byrd-Bell,Truck,4104,13,North Randyborough,1599
757,15,go2821,Delivered,Amybury,Johnmouth,2025-01-07,"Smith, Watson and Schultz",Ship,9780,24,Knightmouth,1091
287,52,Uo5993,Delivered,West Michaelmouth,East Tamarastad,2025-01-01,Miller-Patel,Truck,6123,29,West Shawn,2700
697,23,WN6138,In Transit,Pacemouth,North Tinatown,2025-01-12,"Pollard, Walker and Arnold",Ship,4969,29,West Shawn,2700
1211,99,ds3632,Delayed,South Cynthiaborough,West Virginiatown,2025-02-18,Arroyo and Sons,Truck,8199,26,Wendyport,5737
956,88,cZ6047,Delivered,South Georgefurt,South Angela,2025-02-10,Mays-Collier,Truck,5012,15,Michaelmouth,4769
994,90,oS5844,Delivered,Mitchellmouth,West Whitneyfurt,2025-02-18,Rocha PLC,Truck,2116,3,New Katrinamouth,6586
1259,25,Jz9969,In Transit,Johnview,Port Jillfort,2025-01-06,"Barnes, Armstrong and Mathews",Ship,7220,26,Wendyport,5737
1230,57,Eh1691,In Transit,Williamsside,Scottborough,2025-02-02,"Wade, Bennett and Santana",Truck,8837,28,Allenside,2661
1479,24,Rs9017,Delayed,North Taylorbury,Jacquelineburgh,2025-01-09,Clark-Hardin,Van,2921,24,Knightmouth,1091
928,85,Ve2917,Delayed,West Andrewville,Port Angelabury,2025-01-05,Dickerson-Navarro,Van,1156,18,North Tiffany,4292
103,17,iC2864,In Transit,Port Adam,New Rachel,2025-01-23,Haas-Martin,Van,6411,8,Brianshire,5806
655,23,Ty8872,Delivered,North Ryan,South Stephenview,2025-01-18,"Pollard, Walker and Arnold",Ship,4969,29,West Shawn,2700
96,29,JW2906,In Transit,Lake Laura,Ginastad,2025-01-26,Vang LLC,Ship,6365,8,Brianshire,5806
493,93,Iv7612,In Transit,Andreahaven,South Michaelside,2025-01-04,"Ortiz, Smith and Johnson",Ship,4718,20,Richardside,6266
610,4,Kj6338,Delayed,Smallmouth,Pageborough,2025-02-08,Ross LLC,Truck,1955,11,Glendamouth,8814
658,69,SV2310,Delivered,Andersonton,Joshuafurt,2025-02-11,Bell Inc,Van,5273,18,North Tiffany,4292
929,4,Rj5206,Delivered,Tracyville,Claytonport,2025-02-03,Ross LLC,Truck,1955,11,Glendamouth,8814
512,18,Cr1241,Delivered,South Lindaview,Campbellside,2025-02-20,"Fisher, Murphy and Wilson",Van,3893,10,East Alexandraport,4793
999,12,Qi2534,Delayed,Salinashaven,Christopherbury,2025-01-19,Gonzales-Colon,Ship,4465,26,Wendyport,5737
842,64,Ld1945,In Transit,North Sandra,Catherinefort,2025-01-24,Hopkins-Patel,Truck,2654,10,East Alexandraport,4793
567,4,Zy0653,Delayed,East Mary,North Joseph,2025-01-23,Ross LLC,Truck,1955,11,Glendamouth,8814
843,93,kH6559,In Transit,East Alexander,New Danielletown,2025-01-19,"Ortiz, Smith and Johnson",Ship,4718,20,Richardside,6266
832,52,sX0880,Delayed,South Matthew,Robertport,2025-02-04,Miller-Patel,Truck,6123,29,West Shawn,2700
894,8,it8491,Delayed,Port Leah,Vaughanmouth,2025-01-28,Smith-Grant,Van,3131,27,New Allison,6906
1277,37,gT1945,Delayed,Port Jeffrey,North Allison,2025-01-30,Moore-Nguyen,Truck,7085,23,Denisefurt,3279
599,75,wu5375,Delivered,West Marioside,Smithton,2025-01-12,Brock Ltd,Truck,8196,11,Glendamouth,8814
264,86,gp7915,Delivered,Port Cassie,Jonathanchester,2025-02-12,Hughes-Perkins,Van,8239,21,North Ruth,5699
421,21,Oi6398,Delivered,Peterstad,Waltonland,2025-01-21,Anderson-Jennings,Ship,3849,19,Danaton,7501
855,5,lE3797,Delayed,Shannonview,East Sandrastad,2025-01-14,Smith-Henderson,Truck,6718,14,Laurenhaven,8677
1277,6,fz1570,In Transit,Port Jeffrey,North Allison,2025-01-30,White-Moore,Truck,3006,24,Knightmouth,1091
1486,12,Wz3877,Delivered,Lake Julia,West Leslie,2025-02-20,Gonzales-Colon,Ship,4465,26,Wendyport,5737
1295,21,ys1982,In Transit,South Jay,Youngmouth,2025-02-05,Anderson-Jennings,Ship,3849,19,Danaton,7501
871,43,AQ3988,Delayed,North Barbarastad,Andersonmouth,2025-01-27,Jacobs-Grant,Ship,1119,20,Richardside,6266
1085,98,cL3774,Delivered,West Hollyburgh,Wellsfurt,2025-02-04,Jacobson-Mann,Van,7026,14,Laurenhaven,8677
1003,61,nb9394,Delayed,North Ann,West Christinechester,2025-02-19,"Carrillo, Cox and Gentry",Truck,7909,7,Cruzton,2248
1332,9,wK8764,Delayed,South Ronaldview,Kellyport,2025-01-26,"Patterson, Benton and Garcia",Truck,7841,10,East Alexandraport,4793
1455,11,EB3668,Delayed,Port Bradley,Arnoldfurt,2025-02-12,"Waller, Barrett and Smith",Van,9803,1,Gilberthaven,2017
366,41,ay6442,In Transit,Williammouth,Antonioberg,2025-02-22,Mendez Group,Truck,6935,24,Knightmouth,1091
314,85,TY4664,Delivered,Brownshire,West Jerryton,2025-02-17,Dickerson-Navarro,Van,1156,18,North Tiffany,4292
728,27,Xe3400,Delivered,Jeremymouth,Nelsonstad,2025-01-09,Weaver-Lopez,Ship,6823,10,East Alexandraport,4793
397,16,HM1615,Delayed,South Andrew,Lake Dennisland,2025-02-22,Li-Park,Truck,5315,2,New April,9924
382,5,ea9202,Delayed,East Virginiamouth,Lisamouth,2025-01-19,Smith-Henderson,Truck,6718,14,Laurenhaven,8677
1029,81,PZ1812,In Transit,New Mitchellport,Smithfort,2025-01-15,"Collins, Meyer and Harris",Van,9505,3,New Katrinamouth,6586
287,82,pE9788,Delivered,West Michaelmouth,East Tamarastad,2025-01-01,Bridges Ltd,Truck,3111,23,Denisefurt,3279
963,20,xB4349,Delivered,Smithborough,West Maria,2025-02-04,"Garcia, Spears and Thompson",Ship,8037,17,Nelsonchester,8640
214,67,yA1982,Delivered,Jamesport,Karenton,2025-02-15,"Hunt, Thompson and Garcia",Truck,8389,14,Laurenhaven,8677
185,5,vw3761,Delivered,Lake Crystalbury,Bassside,2025-01-16,Smith-Henderson,Truck,6718,14,Laurenhaven,8677
441,69,Qu5873,Delivered,East Kellyfurt,Whiteside,2025-01-13,Bell Inc,Van,5273,18,North Tiffany,4292
1387,33,oN7679,In Transit,Lake Carriechester,West Jenny,2025-01-14,Gates-Smith,Ship,2654,19,Danaton,7501
505,8,cm7173,Delayed,North Sharonton,North Omar,2025-01-02,Smith-Grant,Van,3131,27,New Allison,6906
1239,94,io7535,Delayed,Frederickmouth,Justinshire,2025-01-31,"Henderson, Hanson and Middleton",Truck,8830,26,Wendyport,5737
842,90,Sh5537,Delivered,North Sandra,Catherinefort,2025-01-24,Rocha PLC,Truck,2116,3,New Katrinamouth,6586
917,73,Iz6972,In Transit,Lawsonmouth,Russellshire,2025-01-08,"Smith, Lewis and Luna",Truck,5944,14,Laurenhaven,8677
81,98,No0079,Delivered,Nelsonbury,South Josemouth,2025-01-27,Jacobson-Mann,Van,7026,14,Laurenhaven,8677
1391,13,lr3644,Delayed,Stoneland,New Loritown,2025-01-12,"Jones, Porter and Butler",Van,7419,3,New Katrinamouth,6586
352,51,Qk1616,Delivered,East Jeffreymouth,South Deborah,2025-01-27,Johnson and Sons,Truck,3772,2,New April,9924
89,83,Ik3426,In Transit,Lake Bradleyshire,Tinabury,2025-01-22,Navarro Ltd,Ship,8947,14,Laurenhaven,8677
1493,73,kr7857,Delayed,South Hannah,Cynthiamouth,2025-01-03,"Smith, Lewis and Luna",Truck,5944,14,Laurenhaven,8677
1030,9,Wj8669,Delayed,Port Justinbury,South Suzanne,2025-02-16,"Patterson, Benton and Garcia",Truck,7841,10,East Alexandraport,4793
803,25,Be0673,In Transit,North Toddborough,Gutierrezfort,2025-01-22,"Barnes, Armstrong and Mathews",Ship,7220,26,Wendyport,5737
69,6,kM8106,Delayed,Griffinton,Petersonview,2025-02-04,White-Moore,Truck,3006,24,Knightmouth,1091
43,73,HE1873,Delayed,Lake Laurachester,Heatherport,2025-02-11,"Smith, Lewis and Luna",Truck,5944,14,Laurenhaven,8677
1004,6,ao9233,Delayed,Port Veronica,Hunterport,2025-01-28,White-Moore,Truck,3006,24,Knightmouth,1091
1045,44,kE1779,In Transit,North Dawnberg,North William,2025-01-17,Allen-Hill,Van,9214,26,Wendyport,5737
1199,85,xa2454,Delayed,Stoneton,East Chadville,2025-02-09,Dickerson-Navarro,Van,1156,18,North Tiffany,4292
1347,79,oF8941,Delivered,New Elizabethberg,Christopherview,2025-01-20,"Wade, Williams and Clark",Van,8274,7,Cruzton,2248
1308,39,TT5476,Delivered,Tonymouth,East Michaelbury,2025-02-22,Allen LLC,Ship,6855,13,North Randyborough,1599
247,7,AE3352,Delayed,Port Karen,Gouldview,2025-02-22,Calderon-Miller,Van,3362,7,Cruzton,2248
1049,87,hL0001,Delivered,Hugheshaven,South Timothy,2025-01-30,Nolan-Roberts,Truck,2615,7,Cruzton,2248
181,8,xI9561,Delayed,Waltersshire,Lake Bryceside,2025-02-21,Smith-Grant,Van,3131,27,New Allison,6906
638,76,Pn1495,Delivered,Simmonston,Gregorybury,2025-01-17,Clark Group,Van,8948,18,North Tiffany,4292
253,34,hR1164,Delayed,Ashleyview,West Martinmouth,2025-02-10,Oconnell-Anderson,Truck,3928,11,Glendamouth,8814
1324,48,mv1576,Delayed,Jamestown,Grahamchester,2025-02-12,"Noble, Alvarez and Hammond",Van,8083,19,Danaton,7501
1468,23,dy6636,In Transit,Coxton,South Ericaland,2025-01-31,"Pollard, Walker and Arnold",Ship,4969,29,West Shawn,2700
737,37,DH9806,In Transit,Ashleyville,Jimenezton,2025-01-20,Moore-Nguyen,Truck,7085,23,Denisefurt,3279
1047,36,MF0613,Delivered,North Gregory,East Michaelshire,2025-02-01,Walker Group,Truck,1689,17,Nelsonchester,8640
937,90,Dd1728,Delayed,New Brooke,East Adrianborough,2025-01-19,Rocha PLC,Truck,2116,3,New Katrinamouth,6586
1473,71,Bm5858,Delayed,Wallsfurt,Andrewview,2025-02-04,Allen-Smith,Ship,3646,28,Allenside,2661
720,6,zz1367,In Transit,North Michellehaven,New Erin,2025-02-18,White-Moore,Truck,3006,24,Knightmouth,1091
1173,13,gX9236,Delivered,East Kristen,Rachelborough,2025-02-08,"Jones, Porter and Butler",Van,7419,3,New Katrinamouth,6586
198,13,oO0930,Delivered,Acevedoville,Johnberg,2025-01-01,"Jones, Porter and Butler",Van,7419,3,New Katrinamouth,6586
73,37,XM7077,Delivered,Thomasberg,Colemanberg,2025-02-19,Moore-Nguyen,Truck,7085,23,Denisefurt,3279
1287,30,xx6571,Delayed,Lemouth,Wyattside,2025-01-09,"Bailey, Stevens and Jones",Van,5924,14,Laurenhaven,8677
494,47,iG0716,In Transit,North Whitneytown,Smithstad,2025-01-16,Smith-Curtis,Truck,8536,8,Brianshire,5806
1395,47,zj9816,Delivered,East Jeffrey,Lake Jeannetown,2025-01-17,Smith-Curtis,Truck,8536,8,Brianshire,5806
1387,6,WH9292,Delivered,Lake Carriechester,West Jenny,2025-01-14,White-Moore,Truck,3006,24,Knightmouth,1091
390,93,GC2599,Delivered,Moorehaven,East Christine,2025-02-18,"Ortiz, Smith and Johnson",Ship,4718,20,Richardside,6266
1300,13,pc1925,Delivered,Lake Sophiatown,North Theresa,2025-01-08,"Jones, Porter and Butler",Van,7419,3,New Katrinamouth,6586
1207,31,kE3046,Delivered,Lake Ashlee,Toddshire,2025-01-20,"Davis, Smith and Lee",Van,9281,25,New Michaelfort,1547
858,12,VW9504,In Transit,Lake Amyside,Lake Cynthia,2025-02-07,Gonzales-Colon,Ship,4465,26,Wendyport,5737
1262,28,PM8545,In Transit,South Erika,Port Peterfurt,2025-02-05,Graham PLC,Van,4355,30,Lamville,5009
730,98,sC1234,In Transit,Sheltonstad,Jacobville,2025-02-14,Jacobson-Mann,Van,7026,14,Laurenhaven,8677
228,18,XJ8862,Delivered,Port Louis,Kennethchester,2025-01-18,"Fisher, Murphy and Wilson",Van,3893,10,East Alexandraport,4793
608,17,SD1259,Delayed,Roweland,Drakefurt,2025-01-19,Haas-Martin,Van,6411,8,Brianshire,5806
1032,19,HK4083,Delayed,Bradshawshire,Cruzhaven,2025-02-21,"Smith, Barnes and Ramsey",Truck,1136,30,Lamville,5009
255,56,ss4991,Delayed,Port Cindyberg,Blackberg,2025-01-02,Adams LLC,Ship,4752,2,New April,9924
745,79,hS7525,Delayed,South Kara,Lake Michaelbury,2025-02-19,"Wade, Williams and Clark",Van,8274,7,Cruzton,2248
153,58,qN8219,In Transit,Marymouth,Josephfort,2025-01-03,Taylor-Lucas,Ship,4029,2,New April,9924
924,17,NR1339,In Transit,North Anthony,North Savannah,2025-02-07,Haas-Martin,Van,6411,8,Brianshire,5806
659,83,Kl3451,In Transit,Chelseaville,Marshallport,2025-01-23,Navarro Ltd,Ship,8947,14,Laurenhaven,8677
1112,28,yc1155,In Transit,Hunterstad,East Robertfort,2025-01-28,Graham PLC,Van,4355,30,Lamville,5009
952,62,US9461,In Transit,Lake Tyler,West Desiree,2025-01-03,"Nichols, Vazquez and Sullivan",Van,1742,4,North Lorimouth,3948
252,3,ls6535,In Transit,Eileenfurt,Jennifertown,2025-01-11,Parker PLC,Truck,8636,25,New Michaelfort,1547
1292,40,ti3127,In Transit,Port Robinshire,North Frank,2025-01-28,Moreno Inc,Truck,4241,5,Tuckerfort,2516
909,53,xq9015,Delivered,North Stevenshire,Pittmanton,2025-01-08,Hale-Boone,Ship,5759,1,Gilberthaven,2017
1213,84,ZN2933,In Transit,Wolfburgh,East Aimeeburgh,2025-02-19,Porter Inc,Truck,8282,13,North Randyborough,1599
1371,59,oJ9391,In Transit,Lake Marthaborough,Phillipsmouth,2025-01-21,Byrd-Bell,Truck,4104,13,North Randyborough,1599
1258,86,sT3141,In Transit,Gibsonview,Weeksmouth,2025-02-06,Hughes-Perkins,Van,8239,21,North Ruth,5699
1352,57,Ux6741,Delivered,Wallaceborough,Longport,2025-01-15,"Wade, Bennett and Santana",Truck,8837,28,Allenside,2661
454,13,sh9609,Delivered,New Rhonda,West Karaside,2025-01-11,"Jones, Porter and Butler",Van,7419,3,New Katrinamouth,6586
458,55,bt1884,Delayed,East Joshuaburgh,Ryantown,2025-01-22,"Chavez, Woodard and Martin",Truck,7052,21,North Ruth,5699
267,66,cT7356,Delayed,Andrewside,Jessicaburgh,2025-01-19,Kennedy PLC,Truck,9647,5,Tuckerfort,2516
488,100,gJ8986,In Transit,Lindseyland,Richardmouth,2025-01-01,"Hardy, Harris and Lewis",Van,6451,2,New April,9924
1193,7,Zt0706,Delayed,Jeremiahchester,Berryfurt,2025-02-03,Calderon-Miller,Van,3362,7,Cruzton,2248
593,70,Wy7271,Delayed,North Susanbury,Humphreybury,2025-01-30,Landry-Holt,Van,1213,6,South Teresastad,1421
469,25,kg0887,In Transit,New Kevin,Port Vincent,2025-02-01,"Barnes, Armstrong and Mathews",Ship,7220,26,Wendyport,5737
848,48,RF6268,Delayed,East Stephanie,New Melissaton,2025-01-17,"Noble, Alvarez and Hammond",Van,8083,19,Danaton,7501
1479,95,jN4416,Delivered,North Taylorbury,Jacquelineburgh,2025-01-09,Contreras PLC,Truck,2645,6,South Teresastad,1421
1039,78,rm0294,Delivered,Charlesberg,Scottstad,2025-01-16,Keith-Woods,Ship,9186,25,New Michaelfort,1547
973,78,oT7202,Delayed,South Ericamouth,Johnstonland,2025-01-11,Keith-Woods,Ship,9186,25,New Michaelfort,1547
1340,81,rD1785,Delivered,Mikemouth,East Benjamin,2025-01-09,"Collins, Meyer and Harris",Van,9505,3,New Katrinamouth,6586
1288,26,xy4476,Delayed,Joseborough,South Williamberg,2025-02-20,Tanner LLC,Ship,7088,12,Leeland,9997
541,6,Ly3484,Delivered,Madisonfurt,Michelleborough,2025-01-18,White-Moore,Truck,3006,24,Knightmouth,1091
146,87,VA7402,In Transit,Kellymouth,Lake Timothymouth,2025-01-02,Nolan-Roberts,Truck,2615,7,Cruzton,2248
941,70,yq6684,Delivered,Maureenmouth,Morganmouth,2025-02-13,Landry-Holt,Van,1213,6,South Teresastad,1421
341,93,CA1359,Delivered,East Karenton,South Catherineview,2025-01-12,"Ortiz, Smith and Johnson",Ship,4718,20,Richardside,6266
487,82,Ny1016,Delayed,Melissaton,North Nicolemouth,2025-01-15,Bridges Ltd,Truck,3111,23,Denisefurt,3279
259,55,Sx3869,Delivered,South Jeremy,Port Jessica,2025-01-15,"Chavez, Woodard and Martin",Truck,7052,21,North Ruth,5699
438,37,gb3950,In Transit,Phillipberg,Berryland,2025-02-08,Moore-Nguyen,Truck,7085,23,Denisefurt,3279
346,94,IF1813,In Transit,Webbside,Williamsshire,2025-02-14,"Henderson, Hanson and Middleton",Truck,8830,26,Wendyport,5737
1432,26,VV0157,Delivered,West Samuelside,Merrittborough,2025-02-07,Tanner LLC,Ship,7088,12,Leeland,9997
1288,50,DG2808,In Transit,Joseborough,South Williamberg,2025-02-20,"Foster, Green and Hall",Ship,4548,20,Richardside,6266
943,2,Dh5736,Delivered,Ronaldton,Wilcoxville,2025-01-01,Gray-Le,Van,5538,4,North Lorimouth,3948
149,98,pE1670,Delivered,Jameshaven,Port Kelly,2025-02-09,Jacobson-Mann,Van,7026,14,Laurenhaven,8677
90,31,OV7638,Delivered,New Barbara,New Thomaschester,2025-02-18,"Davis, Smith and Lee",Van,9281,25,New Michaelfort,1547
720,12,MW3435,In Transit,North Michellehaven,New Erin,2025-02-18,Gonzales-Colon,Ship,4465,26,Wendyport,5737
1107,51,Xq7367,Delayed,Andrewsville,Port John,2025-02-11,Johnson and Sons,Truck,3772,2,New April,9924
1163,92,IK6037,Delayed,Lake Victoria,New Andrea,2025-02-21,"Alvarado, Robinson and Roth",Van,8601,29,West Shawn,2700
703,30,WB9865,Delayed,Port Anthony,Campbellmouth,2025-01-24,"Bailey, Stevens and Jones",Van,5924,14,Laurenhaven,8677
477,23,fm9189,Delayed,New Nicolemouth,Williambury,2025-01-12,"Pollard, Walker and Arnold",Ship,4969,29,West Shawn,2700
1118,43,XB3552,Delivered,Mooreport,Ayalaside,2025-02-03,Jacobs-Grant,Ship,1119,20,Richardside,6266
377,1,gc1858,Delayed,Robinsonmouth,Santosmouth,2025-02-12,"Martinez, Johnson and Oconnor",Ship,8109,14,Laurenhaven,8677
20,65,Aq8166,Delayed,New Joshua,Christymouth,2025-02-05,"Graham, Barnes and Lawrence",Van,6497,13,North Randyborough,1599
1200,3,UG1745,Delivered,West Jenniferland,Elizabethport,2025-02-10,Parker PLC,Truck,8636,25,New Michaelfort,1547
175,2,BK9182,In Transit,East Melissa,Grahammouth,2025-01-04,Gray-Le,Van,5538,4,North Lorimouth,3948
737,78,KM8120,In Transit,Ashleyville,Jimenezton,2025-01-20,Keith-Woods,Ship,9186,25,New Michaelfort,1547
755,93,hf1452,In Transit,New Adamside,South Patriciastad,2025-01-09,"Ortiz, Smith and Johnson",Ship,4718,20,Richardside,6266
1000,26,Lx9925,Delayed,East Joyceland,North Matthewside,2025-01-19,Tanner LLC,Ship,7088,12,Leeland,9997
240,52,fD1980,Delivered,West Jennifer,East Margaretville,2025-02-09,Miller-Patel,Truck,6123,29,West Shawn,2700
613,15,Fs2160,Delivered,Josephborough,Josephfort,2025-01-31,"Smith, Watson and Schultz",Ship,9780,24,Knightmouth,1091
1116,71,cp1157,In Transit,West George,New Davidhaven,2025-01-10,Allen-Smith,Ship,3646,28,Allenside,2661
1283,67,kz6296,In Transit,Thompsontown,Brandonmouth,2025-01-13,"Hunt, Thompson and Garcia",Truck,8389,14,Laurenhaven,8677
1249,97,Du8585,Delayed,Obrienfort,Lake Michaelburgh,2025-01-30,Chen-Lopez,Truck,3532,29,West Shawn,2700
1215,45,sY0066,In Transit,Smithton,Paulachester,2025-01-27,Howard Inc,Ship,4232,27,New Allison,6906
391,65,hh5381,Delayed,Danielchester,Jennyfurt,2025-01-19,"Graham, Barnes and Lawrence",Van,6497,13,North Randyborough,1599
502,83,PM9373,Delivered,Port Hannahberg,Solisbury,2025-01-25,Navarro Ltd,Ship,8947,14,Laurenhaven,8677
847,51,vu4310,In Transit,Lauraberg,East Paul,2025-01-13,Johnson and Sons,Truck,3772,2,New April,9924
80,95,FR9778,Delivered,Caseychester,East Shannontown,2025-01-10,Contreras PLC,Truck,2645,6,South Teresastad,1421
664,46,wc1899,Delayed,Wendytown,West Vincentmouth,2025-02-21,May-Hayes,Ship,1488,8,Brianshire,5806
717,76,FK2294,Delayed,Stephaniehaven,Danielsburgh,2025-02-17,Clark Group,Van,8948,18,North Tiffany,4292
371,82,Kb6844,In Transit,Dianeshire,Smithport,2025-02-14,Bridges Ltd,Truck,3111,23,Denisefurt,3279
90,70,By3469,Delivered,New Barbara,New Thomaschester,2025-02-18,Landry-Holt,Van,1213,6,South Teresastad,1421
1067,36,ZY4667,Delayed,Lake Mauricefort,Jasonville,2025-01-24,Walker Group,Truck,1689,17,Nelsonchester,8640
894,39,Sw8532,Delivered,Port Leah,Vaughanmouth,2025-01-28,Allen LLC,Ship,6855,13,North Randyborough,1599
1040,12,KQ0101,Delivered,Stricklandview,Lisaburgh,2025-01-09,Gonzales-Colon,Ship,4465,26,Wendyport,5737
1195,79,Sf5090,Delayed,Johnsonland,Alvaradoborough,2025-01-09,"Wade, Williams and Clark",Van,8274,7,Cruzton,2248
706,94,eC9246,Delivered,Bairdhaven,Lake Johnnytown,2025-01-05,"Henderson, Hanson and Middleton",Truck,8830,26,Wendyport,5737
276,37,py2684,Delayed,West Biancaport,Branchland,2025-01-02,Moore-Nguyen,Truck,7085,23,Denisefurt,3279
297,50,OG4530,Delayed,West William,Lisaview,2025-01-29,"Foster, Green and Hall",Ship,4548,20,Richardside,6266
344,59,ud5429,In Transit,West Kimberly,Phillipshaven,2025-01-20,Byrd-Bell,Truck,4104,13,North Randyborough,1599
1166,2,rH5909,In Transit,New Brian,West Candiceberg,2025-01-27,Gray-Le,Van,5538,4,North Lorimouth,3948
1414,79,XK0483,Delivered,Wesleytown,Murphyport,2025-01-25,"Wade, Williams and Clark",Van,8274,7,Cruzton,2248
1125,30,UB5538,In Transit,Port Sheila,East Kennethberg,2025-02-20,"Bailey, Stevens and Jones",Van,5924,14,Laurenhaven,8677
893,83,YO5358,In Transit,Kristineland,New Alicia,2025-01-28,Navarro Ltd,Ship,8947,14,Laurenhaven,8677
365,25,We0254,In Transit,Crystalton,Port Jamesfort,2025-01-13,"Barnes, Armstrong and Mathews",Ship,7220,26,Wendyport,5737
1235,14,Sq7131,In Transit,Barberport,Lake Richardfort,2025-01-03,Griffith-Horne,Van,2917,22,South Leahburgh,1050
830,24,GD6052,Delayed,Stewartside,North Nathanburgh,2025-01-30,Clark-Hardin,Van,2921,24,Knightmouth,1091
520,100,yb6523,In Transit,Briggschester,Stacyton,2025-01-12,"Hardy, Harris and Lewis",Van,6451,2,New April,9924
875,63,kb8839,In Transit,Clarkland,Lake Jerryside,2025-01-17,"Martinez, Whitehead and Smith",Van,6684,14,Laurenhaven,8677
1418,7,fS1299,Delayed,Reedmouth,South Charleschester,2025-01-02,Calderon-Miller,Van,3362,7,Cruzton,2248
1499,92,Tc8293,Delayed,Port Tylerland,New Jonathonmouth,2025-01-16,"Alvarado, Robinson and Roth",Van,8601,29,West Shawn,2700
706,18,Op2832,Delivered,Bairdhaven,Lake Johnnytown,2025-01-05,"Fisher, Murphy and Wilson",Van,3893,10,East Alexandraport,4793
237,93,hl3463,Delivered,West Janet,Lake Dawn,2025-02-04,"Ortiz, Smith and Johnson",Ship,4718,20,Richardside,6266
504,71,tT5521,In Transit,West Rhonda,South Edwardbury,2025-02-01,Allen-Smith,Ship,3646,28,Allenside,2661
910,30,yU9142,Delivered,Jeremiahmouth,Randychester,2025-02-18,"Bailey, Stevens and Jones",Van,5924,14,Laurenhaven,8677
692,20,Di6486,Delayed,Lake Loriburgh,Alexandriaport,2025-02-12,"Garcia, Spears and Thompson",Ship,8037,17,Nelsonchester,8640
1437,73,ge5601,Delayed,Johnsonside,Lake Alexisside,2025-02-20,"Smith, Lewis and Luna",Truck,5944,14,Laurenhaven,8677
1347,35,iM8492,In Transit,New Elizabethberg,Christopherview,2025-01-20,Bender-Lee,Ship,7510,20,Richardside,6266
1418,89,lx2075,In Transit,Reedmouth,South Charleschester,2025-01-02,"Marquez, Ray and Hernandez",Van,4776,19,Danaton,7501
285,17,lf1375,Delayed,North Nicole,Port Valerie,2025-02-07,Haas-Martin,Van,6411,8,Brianshire,5806
685,89,Gd4810,Delivered,Haleberg,Foxfort,2025-02-05,"Marquez, Ray and Hernandez",Van,4776,19,Danaton,7501
1449,73,Ns4692,Delivered,West Jeremyview,South Melissa,2025-02-04,"Smith, Lewis and Luna",Truck,5944,14,Laurenhaven,8677
720,42,bC9568,Delivered,North Michellehaven,New Erin,2025-02-18,Ford-Swanson,Truck,9843,19,Danaton,7501
1055,1,sC3418,Delivered,North Candiceberg,Mayobury,2025-02-04,"Martinez, Johnson and Oconnor",Ship,8109,14,Laurenhaven,8677
784,84,Qh8879,Delayed,Shawnhaven,Shawhaven,2025-02-16,Porter Inc,Truck,8282,13,North Randyborough,1599
767,7,TN4900,Delivered,Port Timothyview,Michaelshire,2025-01-30,Calderon-Miller,Van,3362,7,Cruzton,2248
811,24,yw2003,In Transit,Reidside,Shaneborough,2025-02-09,Clark-Hardin,Van,2921,24,Knightmouth,1091
755,28,fL7557,Delayed,New Adamside,South Patriciastad,2025-01-09,Graham PLC,Van,4355,30,Lamville,5009
403,36,eY1257,Delivered,East Jasmin,West Kristenmouth,2025-02-17,Walker Group,Truck,1689,17,Nelsonchester,8640
262,59,Wd8008,Delayed,South Jessicaview,Port Alexander,2025-01-03,Byrd-Bell,Truck,4104,13,North Randyborough,1599
178,86,FE5391,In Transit,North Claire,Lake Troyberg,2025-01-02,Hughes-Perkins,Van,8239,21,North Ruth,5699
938,90,Qs3102,In Transit,Jessehaven,New Pamela,2025-01-22,Rocha PLC,Truck,2116,3,New Katrinamouth,6586
1078,2,bu5141,Delivered,South Robert,North Donaldport,2025-02-21,Gray-Le,Van,5538,4,North Lorimouth,3948
341,94,DQ4982,Delivered,East Karenton,South Catherineview,2025-01-12,"Henderson, Hanson and Middleton",Truck,8830,26,Wendyport,5737
922,60,tO0361,In Transit,New Jameshaven,Lake Ericaborough,2025-02-05,Hayes-Anderson,Van,3810,24,Knightmouth,1091
1375,88,ZR2608,In Transit,Christopherstad,North Roy,2025-02-03,Mays-Collier,Truck,5012,15,Michaelmouth,4769
449,82,WI8464,Delivered,West Davidport,Michaelmouth,2025-01-14,Bridges Ltd,Truck,3111,23,Denisefurt,3279
272,45,Xf0761,In Transit,Timothyside,New Monicabury,2025-01-03,Howard Inc,Ship,4232,27,New Allison,6906
575,84,xx0307,In Transit,East Randallfurt,West Michaelfort,2025-01-09,Porter Inc,Truck,8282,13,North Randyborough,1599
956,81,Lh5357,In Transit,South Georgefurt,South Angela,2025-02-10,"Collins, Meyer and Harris",Van,9505,3,New Katrinamouth,6586
1023,63,mE3495,In Transit,South Mariamouth,Reedfort,2025-02-19,"Martinez, Whitehead and Smith",Van,6684,14,Laurenhaven,8677
1220,38,TC2319,Delayed,Kelleymouth,Danastad,2025-01-28,"Murphy, Hogan and Glass",Ship,6857,27,New Allison,6906
336,79,oX2430,Delivered,Lake Brian,North Benjaminfurt,2025-02-03,"Wade, Williams and Clark",Van,8274,7,Cruzton,2248
703,87,vt8484,Delayed,Port Anthony,Campbellmouth,2025-01-24,Nolan-Roberts,Truck,2615,7,Cruzton,2248
590,94,Xo3096,Delayed,Patriciabury,Mccoychester,2025-01-29,"Henderson, Hanson and Middleton",Truck,8830,26,Wendyport,5737
880,96,Nl4525,Delayed,Mcculloughburgh,Port Robert,2025-01-10,Todd-Oconnor,Truck,1583,13,North Randyborough,1599
217,52,yV4847,Delayed,Ginamouth,Lucasmouth,2025-02-02,Miller-Patel,Truck,6123,29,West Shawn,2700
1498,83,wB8495,Delivered,West Laura,Brooksfort,2025-01-17,Navarro Ltd,Ship,8947,14,Laurenhaven,8677
94,15,ip3831,Delayed,Hartstad,Port Daniel,2025-01-02,"Smith, Watson and Schultz",Ship,9780,24,Knightmouth,1091
1218,48,Be4463,Delivered,Lake Sandraberg,South Jasmine,2025-02-13,"Noble, Alvarez and Hammond",Van,8083,19,Danaton,7501
1149,96,BO3816,Delayed,Tarashire,Adamport,2025-01-04,Todd-Oconnor,Truck,1583,13,North Randyborough,1599
1016,77,XK4562,Delayed,Port Michelle,Chapmanton,2025-01-05,Henderson-Rivera,Van,2972,28,Allenside,2661
680,23,rU4841,In Transit,North Daniel,Phillipmouth,2025-02-15,"Pollard, Walker and Arnold",Ship,4969,29,West Shawn,2700
564,51,rK1994,Delayed,East Danielberg,Kingberg,2025-02-17,Johnson and Sons,Truck,3772,2,New April,9924
523,79,sT5817,Delivered,Port William,North Joshua,2025-01-29,"Wade, Williams and Clark",Van,8274,7,Cruzton,2248
437,98,uY9707,In Transit,Monicastad,Jerrymouth,2025-01-18,Jacobson-Mann,Van,7026,14,Laurenhaven,8677
64,76,BZ0271,Delivered,New Brianside,Morganstad,2025-02-13,Clark Group,Van,8948,18,North Tiffany,4292
493,15,ad0379,Delayed,Andreahaven,South Michaelside,2025-01-04,"Smith, Watson and Schultz",Ship,9780,24,Knightmouth,1091
1013,30,wZ8211,Delivered,East Katherine,Mendozaburgh,2025-02-02,"Bailey, Stevens and Jones",Van,5924,14,Laurenhaven,8677
675,31,yn5713,Delayed,Lake Heidichester,East Leslieberg,2025-01-11,"Davis, Smith and Lee",Van,9281,25,New Michaelfort,1547
292,64,cp6805,Delayed,New Heathershire,Norrisfort,2025-01-08,Hopkins-Patel,Truck,2654,10,East Alexandraport,4793
1196,31,ov6150,Delivered,Hansenport,Lake Nicholas,2025-01-29,"Davis, Smith and Lee",Van,9281,25,New Michaelfort,1547
1128,71,al8177,Delivered,West Christopher,Victorburgh,2025-01-27,Allen-Smith,Ship,3646,28,Allenside,2661
501,19,GA4922,In Transit,Davidview,Masonfort,2025-01-19,"Smith, Barnes and Ramsey",Truck,1136,30,Lamville,5009
940,96,mW3218,Delivered,Ryanchester,Kellybury,2025-01-25,Todd-Oconnor,Truck,1583,13,North Randyborough,1599
118,63,WG5473,Delayed,Lisaberg,Jenkinsfort,2025-01-05,"Martinez, Whitehead and Smith",Van,6684,14,Laurenhaven,8677
655,50,ya4374,In Transit,North Ryan,South Stephenview,2025-01-18,"Foster, Green and Hall",Ship,4548,20,Richardside,6266
506,30,fM0975,Delayed,Herrerachester,West Tina,2025-01-04,"Bailey, Stevens and Jones",Van,5924,14,Laurenhaven,8677
860,92,bS8854,Delayed,Port Joshua,Beasleyport,2025-01-01,"Alvarado, Robinson and Roth",Van,8601,29,West Shawn,2700
1201,26,aw7336,Delayed,North Katrinamouth,Port Cheyennestad,2025-01-31,Tanner LLC,Ship,7088,12,Leeland,9997
1390,56,wI9983,Delivered,Gonzalesmouth,Port Jessica,2025-01-26,Adams LLC,Ship,4752,2,New April,9924
562,73,qR0600,Delivered,East Caitlinfort,Kristinberg,2025-01-27,"Smith, Lewis and Luna",Truck,5944,14,Laurenhaven,8677
1144,23,dA5893,Delayed,New Thomas,Port Jessica,2025-01-03,"Pollard, Walker and Arnold",Ship,4969,29,West Shawn,2700
483,65,Lb4818,Delayed,Boyerbury,Port Paigeborough,2025-01-29,"Graham, Barnes and Lawrence",Van,6497,13,North Randyborough,1599
418,81,xI4598,In Transit,Atkinsonfort,Mooreton,2025-02-03,"Collins, Meyer and Harris",Van,9505,3,New Katrinamouth,6586
1029,13,WA9759,In Transit,New Mitchellport,Smithfort,2025-01-15,"Jones, Porter and Butler",Van,7419,3,New Katrinamouth,6586
1066,45,VI9467,Delivered,North Wanda,Mooretown,2025-02-15,Howard Inc,Ship,4232,27,New Allison,6906
924,41,Zr1316,Delayed,North Anthony,North Savannah,2025-02-07,Mendez Group,Truck,6935,24,Knightmouth,1091
772,38,xL0125,In Transit,Jessicaville,Warrenfurt,2025-02-19,"Murphy, Hogan and Glass",Ship,6857,27,New Allison,6906
434,51,wg4897,In Transit,Jenkinstown,Port Ronaldborough,2025-01-18,Johnson and Sons,Truck,3772,2,New April,9924
360,90,oN6351,Delayed,North Lauraland,North Cindytown,2025-02-16,Rocha PLC,Truck,2116,3,New Katrinamouth,6586
1015,35,AP7392,Delivered,Christinamouth,North Ericaland,2025-01-04,Bender-Lee,Ship,7510,20,Richardside,6266
1228,36,By2386,Delivered,Barrerafort,West Shawn,2025-01-10,Walker Group,Truck,1689,17,Nelsonchester,8640
899,19,Gy3264,Delayed,Cooperfurt,Robertsberg,2025-02-02,"Smith, Barnes and Ramsey",Truck,1136,30,Lamville,5009
1271,13,dg0645,Delayed,Stephenport,Lake Breannaview,2025-01-07,"Jones, Porter and Butler",Van,7419,3,New Katrinamouth,6586
125,57,eA1475,Delayed,Jennyborough,New Steventon,2025-02-20,"Wade, Bennett and Santana",Truck,8837,28,Allenside,2661
120,48,wB6592,Delivered,West Andrew,East Marissabury,2025-02-09,"Noble, Alvarez and Hammond",Van,8083,19,Danaton,7501
1202,20,GP2204,In Transit,South Kevin,Bobstad,2025-02-16,"Garcia, Spears and Thompson",Ship,8037,17,Nelsonchester,8640
991,14,sy5975,Delivered,Brendaport,Angelashire,2025-01-12,Griffith-Horne,Van,2917,22,South Leahburgh,1050
651,71,zv5346,Delivered,West Travis,West Alan,2025-01-23,Allen-Smith,Ship,3646,28,Allenside,2661
608,47,ED9869,Delayed,Roweland,Drakefurt,2025-01-19,Smith-Curtis,Truck,8536,8,Brianshire,5806
196,66,FP9658,Delayed,Port Emily,Holtside,2025-01-29,Kennedy PLC,Truck,9647,5,Tuckerfort,2516
1498,22,XW1032,Delayed,West Laura,Brooksfort,2025-01-17,Kelly-Lewis,Truck,2477,5,Tuckerfort,2516
1242,39,ns4231,In Transit,Christianport,Port Bettyshire,2025-01-18,Allen LLC,Ship,6855,13,North Randyborough,1599
649,45,GW6746,Delivered,Hernandezfort,Christopherchester,2025-01-19,Howard Inc,Ship,4232,27,New Allison,6906
1013,51,Oy8912,Delayed,East Katherine,Mendozaburgh,2025-02-02,Johnson and Sons,Truck,3772,2,New April,9924
506,28,zM9315,Delivered,Herrerachester,West Tina,2025-01-04,Graham PLC,Van,4355,30,Lamville,5009
405,27,cB0608,Delayed,North Tonyaburgh,Garnerport,2025-01-18,Weaver-Lopez,Ship,6823,10,East Alexandraport,4793
719,69,PG7225,Delayed,West Debra,Port Shawnaberg,2025-02-08,Bell Inc,Van,5273,18,North Tiffany,4292
836,77,cx2072,Delayed,Nathanborough,Port Craigburgh,2025-01-30,Henderson-Rivera,Van,2972,28,Allenside,2661
856,13,lA5754,In Transit,Lake Tammy,West Allenstad,2025-02-18,"Jones, Porter and Butler",Van,7419,3,New Katrinamouth,6586
742,85,bq4785,In Transit,Pruittbury,Mitchellmouth,2025-01-01,Dickerson-Navarro,Van,1156,18,North Tiffany,4292
151,21,fB4765,Delivered,South Jamiemouth,West Lauren,2025-02-16,Anderson-Jennings,Ship,3849,19,Danaton,7501
1137,11,mD4664,Delayed,New Kaylastad,West Paulfort,2025-01-06,"Waller, Barrett and Smith",Van,9803,1,Gilberthaven,2017
152,27,ON6723,Delivered,Michaelchester,East Ginashire,2025-02-13,Weaver-Lopez,Ship,6823,10,East Alexandraport,4793
1341,51,zh1426,In Transit,New Katrinatown,Lucasberg,2025-01-23,Johnson and Sons,Truck,3772,2,New April,9924
1499,23,un6948,Delivered,Port Tylerland,New Jonathonmouth,2025-01-16,"Pollard, Walker and Arnold",Ship,4969,29,West Shawn,2700
6,46,xf9642,Delayed,North Laurenberg,Macdonaldside,2025-01-14,May-Hayes,Ship,1488,8,Brianshire,5806
379,49,hX6007,In Transit,Lake Alice,Ericfurt,2025-01-09,Sexton-Pierce,Truck,7265,22,South Leahburgh,1050
480,36,lz3106,Delayed,South William,Hunterhaven,2025-02-12,Walker Group,Truck,1689,17,Nelsonchester,8640
833,95,xy8886,Delivered,Smithshire,Gabriellabury,2025-02-20,Contreras PLC,Truck,2645,6,South Teresastad,1421
225,84,Ez5562,Delayed,New Amy,Forbesport,2025-02-21,Porter Inc,Truck,8282,13,North Randyborough,1599
337,48,fw4089,In Transit,Lake Sean,Pacehaven,2025-01-06,"Noble, Alvarez and Hammond",Van,8083,19,Danaton,7501
1499,83,bN4772,In Transit,Port Tylerland,New Jonathonmouth,2025-01-16,Navarro Ltd,Ship,8947,14,Laurenhaven,8677
643,51,RQ0881,Delayed,Morriston,Joshuamouth,2025-01-15,Johnson and Sons,Truck,3772,2,New April,9924
847,25,ps5277,Delivered,Lauraberg,East Paul,2025-01-13,"Barnes, Armstrong and Mathews",Ship,7220,26,Wendyport,5737
78,81,uW4006,In Transit,Thomashaven,Monroeside,2025-01-15,"Collins, Meyer and Harris",Van,9505,3,New Katrinamouth,6586
653,3,ZB9460,In Transit,Robinsonburgh,West Davidshire,2025-01-03,Parker PLC,Truck,8636,25,New Michaelfort,1547
801,19,Dv8806,Delayed,Erinview,Kathleenburgh,2025-02-04,"Smith, Barnes and Ramsey",Truck,1136,30,Lamville,5009
866,9,cC1901,Delayed,Brittanyshire,East Adam,2025-01-07,"Patterson, Benton and Garcia",Truck,7841,10,East Alexandraport,4793
922,34,RQ3904,Delivered,New Jameshaven,Lake Ericaborough,2025-02-05,Oconnell-Anderson,Truck,3928,11,Glendamouth,8814
323,24,Gz2239,Delayed,Dianeview,West Michaelfort,2025-02-03,Clark-Hardin,Van,2921,24,Knightmouth,1091
255,98,qX4072,Delivered,Port Cindyberg,Blackberg,2025-01-02,Jacobson-Mann,Van,7026,14,Laurenhaven,8677
1035,30,Hq5586,Delayed,Lawrenceside,Austinville,2025-01-08,"Bailey, Stevens and Jones",Van,5924,14,Laurenhaven,8677
1386,63,Zz8776,In Transit,Michaeltown,Jacksonborough,2025-01-18,"Martinez, Whitehead and Smith",Van,6684,14,Laurenhaven,8677
177,59,yE2773,Delivered,Theresaton,New Kimberly,2025-02-20,Byrd-Bell,Truck,4104,13,North Randyborough,1599
320,9,ad7635,Delayed,Selenafurt,North Anthonyside,2025-01-31,"Patterson, Benton and Garcia",Truck,7841,10,East Alexandraport,4793
681,85,He2704,In Transit,Tracyberg,New Brianview,2025-02-13,Dickerson-Navarro,Van,1156,18,North Tiffany,4292
673,72,hp7104,Delayed,North Manuelchester,North James,2025-01-14,Reed-Barnes,Truck,4203,29,West Shawn,2700
1194,84,aT4489,Delayed,Amandastad,New Davidmouth,2025-01-12,Porter Inc,Truck,8282,13,North Randyborough,1599
1063,53,DG6754,Delayed,South Lisashire,Port Molly,2025-02-20,Hale-Boone,Ship,5759,1,Gilberthaven,2017
235,14,oG3390,Delayed,Thomasview,Randallshire,2025-02-20,Griffith-Horne,Van,2917,22,South Leahburgh,1050
876,84,um3683,In Transit,North Matthewchester,Port Kevin,2025-01-16,Porter Inc,Truck,8282,13,North Randyborough,1599
1253,88,ae4143,In Transit,South Brentton,Chadmouth,2025-02-13,Mays-Collier,Truck,5012,15,Michaelmouth,4769
799,21,kq1884,Delivered,Sharontown,Harrischester,2025-01-22,Anderson-Jennings,Ship,3849,19,Danaton,7501
84,25,QJ7699,In Transit,Port Williamberg,South Karabury,2025-02-01,"Barnes, Armstrong and Mathews",Ship,7220,26,Wendyport,5737
1305,16,nR9694,Delivered,Andrewton,New Tanyamouth,2025-01-01,Li-Park,Truck,5315,2,New April,9924
1092,49,AL1471,In Transit,North Amberfurt,Port Jonathan,2025-01-14,Sexton-Pierce,Truck,7265,22,South Leahburgh,1050
1274,20,kJ8837,In Transit,East Gregoryshire,Normanbury,2025-01-30,"Garcia, Spears and Thompson",Ship,8037,17,Nelsonchester,8640
863,19,mC2608,In Transit,Meganbury,Estradaside,2025-01-03,"Smith, Barnes and Ramsey",Truck,1136,30,Lamville,5009
1264,15,Jl3096,In Transit,Clarkton,South Abigail,2025-01-18,"Smith, Watson and Schultz",Ship,9780,24,Knightmouth,1091
954,64,AO8137,Delivered,Lake Stevenhaven,Johnsontown,2025-01-20,Hopkins-Patel,Truck,2654,10,East Alexandraport,4793
1279,66,wj8052,In Transit,New John,Port Jessica,2025-01-17,Kennedy PLC,Truck,9647,5,Tuckerfort,2516
98,82,of5278,Delivered,Mitchellville,East Kimberly,2025-02-07,Bridges Ltd,Truck,3111,23,Denisefurt,3279
1042,31,Qe4295,In Transit,Tammyview,Ashleyburgh,2025-01-03,"Davis, Smith and Lee",Van,9281,25,New Michaelfort,1547
1476,13,eg2119,Delayed,Nicholasmouth,Herringhaven,2025-02-14,"Jones, Porter and Butler",Van,7419,3,New Katrinamouth,6586
476,47,gb7057,Delivered,Port Andrewbury,Smithfurt,2025-01-23,Smith-Curtis,Truck,8536,8,Brianshire,5806
1042,53,fe5565,Delayed,Tammyview,Ashleyburgh,2025-01-03,Hale-Boone,Ship,5759,1,Gilberthaven,2017
218,38,qX3350,Delayed,Gordonbury,East Heather,2025-01-17,"Murphy, Hogan and Glass",Ship,6857,27,New Allison,6906
1045,17,to6306,Delayed,North Dawnberg,North William,2025-01-17,Haas-Martin,Van,6411,8,Brianshire,5806
1121,73,vi9568,In Transit,New Ianfort,West Terrybury,2025-01-06,"Smith, Lewis and Luna",Truck,5944,14,Laurenhaven,8677
1167,42,Im7044,Delivered,Wellsmouth,Moralesstad,2025-02-17,Ford-Swanson,Truck,9843,19,Danaton,7501
866,73,XN6528,Delivered,Brittanyshire,East Adam,2025-01-07,"Smith, Lewis and Luna",Truck,5944,14,Laurenhaven,8677
1248,41,WY5830,Delayed,Nicoleborough,Turnerfort,2025-01-23,Mendez Group,Truck,6935,24,Knightmouth,1091
1490,7,eR2134,Delayed,Cherylhaven,Kimberlytown,2025-02-07,Calderon-Miller,Van,3362,7,Cruzton,2248
260,47,HK4430,Delivered,Annettebury,Port Kristen,2025-01-10,Smith-Curtis,Truck,8536,8,Brianshire,5806
778,29,Wd6251,In Transit,Port Zacharyhaven,Copelandville,2025-01-22,Vang LLC,Ship,6365,8,Brianshire,5806
1407,82,KJ5230,Delivered,Nelsonstad,Stanleyland,2025-01-25,Bridges Ltd,Truck,3111,23,Denisefurt,3279
143,46,aa5184,Delayed,West Maxwell,Port Leahfurt,2025-01-21,May-Hayes,Ship,1488,8,Brianshire,5806
1207,44,kp9586,Delivered,Lake Ashlee,Toddshire,2025-01-20,Allen-Hill,Van,9214,26,Wendyport,5737
1453,49,aX5935,In Transit,North William,Port Matthewborough,2025-02-08,Sexton-Pierce,Truck,7265,22,South Leahburgh,1050
1028,44,Kw2284,Delivered,Harmonberg,Sullivanberg,2025-02-20,Allen-Hill,Van,9214,26,Wendyport,5737
409,2,eP4886,Delivered,Aprilmouth,West Rebecca,2025-01-16,Gray-Le,Van,5538,4,North Lorimouth,3948
199,24,oc0215,Delayed,New John,Knappburgh,2025-02-15,Clark-Hardin,Van,2921,24,Knightmouth,1091
488,9,bq8110,In Transit,Lindseyland,Richardmouth,2025-01-01,"Patterson, Benton and Garcia",Truck,7841,10,East Alexandraport,4793
788,51,QT2687,Delivered,Jeremystad,Sotoside,2025-02-04,Johnson and Sons,Truck,3772,2,New April,9924
488,68,OS3504,In Transit,Lindseyland,Richardmouth,2025-01-01,"Aguirre, Hatfield and Patterson",Ship,3835,15,Michaelmouth,4769
847,90,Ag1226,Delivered,Lauraberg,East Paul,2025-01-13,Rocha PLC,Truck,2116,3,New Katrinamouth,6586
1064,78,XU2533,In Transit,Parkerbury,Port Stevenview,2025-02-09,Keith-Woods,Ship,9186,25,New Michaelfort,1547
544,57,aW7257,Delivered,Port Rebeccaport,Gordonshire,2025-01-01,"Wade, Bennett and Santana",Truck,8837,28,Allenside,2661
1369,66,Tp0704,In Transit,South Deborahside,East Traci,2025-01-27,Kennedy PLC,Truck,9647,5,Tuckerfort,2516
95,97,cs0278,In Transit,Buckleyborough,New Peterport,2025-01-09,Chen-Lopez,Truck,3532,29,West Shawn,2700
535,42,JR6194,Delayed,South Melanie,East Steven,2025-01-12,Ford-Swanson,Truck,9843,19,Danaton,7501
3,37,vn2663,Delayed,Careymouth,Port Kimberly,2025-02-18,Moore-Nguyen,Truck,7085,23,Denisefurt,3279
312,82,St5114,Delivered,North Patrickbury,North Alexanderview,2025-01-13,Bridges Ltd,Truck,3111,23,Denisefurt,3279
397,2,Gz1500,Delayed,South Andrew,Lake Dennisland,2025-02-22,Gray-Le,Van,5538,4,North Lorimouth,3948
26,38,Pi4074,Delivered,New Katiebury,North Alyssaport,2025-01-15,"Murphy, Hogan and Glass",Ship,6857,27,New Allison,6906
762,66,hF8042,Delivered,Tylerchester,West Christopher,2025-02-13,Kennedy PLC,Truck,9647,5,Tuckerfort,2516
945,4,zn0153,Delayed,Lake Sandrahaven,New Amberfort,2025-01-30,Ross LLC,Truck,1955,11,Glendamouth,8814
1054,67,QS0063,In Transit,New Michael,Davidhaven,2025-01-26,"Hunt, Thompson and Garcia",Truck,8389,14,Laurenhaven,8677
1276,68,ak6988,In Transit,South Valerie,Susanburgh,2025-02-10,"Aguirre, Hatfield and Patterson",Ship,3835,15,Michaelmouth,4769
19,72,OJ8062,Delayed,Michaelville,Caitlinborough,2025-01-14,Reed-Barnes,Truck,4203,29,West Shawn,2700
1135,99,Lj2632,Delayed,New Christopherberg,Lake Kimberly,2025-02-08,Arroyo and Sons,Truck,8199,26,Wendyport,5737
1000,9,Zn3971,Delivered,East Joyceland,North Matthewside,2025-01-19,"Patterson, Benton and Garcia",Truck,7841,10,East Alexandraport,4793
273,52,xt6585,Delivered,East Kaitlyn,Mcdonaldhaven,2025-01-23,Miller-Patel,Truck,6123,29,West Shawn,2700
1493,31,zn2387,Delivered,South Hannah,Cynthiamouth,2025-01-03,"Davis, Smith and Lee",Van,9281,25,New Michaelfort,1547
1142,92,ia4678,Delayed,West Jeremystad,North Crystalfort,2025-01-21,"Alvarado, Robinson and Roth",Van,8601,29,West Shawn,2700
406,25,Yf1813,In Transit,Greenside,North Markton,2025-02-14,"Barnes, Armstrong and Mathews",Ship,7220,26,Wendyport,5737
935,18,vk6633,In Transit,Clarkview,Adamhaven,2025-01-15,"Fisher, Murphy and Wilson",Van,3893,10,East Alexandraport,4793
1443,69,MS2067,Delayed,East George,New Robertton,2025-02-07,Bell Inc,Van,5273,18,North Tiffany,4292
85,30,Bi9606,Delivered,West Brendamouth,Stevenmouth,2025-02-01,"Bailey, Stevens and Jones",Van,5924,14,Laurenhaven,8677
455,99,sn6102,In Transit,Rileyhaven,Michellemouth,2025-01-02,Arroyo and Sons,Truck,8199,26,Wendyport,5737
687,74,hO2822,Delivered,Smithmouth,Christown,2025-02-13,Stone-Richardson,Ship,2451,23,Denisefurt,3279
1182,15,VY3273,In Transit,Torreschester,South Robertville,2025-02-12,"Smith, Watson and Schultz",Ship,9780,24,Knightmouth,1091
81,71,fr1232,In Transit,Nelsonbury,South Josemouth,2025-01-27,Allen-Smith,Ship,3646,28,Allenside,2661
238,10,Uj0879,Delivered,Melissaland,North Michaelview,2025-01-10,"Ortiz, Vargas and Johnson",Truck,2472,12,Leeland,9997
1256,39,qm7219,Delayed,Emilyfort,Port Jacquelinefort,2025-02-06,Allen LLC,Ship,6855,13,North Randyborough,1599
165,73,mr2797,In Transit,New Elizabethfurt,North Jerrymouth,2025-01-16,"Smith, Lewis and Luna",Truck,5944,14,Laurenhaven,8677
689,41,gF8353,In Transit,Stewarthaven,Lake Karen,2025-02-20,Mendez Group,Truck,6935,24,Knightmouth,1091
1066,49,rb2118,Delayed,North Wanda,Mooretown,2025-02-15,Sexton-Pierce,Truck,7265,22,South Leahburgh,1050
594,80,Sq1079,In Transit,Daychester,Hernandezmouth,2025-02-04,Miller-Hardy,Van,4667,4,North Lorimouth,3948
1099,30,PV2882,In Transit,New Krystalborough,New Isabellaport,2025-02-17,"Bailey, Stevens and Jones",Van,5924,14,Laurenhaven,8677
88,87,dv6947,Delayed,Port Briantown,East Lisa,2025-01-21,Nolan-Roberts,Truck,2615,7,Cruzton,2248
1448,91,OM1450,Delivered,South Kaitlyn,North Davidstad,2025-01-04,Black-Evans,Truck,4485,23,Denisefurt,3279
621,91,We2675,Delivered,South Stephanie,North Josephfort,2025-02-16,Black-Evans,Truck,4485,23,Denisefurt,3279
830,89,ZB4575,Delayed,Stewartside,North Nathanburgh,2025-01-30,"Marquez, Ray and Hernandez",Van,4776,19,Danaton,7501
1099,29,Da1677,Delivered,New Krystalborough,New Isabellaport,2025-02-17,Vang LLC,Ship,6365,8,Brianshire,5806
189,70,Xq0156,In Transit,Codyview,New Timothyville,2025-01-17,Landry-Holt,Van,1213,6,South Teresastad,1421
970,74,ai6908,Delivered,Cynthiaside,East Sean,2025-01-14,Stone-Richardson,Ship,2451,23,Denisefurt,3279
694,89,AP4193,In Transit,South Emma,Amandaland,2025-01-05,"Marquez, Ray and Hernandez",Van,4776,19,Danaton,7501
31,77,iV5876,Delayed,North Elizabeth,North Vincentton,2025-02-13,Henderson-Rivera,Van,2972,28,Allenside,2661
1145,20,Yi3388,Delayed,East Grace,Jenniferborough,2025-01-20,"Garcia, Spears and Thompson",Ship,8037,17,Nelsonchester,8640
1,20,cP4522,In Transit,Port Thomas,Molinashire,2025-02-19,"Garcia, Spears and Thompson",Ship,8037,17,Nelsonchester,8640
23,12,mY7399,Delivered,Lake Rebekah,Port Linda,2025-01-15,Gonzales-Colon,Ship,4465,26,Wendyport,5737
1053,31,Qe9971,Delivered,East Christopherchester,Williamsland,2025-02-02,"Davis, Smith and Lee",Van,9281,25,New Michaelfort,1547
695,58,Sy3518,Delayed,West Michaeltown,Veronicaborough,2025-02-02,Taylor-Lucas,Ship,4029,2,New April,9924
1013,74,XA8912,Delayed,East Katherine,Mendozaburgh,2025-02-02,Stone-Richardson,Ship,2451,23,Denisefurt,3279
1112,30,Zc7196,Delayed,Hunterstad,East Robertfort,2025-01-28,"Bailey, Stevens and Jones",Van,5924,14,Laurenhaven,8677
745,66,pb8096,In Transit,South Kara,Lake Michaelbury,2025-02-19,Kennedy PLC,Truck,9647,5,Tuckerfort,2516
831,32,wp2122,Delayed,West Brooketown,Amberchester,2025-02-04,Gutierrez-Harris,Van,1181,17,Nelsonchester,8640
1454,9,um2466,Delayed,North Christophermouth,Davisland,2025-01-16,"Patterson, Benton and Garcia",Truck,7841,10,East Alexandraport,4793
1449,17,Uy6655,In Transit,West Jeremyview,South Melissa,2025-02-04,Haas-Martin,Van,6411,8,Brianshire,5806
1475,90,iD9430,In Transit,Patriciaborough,Bellfurt,2025-02-09,Rocha PLC,Truck,2116,3,New Katrinamouth,6586
1219,34,YW5914,Delayed,North Pennymouth,Leslieville,2025-01-30,Oconnell-Anderson,Truck,3928,11,Glendamouth,8814
645,59,Gd7912,Delayed,Port Emily,South Kevinview,2025-01-12,Byrd-Bell,Truck,4104,13,North Randyborough,1599
1448,58,yP3459,Delivered,South Kaitlyn,North Davidstad,2025-01-04,Taylor-Lucas,Ship,4029,2,New April,9924
446,97,MU3717,In Transit,Anthonyburgh,North Heatherside,2025-02-08,Chen-Lopez,Truck,3532,29,West Shawn,2700
376,16,zg3049,Delivered,Salasborough,Sandersstad,2025-01-11,Li-Park,Truck,5315,2,New April,9924
14,84,at5005,In Transit,North Kristinahaven,Gallowaychester,2025-01-29,Porter Inc,Truck,8282,13,North Randyborough,1599
1464,84,VB6224,In Transit,Teresaview,Bartonfort,2025-01-08,Porter Inc,Truck,8282,13,North Randyborough,1599
660,26,qu6635,In Transit,Charlesbury,West Savannahview,2025-02-21,Tanner LLC,Ship,7088,12,Leeland,9997
1067,46,vz1669,Delivered,Lake Mauricefort,Jasonville,2025-01-24,May-Hayes,Ship,1488,8,Brianshire,5806
241,5,vE4393,Delayed,Lake Abigail,New Cherylville,2025-01-12,Smith-Henderson,Truck,6718,14,Laurenhaven,8677
813,63,uo0201,In Transit,South Josephport,East Jamesfort,2025-02-08,"Martinez, Whitehead and Smith",Van,6684,14,Laurenhaven,8677
1148,59,Sk5319,Delivered,Blankenshipland,Smithville,2025-02-15,Byrd-Bell,Truck,4104,13,North Randyborough,1599
1010,22,CU8521,In Transit,Arnoldshire,Davidbury,2025-01-12,Kelly-Lewis,Truck,2477,5,Tuckerfort,2516
414,74,lM8783,Delivered,Lunaview,Cooperhaven,2025-02-16,Stone-Richardson,Ship,2451,23,Denisefurt,3279
610,74,gp1356,In Transit,Smallmouth,Pageborough,2025-02-08,Stone-Richardson,Ship,2451,23,Denisefurt,3279
1470,77,OP9034,Delayed,Cynthiaburgh,Port Kimberly,2025-01-24,Henderson-Rivera,Van,2972,28,Allenside,2661
545,44,GC4833,Delayed,East Carolshire,South Lisa,2025-02-13,Allen-Hill,Van,9214,26,Wendyport,5737
325,72,vN8683,Delivered,Josephburgh,East Brandon,2025-02-20,Reed-Barnes,Truck,4203,29,West Shawn,2700
1392,56,Kz8222,Delivered,Lake Victoria,Edwardside,2025-02-11,Adams LLC,Ship,4752,2,New April,9924
785,49,gQ2982,Delivered,West Jennifer,North Diana,2025-02-17,Sexton-Pierce,Truck,7265,22,South Leahburgh,1050
370,33,bJ6508,In Transit,New Daltonbury,Matthewsshire,2025-01-12,Gates-Smith,Ship,2654,19,Danaton,7501
525,93,kt6565,In Transit,North Jamesside,East Michael,2025-02-15,"Ortiz, Smith and Johnson",Ship,4718,20,Richardside,6266
481,30,oR9985,In Transit,Dustinfurt,Port Tracy,2025-01-26,"Bailey, Stevens and Jones",Van,5924,14,Laurenhaven,8677
1356,21,CS8297,Delivered,New Rebecca,East Karenland,2025-01-02,Anderson-Jennings,Ship,3849,19,Danaton,7501
217,31,Zw4354,In Transit,Ginamouth,Lucasmouth,2025-02-02,"Davis, Smith and Lee",Van,9281,25,New Michaelfort,1547
507,91,zn6439,Delivered,Danielchester,West Richardview,2025-01-12,Black-Evans,Truck,4485,23,Denisefurt,3279
1077,73,XD0570,In Transit,Wendyview,North Allisonbury,2025-01-21,"Smith, Lewis and Luna",Truck,5944,14,Laurenhaven,8677
308,9,Kx6779,In Transit,Blackmouth,Charlestown,2025-01-03,"Patterson, Benton and Garcia",Truck,7841,10,East Alexandraport,4793
945,60,ow6484,In Transit,Lake Sandrahaven,New Amberfort,2025-01-30,Hayes-Anderson,Van,3810,24,Knightmouth,1091
652,4,vh5987,Delayed,Pamelaborough,Deleontown,2025-02-01,Ross LLC,Truck,1955,11,Glendamouth,8814
770,10,CD4455,Delayed,New Zacharychester,Portermouth,2025-02-11,"Ortiz, Vargas and Johnson",Truck,2472,12,Leeland,9997
1012,55,fq5445,In Transit,Fletcherhaven,Port Alexandriaville,2025-01-01,"Chavez, Woodard and Martin",Truck,7052,21,North Ruth,5699
328,50,TG1499,Delivered,New Lindseyfurt,North Dorothy,2025-01-22,"Foster, Green and Hall",Ship,4548,20,Richardside,6266
1330,65,ZE7481,In Transit,North Heather,South Samuel,2025-01-12,"Graham, Barnes and Lawrence",Van,6497,13,North Randyborough,1599
1152,100,hn5354,Delayed,New Corychester,Connorberg,2025-01-23,"Hardy, Harris and Lewis",Van,6451,2,New April,9924
354,68,uu3701,Delivered,Cindyside,East Amanda,2025-01-22,"Aguirre, Hatfield and Patterson",Ship,3835,15,Michaelmouth,4769
984,96,fC7764,In Transit,Joseberg,South Robinville,2025-01-14,Todd-Oconnor,Truck,1583,13,North Randyborough,1599
437,76,Ok3911,Delivered,Monicastad,Jerrymouth,2025-01-18,Clark Group,Van,8948,18,North Tiffany,4292
271,30,HX3458,In Transit,Lisachester,Lake Ashleyton,2025-01-11,"Bailey, Stevens and Jones",Van,5924,14,Laurenhaven,8677
288,97,ex0947,In Transit,Davidborough,North Brittney,2025-01-25,Chen-Lopez,Truck,3532,29,West Shawn,2700
640,51,Yy2239,Delivered,Danielbury,Russellburgh,2025-02-17,Johnson and Sons,Truck,3772,2,New April,9924
839,82,vn7831,Delivered,Smithburgh,Virginiahaven,2025-01-18,Bridges Ltd,Truck,3111,23,Denisefurt,3279
15,25,TG5129,Delivered,West Gabriellaside,South Teresaborough,2025-01-11,"Barnes, Armstrong and Mathews",Ship,7220,26,Wendyport,5737
415,57,sU3097,Delivered,South John,New Sharonton,2025-01-17,"Wade, Bennett and Santana",Truck,8837,28,Allenside,2661
1454,19,KW7335,Delivered,North Christophermouth,Davisland,2025-01-16,"Smith, Barnes and Ramsey",Truck,1136,30,Lamville,5009
277,58,RL3767,In Transit,Lake Lynn,Jacksonburgh,2025-01-02,Taylor-Lucas,Ship,4029,2,New April,9924
1305,37,MB3891,In Transit,Andrewton,New Tanyamouth,2025-01-01,Moore-Nguyen,Truck,7085,23,Denisefurt,3279
1436,32,Hm7839,Delivered,Hernandezshire,Ginafurt,2025-01-16,Gutierrez-Harris,Van,1181,17,Nelsonchester,8640
611,15,Sl3848,Delivered,North Anthonyton,South Jamie,2025-02-02,"Smith, Watson and Schultz",Ship,9780,24,Knightmouth,1091
877,75,BF9956,In Transit,Cabreratown,Davidland,2025-02-10,Brock Ltd,Truck,8196,11,Glendamouth,8814
724,78,dD1941,Delivered,Willisshire,West Brentland,2025-02-20,Keith-Woods,Ship,9186,25,New Michaelfort,1547
755,21,fm5325,In Transit,New Adamside,South Patriciastad,2025-01-09,Anderson-Jennings,Ship,3849,19,Danaton,7501
575,7,fQ8133,In Transit,East Randallfurt,West Michaelfort,2025-01-09,Calderon-Miller,Van,3362,7,Cruzton,2248
992,73,DR4897,Delivered,Ethanside,Ramosstad,2025-01-18,"Smith, Lewis and Luna",Truck,5944,14,Laurenhaven,8677
1150,99,oO6920,Delivered,Joshuaton,South Rebeccafort,2025-01-23,Arroyo and Sons,Truck,8199,26,Wendyport,5737
929,54,kB2032,In Transit,Tracyville,Claytonport,2025-02-03,Galvan LLC,Truck,1734,25,New Michaelfort,1547
482,16,EN2834,In Transit,West Haley,West Lindseyfort,2025-01-07,Li-Park,Truck,5315,2,New April,9924
1450,100,cG0542,Delivered,Austinhaven,Lake Jasonberg,2025-02-01,"Hardy, Harris and Lewis",Van,6451,2,New April,9924
482,86,YH0200,In Transit,West Haley,West Lindseyfort,2025-01-07,Hughes-Perkins,Van,8239,21,North Ruth,5699
803,39,Ks2497,Delivered,North Toddborough,Gutierrezfort,2025-01-22,Allen LLC,Ship,6855,13,North Randyborough,1599
1099,37,tX9051,Delayed,New Krystalborough,New Isabellaport,2025-02-17,Moore-Nguyen,Truck,7085,23,Denisefurt,3279
1080,99,rL6886,Delayed,Lake Heatherbury,Ronaldport,2025-01-10,Arroyo and Sons,Truck,8199,26,Wendyport,5737
1424,51,dN6171,Delayed,Coopershire,Port Mark,2025-01-18,Johnson and Sons,Truck,3772,2,New April,9924
1056,40,ze1591,Delayed,South Daniel,Scottshire,2025-01-24,Moreno Inc,Truck,4241,5,Tuckerfort,2516
261,26,HY1584,Delayed,Lake Michael,Michaelchester,2025-01-09,Tanner LLC,Ship,7088,12,Leeland,9997
594,62,Oc5486,In Transit,Daychester,Hernandezmouth,2025-02-04,"Nichols, Vazquez and Sullivan",Van,1742,4,North Lorimouth,3948
320,12,WD8470,Delayed,Selenafurt,North Anthonyside,2025-01-31,Gonzales-Colon,Ship,4465,26,Wendyport,5737
1216,12,pc4346,In Transit,West Alanport,Joneston,2025-01-25,Gonzales-Colon,Ship,4465,26,Wendyport,5737
862,64,Vf2258,In Transit,Lake Erikside,Lake Williamhaven,2025-02-14,Hopkins-Patel,Truck,2654,10,East Alexandraport,4793
714,1,cj3547,In Transit,North Kathyland,Lake Travisport,2025-01-09,"Martinez, Johnson and Oconnor",Ship,8109,14,Laurenhaven,8677
596,45,UR8954,Delivered,Lake Stacey,West Bethany,2025-02-19,Howard Inc,Ship,4232,27,New Allison,6906
712,67,PH5753,In Transit,Alexanderville,South Brandonshire,2025-02-05,"Hunt, Thompson and Garcia",Truck,8389,14,Laurenhaven,8677
48,52,Xd1103,Delayed,Donaldburgh,Lake Stephen,2025-01-29,Miller-Patel,Truck,6123,29,West Shawn,2700
8,65,Dk2531,Delivered,Aaronhaven,Jamesport,2025-01-22,"Graham, Barnes and Lawrence",Van,6497,13,North Randyborough,1599
97,78,vi2355,Delayed,South Jesseview,North Jennifer,2025-01-23,Keith-Woods,Ship,9186,25,New Michaelfort,1547
618,94,WJ4480,Delayed,Shepherdview,East Julia,2025-01-07,"Henderson, Hanson and Middleton",Truck,8830,26,Wendyport,5737
854,57,aJ9855,In Transit,West Amberhaven,Port Andrewberg,2025-01-22,"Wade, Bennett and Santana",Truck,8837,28,Allenside,2661
619,78,Tm8148,Delayed,Watkinsbury,Victoriafort,2025-01-28,Keith-Woods,Ship,9186,25,New Michaelfort,1547
936,53,sa1368,Delivered,Lauriechester,Danielhaven,2025-01-13,Hale-Boone,Ship,5759,1,Gilberthaven,2017
988,80,bT5737,In Transit,North Davidville,East Joseberg,2025-02-18,Miller-Hardy,Van,4667,4,North Lorimouth,3948
988,16,Qw6958,In Transit,North Davidville,East Joseberg,2025-02-18,Li-Park,Truck,5315,2,New April,9924
1437,5,PB5176,Delivered,Johnsonside,Lake Alexisside,2025-02-20,Smith-Henderson,Truck,6718,14,Laurenhaven,8677
94,34,vn1206,Delayed,Hartstad,Port Daniel,2025-01-02,Oconnell-Anderson,Truck,3928,11,Glendamouth,8814
360,42,lh2073,Delayed,North Lauraland,North Cindytown,2025-02-16,Ford-Swanson,Truck,9843,19,Danaton,7501
727,12,Fs6770,In Transit,South Jennifer,South Michael,2025-01-27,Gonzales-Colon,Ship,4465,26,Wendyport,5737
1074,79,zn7437,Delivered,Josephmouth,Lake Jasmineburgh,2025-01-20,"Wade, Williams and Clark",Van,8274,7,Cruzton,2248
275,35,fk3697,In Transit,Brandiport,Chenberg,2025-01-10,Bender-Lee,Ship,7510,20,Richardside,6266
330,20,WM9020,Delayed,Meyershire,Woodchester,2025-01-23,"Garcia, Spears and Thompson",Ship,8037,17,Nelsonchester,8640
1132,74,ZP5393,Delivered,Parkport,West Michael,2025-01-25,Stone-Richardson,Ship,2451,23,Denisefurt,3279
24,37,xM4142,In Transit,Moyerburgh,Walshfurt,2025-02-05,Moore-Nguyen,Truck,7085,23,Denisefurt,3279
1482,5,ea1698,Delivered,Pamelastad,West Thomas,2025-02-08,Smith-Henderson,Truck,6718,14,Laurenhaven,8677
280,40,aD3435,Delayed,Traceyside,Janetchester,2025-01-29,Moreno Inc,Truck,4241,5,Tuckerfort,2516
126,70,Dq7456,Delivered,Christopherstad,Lake Jessicaberg,2025-01-09,Landry-Holt,Van,1213,6,South Teresastad,1421
340,69,ku1588,Delivered,West Christopher,North Kim,2025-02-06,Bell Inc,Van,5273,18,North Tiffany,4292
526,77,Dd2395,In Transit,New Denise,Lake Jonathan,2025-01-21,Henderson-Rivera,Van,2972,28,Allenside,2661
1489,64,jV4686,In Transit,Jamesside,Lake Lisa,2025-02-03,Hopkins-Patel,Truck,2654,10,East Alexandraport,4793
275,35,PA3676,Delayed,Brandiport,Chenberg,2025-01-10,Bender-Lee,Ship,7510,20,Richardside,6266
333,24,Df1961,In Transit,Edwardsland,Manningmouth,2025-01-13,Clark-Hardin,Van,2921,24,Knightmouth,1091
275,45,uK0566,In Transit,Brandiport,Chenberg,2025-01-10,Howard Inc,Ship,4232,27,New Allison,6906
232,96,ll2570,Delayed,Port Lancefort,New Tracyfort,2025-01-08,Todd-Oconnor,Truck,1583,13,North Randyborough,1599
364,36,GV1514,Delivered,Juarezmouth,Annafurt,2025-02-13,Walker Group,Truck,1689,17,Nelsonchester,8640
490,17,fb6785,In Transit,West Kathleenport,Munozbury,2025-01-23,Haas-Martin,Van,6411,8,Brianshire,5806
1342,5,Mu1035,Delivered,Danielston,Keithberg,2025-02-15,Smith-Henderson,Truck,6718,14,Laurenhaven,8677
120,62,aG2129,In Transit,West Andrew,East Marissabury,2025-02-09,"Nichols, Vazquez and Sullivan",Van,1742,4,North Lorimouth,3948
668,10,St6637,Delivered,South Davidchester,South Matthewmouth,2025-01-28,"Ortiz, Vargas and Johnson",Truck,2472,12,Leeland,9997
1012,74,Kg1019,Delayed,Fletcherhaven,Port Alexandriaville,2025-01-01,Stone-Richardson,Ship,2451,23,Denisefurt,3279
1349,30,AX0180,In Transit,East Elijahshire,Lake Stephanie,2025-01-16,"Bailey, Stevens and Jones",Van,5924,14,Laurenhaven,8677
1482,61,TU8806,In Transit,Pamelastad,West Thomas,2025-02-08,"Carrillo, Cox and Gentry",Truck,7909,7,Cruzton,2248
488,90,PI1462,Delivered,Lindseyland,Richardmouth,2025-01-01,Rocha PLC,Truck,2116,3,New Katrinamouth,6586
114,92,wa5772,Delivered,Patrickchester,Elizabethshire,2025-01-30,"Alvarado, Robinson and Roth",Van,8601,29,West Shawn,2700
253,20,gm1576,In Transit,Ashleyview,West Martinmouth,2025-02-10,"Garcia, Spears and Thompson",Ship,8037,17,Nelsonchester,8640
409,68,ys5391,Delivered,Aprilmouth,West Rebecca,2025-01-16,"Aguirre, Hatfield and Patterson",Ship,3835,15,Michaelmouth,4769
1048,27,AJ4857,In Transit,North Mark,Hannahmouth,2025-02-15,Weaver-Lopez,Ship,6823,10,East Alexandraport,4793
10,55,ZW1013,In Transit,Williamshaven,Nguyenburgh,2025-01-03,"Chavez, Woodard and Martin",Truck,7052,21,North Ruth,5699
117,48,Hv9725,Delivered,Lake Melissaside,South Elizabethside,2025-01-23,"Noble, Alvarez and Hammond",Van,8083,19,Danaton,7501
398,86,QV5369,In Transit,Thomaschester,Owensbury,2025-01-27,Hughes-Perkins,Van,8239,21,North Ruth,5699
580,25,XU3544,Delivered,North Michael,New Crystalhaven,2025-02-18,"Barnes, Armstrong and Mathews",Ship,7220,26,Wendyport,5737
1445,14,nd9947,In Transit,Stephenfort,Moralesberg,2025-01-12,Griffith-Horne,Van,2917,22,South Leahburgh,1050
412,47,fn9540,In Transit,East Brianna,East Stephen,2025-01-27,Smith-Curtis,Truck,8536,8,Brianshire,5806
953,17,Wa0586,In Transit,Port Jonathan,Castillomouth,2025-01-14,Haas-Martin,Van,6411,8,Brianshire,5806
108,97,vA6506,Delayed,Port Katherine,Andrewview,2025-01-29,Chen-Lopez,Truck,3532,29,West Shawn,2700
671,42,hB0008,Delivered,West Davidfort,Donfurt,2025-01-28,Ford-Swanson,Truck,9843,19,Danaton,7501
1057,74,Pu7935,Delayed,Fernandoshire,Williamsmouth,2025-01-24,Stone-Richardson,Ship,2451,23,Denisefurt,3279
969,93,Ew0166,Delivered,Port Bradleyport,Laurenbury,2025-01-14,"Ortiz, Smith and Johnson",Ship,4718,20,Richardside,6266
765,24,dp0621,In Transit,Douglasbury,Ricemouth,2025-01-02,Clark-Hardin,Van,2921,24,Knightmouth,1091
72,93,bY6039,Delivered,Rodriguezside,New Amyhaven,2025-02-05,"Ortiz, Smith and Johnson",Ship,4718,20,Richardside,6266
608,9,Ez3606,In Transit,Roweland,Drakefurt,2025-01-19,"Patterson, Benton and Garcia",Truck,7841,10,East Alexandraport,4793
1236,77,vg2064,Delivered,Frazierton,East John,2025-02-10,Henderson-Rivera,Van,2972,28,Allenside,2661
80,13,sK8987,In Transit,Caseychester,East Shannontown,2025-01-10,"Jones, Porter and Butler",Van,7419,3,New Katrinamouth,6586
775,46,ow4873,Delivered,New Keithberg,West Josemouth,2025-02-03,May-Hayes,Ship,1488,8,Brianshire,5806
232,37,qG7367,Delivered,Port Lancefort,New Tracyfort,2025-01-08,Moore-Nguyen,Truck,7085,23,Denisefurt,3279
1309,17,tz9590,Delivered,Lake Natashaborough,East Justinland,2025-01-26,Haas-Martin,Van,6411,8,Brianshire,5806
875,2,Ka6299,Delayed,Clarkland,Lake Jerryside,2025-01-17,Gray-Le,Van,5538,4,North Lorimouth,3948
860,57,cP5653,In Transit,Port Joshua,Beasleyport,2025-01-01,"Wade, Bennett and Santana",Truck,8837,28,Allenside,2661
1097,9,Or2886,Delivered,Lake Christopher,Christineborough,2025-02-13,"Patterson, Benton and Garcia",Truck,7841,10,East Alexandraport,4793
341,1,HD6835,Delivered,East Karenton,South Catherineview,2025-01-12,"Martinez, Johnson and Oconnor",Ship,8109,14,Laurenhaven,8677
665,11,tZ4732,Delivered,New Davidchester,Anthonybury,2025-01-29,"Waller, Barrett and Smith",Van,9803,1,Gilberthaven,2017
688,46,bT7391,Delayed,Allenmouth,North Jillville,2025-01-12,May-Hayes,Ship,1488,8,Brianshire,5806
555,75,do4252,In Transit,Andrewmouth,Lake April,2025-01-08,Brock Ltd,Truck,8196,11,Glendamouth,8814
945,14,iH3715,Delayed,Lake Sandrahaven,New Amberfort,2025-01-30,Griffith-Horne,Van,2917,22,South Leahburgh,1050
785,23,lX6957,Delayed,West Jennifer,North Diana,2025-02-17,"Pollard, Walker and Arnold",Ship,4969,29,West Shawn,2700
1302,95,sQ6728,In Transit,Jennaborough,Crystalburgh,2025-01-27,Contreras PLC,Truck,2645,6,South Teresastad,1421
1108,63,wP0360,Delayed,Millerland,Port Carolyn,2025-01-03,"Martinez, Whitehead and Smith",Van,6684,14,Laurenhaven,8677
860,8,un3862,Delivered,Port Joshua,Beasleyport,2025-01-01,Smith-Grant,Van,3131,27,New Allison,6906
581,77,lX0318,Delivered,Amandamouth,East Derekville,2025-01-16,Henderson-Rivera,Van,2972,28,Allenside,2661
62,82,Wl1741,In Transit,West Anne,Robertstown,2025-02-15,Bridges Ltd,Truck,3111,23,Denisefurt,3279
196,71,pv1329,Delayed,Port Emily,Holtside,2025-01-29,Allen-Smith,Ship,3646,28,Allenside,2661
1076,68,Eh9286,Delivered,Scottborough,Port Robertview,2025-02-01,"Aguirre, Hatfield and Patterson",Ship,3835,15,Michaelmouth,4769
34,36,Mo8397,Delayed,Port Patricia,Fosterside,2025-01-05,Walker Group,Truck,1689,17,Nelsonchester,8640
1355,96,re6255,In Transit,Lake Anthonyburgh,East Lindseymouth,2025-02-07,Todd-Oconnor,Truck,1583,13,North Randyborough,1599
1410,64,kr1434,Delivered,New Jason,Lopezville,2025-02-12,Hopkins-Patel,Truck,2654,10,East Alexandraport,4793
936,49,qN0947,Delayed,Lauriechester,Danielhaven,2025-01-13,Sexton-Pierce,Truck,7265,22,South Leahburgh,1050
1181,12,jt7258,In Transit,Lake Juliafort,East Judith,2025-01-12,Gonzales-Colon,Ship,4465,26,Wendyport,5737
513,28,GJ1122,In Transit,Alvarezburgh,Juliebury,2025-01-20,Graham PLC,Van,4355,30,Lamville,5009
1253,48,Pp1021,Delivered,South Brentton,Chadmouth,2025-02-13,"Noble, Alvarez and Hammond",Van,8083,19,Danaton,7501
281,84,qU6423,In Transit,Lake Kimberly,Santiagoburgh,2025-01-21,Porter Inc,Truck,8282,13,North Randyborough,1599
655,62,fn4172,Delayed,North Ryan,South Stephenview,2025-01-18,"Nichols, Vazquez and Sullivan",Van,1742,4,North Lorimouth,3948
1306,75,qS4191,In Transit,Port Zacharyburgh,North Susan,2025-01-02,Brock Ltd,Truck,8196,11,Glendamouth,8814
1433,99,Nw7776,Delivered,New Theresa,Andrewhaven,2025-02-22,Arroyo and Sons,Truck,8199,26,Wendyport,5737
1307,60,zE7043,In Transit,Port Jacob,Lake Karen,2025-01-12,Hayes-Anderson,Van,3810,24,Knightmouth,1091
1149,100,jJ5361,Delivered,Tarashire,Adamport,2025-01-04,"Hardy, Harris and Lewis",Van,6451,2,New April,9924
616,11,YI5037,Delivered,Port Kennethshire,Lynchfurt,2025-01-12,"Waller, Barrett and Smith",Van,9803,1,Gilberthaven,2017
372,88,oj2600,In Transit,Lake Michael,Markfort,2025-02-18,Mays-Collier,Truck,5012,15,Michaelmouth,4769
582,50,Is3324,In Transit,Martinfurt,Cruzfurt,2025-01-04,"Foster, Green and Hall",Ship,4548,20,Richardside,6266
352,44,qN1492,Delivered,East Jeffreymouth,South Deborah,2025-01-27,Allen-Hill,Van,9214,26,Wendyport,5737
1377,92,qA2329,Delayed,Susanchester,North Alexandra,2025-02-06,"Alvarado, Robinson and Roth",Van,8601,29,West Shawn,2700
680,47,SQ1207,In Transit,North Daniel,Phillipmouth,2025-02-15,Smith-Curtis,Truck,8536,8,Brianshire,5806
390,46,Gu4290,Delivered,Moorehaven,East Christine,2025-02-18,May-Hayes,Ship,1488,8,Brianshire,5806
1213,23,pF0942,Delayed,Wolfburgh,East Aimeeburgh,2025-02-19,"Pollard, Walker and Arnold",Ship,4969,29,West Shawn,2700
142,77,rU4252,In Transit,Hudsonmouth,Morganborough,2025-02-05,Henderson-Rivera,Van,2972,28,Allenside,2661
252,27,xj2597,In Transit,Eileenfurt,Jennifertown,2025-01-11,Weaver-Lopez,Ship,6823,10,East Alexandraport,4793
1296,23,cl9300,In Transit,Port Brittany,West Christina,2025-01-04,"Pollard, Walker and Arnold",Ship,4969,29,West Shawn,2700
875,37,BV2082,Delivered,Clarkland,Lake Jerryside,2025-01-17,Moore-Nguyen,Truck,7085,23,Denisefurt,3279
31,39,GS9261,In Transit,North Elizabeth,North Vincentton,2025-02-13,Allen LLC,Ship,6855,13,North Randyborough,1599
363,17,Ae5880,In Transit,Lake Brent,West Fredericktown,2025-02-10,Haas-Martin,Van,6411,8,Brianshire,5806
271,70,lb6576,Delivered,Lisachester,Lake Ashleyton,2025-01-11,Landry-Holt,Van,1213,6,South Teresastad,1421
312,85,kv6966,Delayed,North Patrickbury,North Alexanderview,2025-01-13,Dickerson-Navarro,Van,1156,18,North Tiffany,4292
1168,100,oN0404,In Transit,South Jennifermouth,Sanchezton,2025-02-17,"Hardy, Harris and Lewis",Van,6451,2,New April,9924
232,37,uw8559,In Transit,Port Lancefort,New Tracyfort,2025-01-08,Moore-Nguyen,Truck,7085,23,Denisefurt,3279
668,25,kJ8862,In Transit,South Davidchester,South Matthewmouth,2025-01-28,"Barnes, Armstrong and Mathews",Ship,7220,26,Wendyport,5737
508,88,hD7503,In Transit,New Amber,South Adriana,2025-01-22,Mays-Collier,Truck,5012,15,Michaelmouth,4769
223,74,tx4608,In Transit,Mezatown,South Holly,2025-01-13,Stone-Richardson,Ship,2451,23,Denisefurt,3279
505,76,CM2135,In Transit,North Sharonton,North Omar,2025-01-02,Clark Group,Van,8948,18,North Tiffany,4292
551,96,SL1601,Delayed,North James,Cameronport,2025-01-13,Todd-Oconnor,Truck,1583,13,North Randyborough,1599
1487,25,mX3705,In Transit,Mitchellchester,Davidstad,2025-01-08,"Barnes, Armstrong and Mathews",Ship,7220,26,Wendyport,5737
769,21,Ky6307,Delayed,South Kellyburgh,Marktown,2025-01-13,Anderson-Jennings,Ship,3849,19,Danaton,7501
338,21,vU8473,Delayed,Stephanieburgh,New Katherine,2025-02-15,Anderson-Jennings,Ship,3849,19,Danaton,7501
279,98,fQ0916,Delivered,East Vanessaland,North Kristin,2025-02-01,Jacobson-Mann,Van,7026,14,Laurenhaven,8677
133,13,Jm0396,Delivered,West Gabriellaland,Lake Brian,2025-01-13,"Jones, Porter and Butler",Van,7419,3,New Katrinamouth,6586
519,9,VA6313,In Transit,Wardburgh,Tuckerhaven,2025-02-04,"Patterson, Benton and Garcia",Truck,7841,10,East Alexandraport,4793
1252,77,qz4348,Delayed,Port Hannah,Lake Shelbyside,2025-01-25,Henderson-Rivera,Van,2972,28,Allenside,2661
1047,94,Aj3133,Delayed,North Gregory,East Michaelshire,2025-02-01,"Henderson, Hanson and Middleton",Truck,8830,26,Wendyport,5737
112,28,ww2553,In Transit,East Audreytown,Lake Robert,2025-01-21,Graham PLC,Van,4355,30,Lamville,5009
1487,25,If8349,Delayed,Mitchellchester,Davidstad,2025-01-08,"Barnes, Armstrong and Mathews",Ship,7220,26,Wendyport,5737
957,44,mY5135,Delayed,Lake Peter,Kennedystad,2025-01-25,Allen-Hill,Van,9214,26,Wendyport,5737
997,7,UU8520,Delivered,Jaimeborough,Lake Eric,2025-02-17,Calderon-Miller,Van,3362,7,Cruzton,2248
901,68,uC6734,Delivered,Ericville,North Miguel,2025-01-15,"Aguirre, Hatfield and Patterson",Ship,3835,15,Michaelmouth,4769
1127,39,js1891,Delayed,Andersonton,Kimberlyside,2025-02-16,Allen LLC,Ship,6855,13,North Randyborough,1599
1046,25,Wy5271,Delivered,East Matthewview,Hunterbury,2025-02-10,"Barnes, Armstrong and Mathews",Ship,7220,26,Wendyport,5737
632,64,qY4979,Delivered,Scottburgh,Woodsbury,2025-01-08,Hopkins-Patel,Truck,2654,10,East Alexandraport,4793
1458,12,Wy0067,Delivered,Ellisport,West Vincent,2025-01-24,Gonzales-Colon,Ship,4465,26,Wendyport,5737
931,57,gd2296,Delayed,Wrighthaven,Lake Christy,2025-01-24,"Wade, Bennett and Santana",Truck,8837,28,Allenside,2661
230,80,RI3630,Delivered,East Victoriafurt,Austinview,2025-01-08,Miller-Hardy,Van,4667,4,North Lorimouth,3948
755,62,Dn9153,Delayed,New Adamside,South Patriciastad,2025-01-09,"Nichols, Vazquez and Sullivan",Van,1742,4,North Lorimouth,3948
1155,25,So5123,Delayed,Port Anna,North Pamela,2025-01-18,"Barnes, Armstrong and Mathews",Ship,7220,26,Wendyport,5737
920,80,tv5244,Delivered,New Johnview,Lake Tanyafurt,2025-01-29,Miller-Hardy,Van,4667,4,North Lorimouth,3948
1070,10,Vq7327,Delivered,Jamesside,West Scott,2025-01-26,"Ortiz, Vargas and Johnson",Truck,2472,12,Leeland,9997
106,84,vl2279,In Transit,Haleyville,Kristymouth,2025-02-22,Porter Inc,Truck,8282,13,North Randyborough,1599
1072,16,tJ6833,Delayed,South Alisonview,West Roger,2025-02-11,Li-Park,Truck,5315,2,New April,9924
201,20,TL9197,Delivered,New Aimee,New Monica,2025-01-01,"Garcia, Spears and Thompson",Ship,8037,17,Nelsonchester,8640
349,31,ok2470,Delivered,Perezland,Port Jason,2025-02-18,"Davis, Smith and Lee",Van,9281,25,New Michaelfort,1547
845,54,Yn6852,Delayed,Port Kathy,Rodriguezfurt,2025-02-16,Galvan LLC,Truck,1734,25,New Michaelfort,1547
822,61,zu1191,In Transit,South Mary,Garciaview,2025-02-06,"Carrillo, Cox and Gentry",Truck,7909,7,Cruzton,2248
855,24,Ll7442,Delayed,Shannonview,East Sandrastad,2025-01-14,Clark-Hardin,Van,2921,24,Knightmouth,1091
1227,61,aD6387,Delivered,Amyview,Donaldview,2025-01-09,"Carrillo, Cox and Gentry",Truck,7909,7,Cruzton,2248
1281,47,DJ4197,Delivered,Marciaport,South Rebecca,2025-02-06,Smith-Curtis,Truck,8536,8,Brianshire,5806
1394,26,rR2949,Delayed,Fostertown,Andreaton,2025-01-20,Tanner LLC,Ship,7088,12,Leeland,9997
910,21,nX6435,Delayed,Jeremiahmouth,Randychester,2025-02-18,Anderson-Jennings,Ship,3849,19,Danaton,7501
309,51,mZ5739,Delayed,South Ryan,West Andreside,2025-01-15,Johnson and Sons,Truck,3772,2,New April,9924
64,11,xz4829,Delayed,New Brianside,Morganstad,2025-02-13,"Waller, Barrett and Smith",Van,9803,1,Gilberthaven,2017
666,13,nF7539,In Transit,North Mary,Wrightberg,2025-01-27,"Jones, Porter and Butler",Van,7419,3,New Katrinamouth,6586
1167,32,Kx1751,Delivered,Wellsmouth,Moralesstad,2025-02-17,Gutierrez-Harris,Van,1181,17,Nelsonchester,8640
233,93,rX0849,In Transit,Port Shellyside,West Elizabeth,2025-01-26,"Ortiz, Smith and Johnson",Ship,4718,20,Richardside,6266
1065,31,KC5509,Delayed,Millerport,Lake Scott,2025-02-15,"Davis, Smith and Lee",Van,9281,25,New Michaelfort,1547
343,42,fX7969,Delivered,West Shelbystad,North Amber,2025-01-16,Ford-Swanson,Truck,9843,19,Danaton,7501
280,51,ji1539,Delayed,Traceyside,Janetchester,2025-01-29,Johnson and Sons,Truck,3772,2,New April,9924
36,34,Gc0363,In Transit,Jonesside,South Lauren,2025-01-17,Oconnell-Anderson,Truck,3928,11,Glendamouth,8814
1183,63,ka2659,In Transit,Juanton,Ortegaburgh,2025-02-20,"Martinez, Whitehead and Smith",Van,6684,14,Laurenhaven,8677
1401,62,jH5967,In Transit,Whiteland,New Kenneth,2025-01-28,"Nichols, Vazquez and Sullivan",Van,1742,4,North Lorimouth,3948
4,78,rS1981,Delayed,Jamiefort,East Jamie,2025-01-05,Keith-Woods,Ship,9186,25,New Michaelfort,1547
813,33,gN1253,Delivered,South Josephport,East Jamesfort,2025-02-08,Gates-Smith,Ship,2654,19,Danaton,7501
460,71,PT2940,In Transit,Mitchellmouth,Romerohaven,2025-02-06,Allen-Smith,Ship,3646,28,Allenside,2661
819,85,Lq5703,Delayed,Johnsonton,Alanmouth,2025-01-19,Dickerson-Navarro,Van,1156,18,North Tiffany,4292
246,47,KM3141,Delivered,Andrewsside,Lake Larryburgh,2025-02-16,Smith-Curtis,Truck,8536,8,Brianshire,5806
706,38,hm9637,Delayed,Bairdhaven,Lake Johnnytown,2025-01-05,"Murphy, Hogan and Glass",Ship,6857,27,New Allison,6906
355,96,Kc6365,Delivered,West Brittanychester,Millerstad,2025-02-14,Todd-Oconnor,Truck,1583,13,North Randyborough,1599
583,62,OS8560,Delayed,Thompsonbury,West John,2025-02-12,"Nichols, Vazquez and Sullivan",Van,1742,4,North Lorimouth,3948
1211,13,Zt5107,Delivered,South Cynthiaborough,West Virginiatown,2025-02-18,"Jones, Porter and Butler",Van,7419,3,New Katrinamouth,6586
132,50,zx8094,Delivered,Allisonmouth,Brianfort,2025-02-07,"Foster, Green and Hall",Ship,4548,20,Richardside,6266
571,87,TE1822,Delivered,Beasleyside,North Chrisberg,2025-02-18,Nolan-Roberts,Truck,2615,7,Cruzton,2248
836,58,Wq2242,Delivered,Nathanborough,Port Craigburgh,2025-01-30,Taylor-Lucas,Ship,4029,2,New April,9924
393,56,Oi0422,In Transit,South Dominic,New Frankville,2025-02-08,Adams LLC,Ship,4752,2,New April,9924
1412,34,JM9555,Delivered,South Joel,Millerton,2025-02-20,Oconnell-Anderson,Truck,3928,11,Glendamouth,8814
596,35,mx8479,In Transit,Lake Stacey,West Bethany,2025-02-19,Bender-Lee,Ship,7510,20,Richardside,6266
1231,50,WL9283,In Transit,Whiteland,Timothyville,2025-02-04,"Foster, Green and Hall",Ship,4548,20,Richardside,6266
489,2,FU0085,In Transit,Port Joan,Timothyview,2025-02-18,Gray-Le,Van,5538,4,North Lorimouth,3948
226,81,PH7005,Delivered,Vegamouth,South Danielstad,2025-01-02,"Collins, Meyer and Harris",Van,9505,3,New Katrinamouth,6586
1269,5,wh4439,In Transit,Martinport,Amandastad,2025-01-21,Smith-Henderson,Truck,6718,14,Laurenhaven,8677
1370,66,SP8218,Delivered,Lake Marciaborough,East Patrick,2025-01-19,Kennedy PLC,Truck,9647,5,Tuckerfort,2516
1015,6,av2490,Delayed,Christinamouth,North Ericaland,2025-01-04,White-Moore,Truck,3006,24,Knightmouth,1091
262,89,bD7115,In Transit,South Jessicaview,Port Alexander,2025-01-03,"Marquez, Ray and Hernandez",Van,4776,19,Danaton,7501
456,9,ss7760,In Transit,South Joshua,New Paul,2025-01-24,"Patterson, Benton and Garcia",Truck,7841,10,East Alexandraport,4793
18,24,ou3554,In Transit,West Gregory,Lake Patrick,2025-02-20,Clark-Hardin,Van,2921,24,Knightmouth,1091
367,96,CA7463,Delivered,Frenchburgh,Villaview,2025-01-29,Todd-Oconnor,Truck,1583,13,North Randyborough,1599
1478,33,TW3247,Delayed,Gainesshire,South Rebecca,2025-01-05,Gates-Smith,Ship,2654,19,Danaton,7501
1029,95,pT9651,Delayed,New Mitchellport,Smithfort,2025-01-15,Contreras PLC,Truck,2645,6,South Teresastad,1421
177,97,Md2259,Delivered,Theresaton,New Kimberly,2025-02-20,Chen-Lopez,Truck,3532,29,West Shawn,2700
1339,40,Pj2627,In Transit,Lake Michaelfort,North James,2025-02-09,Moreno Inc,Truck,4241,5,Tuckerfort,2516
1269,23,au3806,Delayed,Martinport,Amandastad,2025-01-21,"Pollard, Walker and Arnold",Ship,4969,29,West Shawn,2700
1316,62,lW4006,In Transit,Johnsonhaven,Lake Daniel,2025-01-23,"Nichols, Vazquez and Sullivan",Van,1742,4,North Lorimouth,3948
149,11,jf0883,In Transit,Jameshaven,Port Kelly,2025-02-09,"Waller, Barrett and Smith",Van,9803,1,Gilberthaven,2017
1255,20,Vk7090,Delivered,Woodsberg,Nicoleport,2025-01-01,"Garcia, Spears and Thompson",Ship,8037,17,Nelsonchester,8640
415,36,XC4428,Delayed,South John,New Sharonton,2025-01-17,Walker Group,Truck,1689,17,Nelsonchester,8640
1223,68,MX0572,Delayed,Holmesport,Sallyhaven,2025-01-29,"Aguirre, Hatfield and Patterson",Ship,3835,15,Michaelmouth,4769
1211,92,er5003,In Transit,South Cynthiaborough,West Virginiatown,2025-02-18,"Alvarado, Robinson and Roth",Van,8601,29,West Shawn,2700
169,18,rx8348,Delayed,North Jillmouth,Lake Jacob,2025-01-15,"Fisher, Murphy and Wilson",Van,3893,10,East Alexandraport,4793
768,81,DM7110,Delayed,East Sydneyborough,Cohenport,2025-01-19,"Collins, Meyer and Harris",Van,9505,3,New Katrinamouth,6586
75,86,sy0550,In Transit,Kimfort,Jonesfurt,2025-01-17,Hughes-Perkins,Van,8239,21,North Ruth,5699
1342,100,pI2989,Delivered,Danielston,Keithberg,2025-02-15,"Hardy, Harris and Lewis",Van,6451,2,New April,9924
968,58,lL4486,In Transit,West Kaitlin,Lorimouth,2025-01-16,Taylor-Lucas,Ship,4029,2,New April,9924
124,49,Kh1898,Delivered,Keithstad,Stevenview,2025-01-07,Sexton-Pierce,Truck,7265,22,South Leahburgh,1050
297,42,fk3662,In Transit,West William,Lisaview,2025-01-29,Ford-Swanson,Truck,9843,19,Danaton,7501
172,81,Kg5340,In Transit,Cisnerosmouth,Brownchester,2025-02-21,"Collins, Meyer and Harris",Van,9505,3,New Katrinamouth,6586
1121,93,kt7597,Delivered,New Ianfort,West Terrybury,2025-01-06,"Ortiz, Smith and Johnson",Ship,4718,20,Richardside,6266
1439,87,Ck9903,In Transit,New Antonio,Roachstad,2025-01-04,Nolan-Roberts,Truck,2615,7,Cruzton,2248
929,74,oC4285,In Transit,Tracyville,Claytonport,2025-02-03,Stone-Richardson,Ship,2451,23,Denisefurt,3279
1100,14,Hq1495,Delivered,New Derekside,North Aaron,2025-01-30,Griffith-Horne,Van,2917,22,South Leahburgh,1050
1453,76,PC9065,Delayed,North William,Port Matthewborough,2025-02-08,Clark Group,Van,8948,18,North Tiffany,4292
163,21,ta6135,Delayed,West Williamview,Andrewfurt,2025-01-28,Anderson-Jennings,Ship,3849,19,Danaton,7501
424,46,yq6516,Delayed,Hillbury,Port Matthew,2025-01-16,May-Hayes,Ship,1488,8,Brianshire,5806
166,3,Qg8065,Delivered,Lake Michael,Sanchezton,2025-01-20,Parker PLC,Truck,8636,25,New Michaelfort,1547
1437,73,qM7676,In Transit,Johnsonside,Lake Alexisside,2025-02-20,"Smith, Lewis and Luna",Truck,5944,14,Laurenhaven,8677
129,65,dt5532,Delayed,Lesterfurt,Danielport,2025-01-29,"Graham, Barnes and Lawrence",Van,6497,13,North Randyborough,1599
518,25,bF9333,Delayed,Wattsstad,Elizabethborough,2025-01-16,"Barnes, Armstrong and Mathews",Ship,7220,26,Wendyport,5737
1246,29,XR5863,Delayed,West Brandichester,East Eric,2025-02-01,Vang LLC,Ship,6365,8,Brianshire,5806
1254,15,NU9049,Delivered,West Scott,Williamstown,2025-02-07,"Smith, Watson and Schultz",Ship,9780,24,Knightmouth,1091
69,94,Tx7195,Delayed,Griffinton,Petersonview,2025-02-04,"Henderson, Hanson and Middleton",Truck,8830,26,Wendyport,5737
259,91,Aa7857,Delivered,South Jeremy,Port Jessica,2025-01-15,Black-Evans,Truck,4485,23,Denisefurt,3279
90,79,EC1722,Delivered,New Barbara,New Thomaschester,2025-02-18,"Wade, Williams and Clark",Van,8274,7,Cruzton,2248
175,6,dh1662,Delivered,East Melissa,Grahammouth,2025-01-04,White-Moore,Truck,3006,24,Knightmouth,1091
164,43,rd3291,In Transit,Munozport,New Joeview,2025-01-16,Jacobs-Grant,Ship,1119,20,Richardside,6266
815,40,ey7237,In Transit,Graceport,New Charles,2025-02-05,Moreno Inc,Truck,4241,5,Tuckerfort,2516
1430,10,rz6153,In Transit,Wiseburgh,New Joshuabury,2025-01-29,"Ortiz, Vargas and Johnson",Truck,2472,12,Leeland,9997
1101,78,ce8010,Delayed,Bradfordstad,Lewisview,2025-02-10,Keith-Woods,Ship,9186,25,New Michaelfort,1547
426,95,Ge8146,Delayed,West Brianberg,Sotoville,2025-01-07,Contreras PLC,Truck,2645,6,South Teresastad,1421
1228,91,vW2569,Delayed,Barrerafort,West Shawn,2025-01-10,Black-Evans,Truck,4485,23,Denisefurt,3279
1002,26,ov1612,In Transit,Jamesborough,West Shawnview,2025-02-13,Tanner LLC,Ship,7088,12,Leeland,9997
154,90,Ax6423,In Transit,Matthewland,Gregorytown,2025-01-01,Rocha PLC,Truck,2116,3,New Katrinamouth,6586
548,79,ds6165,Delivered,Dennisland,Bethchester,2025-02-18,"Wade, Williams and Clark",Van,8274,7,Cruzton,2248
846,83,Pz5948,Delayed,South Lisaborough,Richardfurt,2025-01-15,Navarro Ltd,Ship,8947,14,Laurenhaven,8677
327,18,uc4679,Delayed,Smithshire,Alvaradoton,2025-01-09,"Fisher, Murphy and Wilson",Van,3893,10,East Alexandraport,4793
910,62,nB2556,Delivered,Jeremiahmouth,Randychester,2025-02-18,"Nichols, Vazquez and Sullivan",Van,1742,4,North Lorimouth,3948
175,32,JJ3371,In Transit,East Melissa,Grahammouth,2025-01-04,Gutierrez-Harris,Van,1181,17,Nelsonchester,8640
378,50,Iu3023,In Transit,Christopherbury,Katherineview,2025-01-16,"Foster, Green and Hall",Ship,4548,20,Richardside,6266
386,65,vd8376,In Transit,South Kellyview,South Diana,2025-01-02,"Graham, Barnes and Lawrence",Van,6497,13,North Randyborough,1599
1330,40,EI9918,Delayed,North Heather,South Samuel,2025-01-12,Moreno Inc,Truck,4241,5,Tuckerfort,2516
859,21,qc8632,Delayed,Lake Angelaview,Perrybury,2025-01-07,Anderson-Jennings,Ship,3849,19,Danaton,7501
506,25,pY6914,Delayed,Herrerachester,West Tina,2025-01-04,"Barnes, Armstrong and Mathews",Ship,7220,26,Wendyport,5737
165,60,CW0510,Delayed,New Elizabethfurt,North Jerrymouth,2025-01-16,Hayes-Anderson,Van,3810,24,Knightmouth,1091
660,9,kc8238,Delivered,Charlesbury,West Savannahview,2025-02-21,"Patterson, Benton and Garcia",Truck,7841,10,East Alexandraport,4793
703,31,bI8139,Delivered,Port Anthony,Campbellmouth,2025-01-24,"Davis, Smith and Lee",Van,9281,25,New Michaelfort,1547
655,3,AX9084,Delivered,North Ryan,South Stephenview,2025-01-18,Parker PLC,Truck,8636,25,New Michaelfort,1547
1325,52,eg1692,Delayed,Port Madelineside,West Lindsayland,2025-01-27,Miller-Patel,Truck,6123,29,West Shawn,2700
340,37,xl8559,Delayed,West Christopher,North Kim,2025-02-06,Moore-Nguyen,Truck,7085,23,Denisefurt,3279
954,66,hz6956,Delivered,Lake Stevenhaven,Johnsontown,2025-01-20,Kennedy PLC,Truck,9647,5,Tuckerfort,2516
1433,95,px7154,Delivered,New Theresa,Andrewhaven,2025-02-22,Contreras PLC,Truck,2645,6,South Teresastad,1421
1209,50,uH4399,Delivered,New Cynthialand,West Philip,2025-02-07,"Foster, Green and Hall",Ship,4548,20,Richardside,6266
766,54,hY4167,Delayed,Port Joshua,Hooverhaven,2025-01-13,Galvan LLC,Truck,1734,25,New Michaelfort,1547
994,1,zb2806,Delivered,Mitchellmouth,West Whitneyfurt,2025-02-18,"Martinez, Johnson and Oconnor",Ship,8109,14,Laurenhaven,8677
563,87,Fs5933,Delayed,Ramirezshire,Brittanymouth,2025-01-09,Nolan-Roberts,Truck,2615,7,Cruzton,2248
742,46,aN0535,In Transit,Pruittbury,Mitchellmouth,2025-01-01,May-Hayes,Ship,1488,8,Brianshire,5806
16,7,Zl4257,Delayed,North Melissachester,Lewisburgh,2025-02-05,Calderon-Miller,Van,3362,7,Cruzton,2248
776,37,Er6330,Delayed,Mooneyborough,Douglasmouth,2025-02-08,Moore-Nguyen,Truck,7085,23,Denisefurt,3279
323,91,XW5545,Delivered,Dianeview,West Michaelfort,2025-02-03,Black-Evans,Truck,4485,23,Denisefurt,3279
1056,46,Vv7069,Delivered,South Daniel,Scottshire,2025-01-24,May-Hayes,Ship,1488,8,Brianshire,5806
322,21,jJ3375,In Transit,Joneshaven,West Mistyfort,2025-01-21,Anderson-Jennings,Ship,3849,19,Danaton,7501
830,73,HM2652,Delayed,Stewartside,North Nathanburgh,2025-01-30,"Smith, Lewis and Luna",Truck,5944,14,Laurenhaven,8677
388,20,Jz8984,In Transit,South Jamesside,North Joseph,2025-01-28,"Garcia, Spears and Thompson",Ship,8037,17,Nelsonchester,8640
1042,1,VW0394,Delayed,Tammyview,Ashleyburgh,2025-01-03,"Martinez, Johnson and Oconnor",Ship,8109,14,Laurenhaven,8677
124,62,Is4806,In Transit,Keithstad,Stevenview,2025-01-07,"Nichols, Vazquez and Sullivan",Van,1742,4,North Lorimouth,3948
793,8,Nw6357,Delivered,Port Markhaven,Thomasport,2025-02-03,Smith-Grant,Van,3131,27,New Allison,6906
1355,74,KO1557,In Transit,Lake Anthonyburgh,East Lindseymouth,2025-02-07,Stone-Richardson,Ship,2451,23,Denisefurt,3279
740,36,UI6054,Delivered,Markton,East Karatown,2025-02-04,Walker Group,Truck,1689,17,Nelsonchester,8640
332,42,ik5594,In Transit,East Andrewmouth,Singhhaven,2025-02-05,Ford-Swanson,Truck,9843,19,Danaton,7501
686,30,gf7334,Delayed,Lake Bridget,Scottborough,2025-02-07,"Bailey, Stevens and Jones",Van,5924,14,Laurenhaven,8677
177,43,qG7882,Delayed,Theresaton,New Kimberly,2025-02-20,Jacobs-Grant,Ship,1119,20,Richardside,6266
468,44,SI7835,In Transit,Martinezport,Port Cory,2025-02-20,Allen-Hill,Van,9214,26,Wendyport,5737
3,48,Om2595,Delayed,Careymouth,Port Kimberly,2025-02-18,"Noble, Alvarez and Hammond",Van,8083,19,Danaton,7501
276,98,jK0308,Delayed,West Biancaport,Branchland,2025-01-02,Jacobson-Mann,Van,7026,14,Laurenhaven,8677
1481,84,mK5450,In Transit,West Samuelport,Rodgersberg,2025-01-05,Porter Inc,Truck,8282,13,North Randyborough,1599
79,18,XG9382,Delivered,Port Michaelport,Normanland,2025-02-18,"Fisher, Murphy and Wilson",Van,3893,10,East Alexandraport,4793
356,90,hL7080,Delayed,South Rogerberg,Johnsonmouth,2025-01-12,Rocha PLC,Truck,2116,3,New Katrinamouth,6586
81,59,mI6141,In Transit,Nelsonbury,South Josemouth,2025-01-27,Byrd-Bell,Truck,4104,13,North Randyborough,1599
743,77,Gm3397,Delivered,Port Joyce,Port Erica,2025-02-22,Henderson-Rivera,Van,2972,28,Allenside,2661
1140,83,Kz4695,Delivered,Turnerstad,Watsonberg,2025-01-29,Navarro Ltd,Ship,8947,14,Laurenhaven,8677
1250,91,ji9208,Delayed,Lisaport,North John,2025-01-01,Black-Evans,Truck,4485,23,Denisefurt,3279
549,21,uR4425,Delivered,Hayeston,West Terrenceview,2025-02-08,Anderson-Jennings,Ship,3849,19,Danaton,7501
1147,22,po5080,Delivered,East Marvin,West Robert,2025-01-27,Kelly-Lewis,Truck,2477,5,Tuckerfort,2516
250,20,ZO9459,In Transit,Port Jose,Lucasland,2025-01-11,"Garcia, Spears and Thompson",Ship,8037,17,Nelsonchester,8640
546,23,cf6025,In Transit,North Christopher,Glovermouth,2025-01-08,"Pollard, Walker and Arnold",Ship,4969,29,West Shawn,2700
1160,5,SV8621,In Transit,Christineshire,Kimstad,2025-01-23,Smith-Henderson,Truck,6718,14,Laurenhaven,8677
654,67,RI4712,In Transit,Holtstad,South Dakota,2025-01-18,"Hunt, Thompson and Garcia",Truck,8389,14,Laurenhaven,8677
1478,52,GG1686,Delivered,Gainesshire,South Rebecca,2025-01-05,Miller-Patel,Truck,6123,29,West Shawn,2700
937,66,jk9266,In Transit,New Brooke,East Adrianborough,2025-01-19,Kennedy PLC,Truck,9647,5,Tuckerfort,2516
486,6,vv3599,In Transit,North Stephentown,New Richard,2025-02-07,White-Moore,Truck,3006,24,Knightmouth,1091
1127,90,Wy1629,Delayed,Andersonton,Kimberlyside,2025-02-16,Rocha PLC,Truck,2116,3,New Katrinamouth,6586
1111,89,Ll8030,In Transit,Websterberg,New Brittanyside,2025-02-03,"Marquez, Ray and Hernandez",Van,4776,19,Danaton,7501
1399,20,yF8866,Delayed,South Joshua,Jeffreyborough,2025-02-10,"Garcia, Spears and Thompson",Ship,8037,17,Nelsonchester,8640
1201,47,Iq4195,Delivered,North Katrinamouth,Port Cheyennestad,2025-01-31,Smith-Curtis,Truck,8536,8,Brianshire,5806
927,32,Dq8431,In Transit,Laurenfort,West Candace,2025-02-01,Gutierrez-Harris,Van,1181,17,Nelsonchester,8640
1433,17,AK5491,Delayed,New Theresa,Andrewhaven,2025-02-22,Haas-Martin,Van,6411,8,Brianshire,5806
577,62,XB3649,Delivered,East Duaneland,Port Travistown,2025-01-12,"Nichols, Vazquez and Sullivan",Van,1742,4,North Lorimouth,3948
1049,9,Bp5016,In Transit,Hugheshaven,South Timothy,2025-01-30,"Patterson, Benton and Garcia",Truck,7841,10,East Alexandraport,4793
564,83,bM3187,Delivered,East Danielberg,Kingberg,2025-02-17,Navarro Ltd,Ship,8947,14,Laurenhaven,8677
69,40,CE2657,Delayed,Griffinton,Petersonview,2025-02-04,Moreno Inc,Truck,4241,5,Tuckerfort,2516
150,100,WR1647,In Transit,North Patrick,Port Melissamouth,2025-01-03,"Hardy, Harris and Lewis",Van,6451,2,New April,9924
1366,84,qT3869,Delivered,Maryside,Chrisshire,2025-01-24,Porter Inc,Truck,8282,13,North Randyborough,1599
1477,79,aM1742,Delivered,Jocelynstad,Bradleytown,2025-01-27,"Wade, Williams and Clark",Van,8274,7,Cruzton,2248
777,75,kW1827,Delivered,North Dustinview,Port Aliciamouth,2025-01-13,Brock Ltd,Truck,8196,11,Glendamouth,8814
111,20,JA8015,Delayed,Cowanchester,South Joshuastad,2025-02-16,"Garcia, Spears and Thompson",Ship,8037,17,Nelsonchester,8640
1339,68,eX4469,Delivered,Lake Michaelfort,North James,2025-02-09,"Aguirre, Hatfield and Patterson",Ship,3835,15,Michaelmouth,4769
477,67,BW9386,In Transit,New Nicolemouth,Williambury,2025-01-12,"Hunt, Thompson and Garcia",Truck,8389,14,Laurenhaven,8677
946,87,Vj7170,In Transit,Ortegaside,Port Cindytown,2025-01-03,Nolan-Roberts,Truck,2615,7,Cruzton,2248
664,74,pD2279,Delayed,Wendytown,West Vincentmouth,2025-02-21,Stone-Richardson,Ship,2451,23,Denisefurt,3279
1040,85,OH9123,In Transit,Stricklandview,Lisaburgh,2025-01-09,Dickerson-Navarro,Van,1156,18,North Tiffany,4292
1110,86,LW8101,In Transit,North Toddmouth,West Mariabury,2025-02-05,Hughes-Perkins,Van,8239,21,North Ruth,5699
612,71,Sw9728,Delivered,Meyersborough,Port Joshua,2025-01-08,Allen-Smith,Ship,3646,28,Allenside,2661
191,9,GU1605,Delayed,Carolshire,Susanbury,2025-01-27,"Patterson, Benton and Garcia",Truck,7841,10,East Alexandraport,4793
1089,68,zR6863,Delivered,Lake Paultown,Lake Juliaborough,2025-01-29,"Aguirre, Hatfield and Patterson",Ship,3835,15,Michaelmouth,4769
1327,11,un8160,Delayed,Marissaview,Barkermouth,2025-01-17,"Waller, Barrett and Smith",Van,9803,1,Gilberthaven,2017
936,28,gG9979,Delayed,Lauriechester,Danielhaven,2025-01-13,Graham PLC,Van,4355,30,Lamville,5009
394,24,TU0117,Delayed,South Michaeltown,Port Pamelamouth,2025-02-21,Clark-Hardin,Van,2921,24,Knightmouth,1091
1491,64,Lt8118,Delivered,East Tracychester,Michellemouth,2025-01-28,Hopkins-Patel,Truck,2654,10,East Alexandraport,4793
753,14,Fg8207,Delivered,Anabury,Lake Karen,2025-01-26,Griffith-Horne,Van,2917,22,South Leahburgh,1050
163,92,qw4815,Delayed,West Williamview,Andrewfurt,2025-01-28,"Alvarado, Robinson and Roth",Van,8601,29,West Shawn,2700
206,19,ct1513,Delayed,Angelaville,Port Jeremyville,2025-02-05,"Smith, Barnes and Ramsey",Truck,1136,30,Lamville,5009
1195,56,jd7523,Delayed,Johnsonland,Alvaradoborough,2025-01-09,Adams LLC,Ship,4752,2,New April,9924
234,8,yJ7261,In Transit,Stevefort,Samanthafort,2025-02-17,Smith-Grant,Van,3131,27,New Allison,6906
937,88,rn5582,In Transit,New Brooke,East Adrianborough,2025-01-19,Mays-Collier,Truck,5012,15,Michaelmouth,4769
195,82,mf2169,Delayed,Port Kenneth,Port Ashleyview,2025-01-13,Bridges Ltd,Truck,3111,23,Denisefurt,3279
41,1,SX9535,Delivered,North Debraburgh,Peterfurt,2025-02-08,"Martinez, Johnson and Oconnor",Ship,8109,14,Laurenhaven,8677
592,48,If0961,Delayed,Lamview,New Kimberly,2025-02-05,"Noble, Alvarez and Hammond",Van,8083,19,Danaton,7501
961,59,yh2989,Delivered,Dustinchester,Andersonfurt,2025-01-18,Byrd-Bell,Truck,4104,13,North Randyborough,1599
458,68,oU5435,In Transit,East Joshuaburgh,Ryantown,2025-01-22,"Aguirre, Hatfield and Patterson",Ship,3835,15,Michaelmouth,4769
358,59,Ur9809,Delivered,Rachaelberg,Maryside,2025-02-03,Byrd-Bell,Truck,4104,13,North Randyborough,1599
195,29,OS5894,Delivered,Port Kenneth,Port Ashleyview,2025-01-13,Vang LLC,Ship,6365,8,Brianshire,5806
1460,86,EU6403,Delayed,Thompsonside,South Lindatown,2025-02-22,Hughes-Perkins,Van,8239,21,North Ruth,5699
135,36,TB1470,Delivered,Lake Meaganfurt,Reyesberg,2025-01-27,Walker Group,Truck,1689,17,Nelsonchester,8640
165,46,nI6284,In Transit,New Elizabethfurt,North Jerrymouth,2025-01-16,May-Hayes,Ship,1488,8,Brianshire,5806
729,64,cz8071,Delayed,Thompsonfurt,East John,2025-02-08,Hopkins-Patel,Truck,2654,10,East Alexandraport,4793
368,39,su2398,In Transit,New Mary,East Lisaview,2025-02-12,Allen LLC,Ship,6855,13,North Randyborough,1599
904,46,Tl7854,Delivered,Lake Shane,Port Anthony,2025-02-10,May-Hayes,Ship,1488,8,Brianshire,5806
1478,67,Za4017,Delivered,Gainesshire,South Rebecca,2025-01-05,"Hunt, Thompson and Garcia",Truck,8389,14,Laurenhaven,8677
223,19,SQ2280,Delivered,Mezatown,South Holly,2025-01-13,"Smith, Barnes and Ramsey",Truck,1136,30,Lamville,5009
539,25,yb8615,In Transit,Joshuaport,West Paigebury,2025-01-09,"Barnes, Armstrong and Mathews",Ship,7220,26,Wendyport,5737
621,90,Oq3405,Delayed,South Stephanie,North Josephfort,2025-02-16,Rocha PLC,Truck,2116,3,New Katrinamouth,6586
1002,9,wI5094,Delivered,Jamesborough,West Shawnview,2025-02-13,"Patterson, Benton and Garcia",Truck,7841,10,East Alexandraport,4793
1154,80,eW1093,In Transit,Nataliestad,Lake Walter,2025-02-03,Miller-Hardy,Van,4667,4,North Lorimouth,3948
832,21,Hs2075,In Transit,South Matthew,Robertport,2025-02-04,Anderson-Jennings,Ship,3849,19,Danaton,7501
1467,19,oX3737,In Transit,Jesseville,Longside,2025-01-07,"Smith, Barnes and Ramsey",Truck,1136,30,Lamville,5009
1062,77,oL5180,In Transit,Williamsview,West Jamesstad,2025-02-18,Henderson-Rivera,Van,2972,28,Allenside,2661
524,99,pJ3120,Delayed,Erictown,Davisburgh,2025-01-23,Arroyo and Sons,Truck,8199,26,Wendyport,5737
854,71,nT0058,Delivered,West Amberhaven,Port Andrewberg,2025-01-22,Allen-Smith,Ship,3646,28,Allenside,2661
1168,44,sC2980,Delivered,South Jennifermouth,Sanchezton,2025-02-17,Allen-Hill,Van,9214,26,Wendyport,5737
640,38,NJ9011,Delivered,Danielbury,Russellburgh,2025-02-17,"Murphy, Hogan and Glass",Ship,6857,27,New Allison,6906
535,91,CY4335,Delivered,South Melanie,East Steven,2025-01-12,Black-Evans,Truck,4485,23,Denisefurt,3279
83,74,CS9392,Delayed,Mckenziehaven,Rossland,2025-01-27,Stone-Richardson,Ship,2451,23,Denisefurt,3279
552,78,hS9602,Delayed,Paigehaven,Port Joshua,2025-01-03,Keith-Woods,Ship,9186,25,New Michaelfort,1547
376,48,ZV2631,Delivered,Salasborough,Sandersstad,2025-01-11,"Noble, Alvarez and Hammond",Van,8083,19,Danaton,7501
1388,45,AT2546,Delivered,Lake Thomas,Knightfurt,2025-02-02,Howard Inc,Ship,4232,27,New Allison,6906
252,29,lv4422,Delayed,Eileenfurt,Jennifertown,2025-01-11,Vang LLC,Ship,6365,8,Brianshire,5806
987,44,LZ7597,Delayed,Robertbury,North Garytown,2025-01-19,Allen-Hill,Van,9214,26,Wendyport,5737
541,67,YK4831,In Transit,Madisonfurt,Michelleborough,2025-01-18,"Hunt, Thompson and Garcia",Truck,8389,14,Laurenhaven,8677
50,5,yS4690,In Transit,Maxwellville,Port Angelbury,2025-02-09,Smith-Henderson,Truck,6718,14,Laurenhaven,8677
1131,48,Ht7151,Delayed,Craigburgh,Lake Dylanberg,2025-01-06,"Noble, Alvarez and Hammond",Van,8083,19,Danaton,7501
1053,51,lo8962,Delayed,East Christopherchester,Williamsland,2025-02-02,Johnson and Sons,Truck,3772,2,New April,9924
1199,49,tE9389,Delayed,Stoneton,East Chadville,2025-02-09,Sexton-Pierce,Truck,7265,22,South Leahburgh,1050
37,14,Ym3804,Delayed,East Teresa,Lake Ronnie,2025-02-05,Griffith-Horne,Van,2917,22,South Leahburgh,1050
1041,5,Lx5599,In Transit,North Samuel,Port Robertview,2025-01-31,Smith-Henderson,Truck,6718,14,Laurenhaven,8677
659,5,jf4365,In Transit,Chelseaville,Marshallport,2025-01-23,Smith-Henderson,Truck,6718,14,Laurenhaven,8677
600,57,cz4666,In Transit,Lake Paul,East Cheryl,2025-01-14,"Wade, Bennett and Santana",Truck,8837,28,Allenside,2661
1291,10,kA6255,Delivered,New Kayla,Fitzgeraldborough,2025-01-09,"Ortiz, Vargas and Johnson",Truck,2472,12,Leeland,9997
780,18,wV8261,Delivered,New Cheryl,Andrewtown,2025-01-22,"Fisher, Murphy and Wilson",Van,3893,10,East Alexandraport,4793
199,35,BS0727,Delivered,New John,Knappburgh,2025-02-15,Bender-Lee,Ship,7510,20,Richardside,6266
1159,78,Zl9449,Delivered,Anthonyfurt,Woodston,2025-02-21,Keith-Woods,Ship,9186,25,New Michaelfort,1547
1144,95,lD4571,Delivered,New Thomas,Port Jessica,2025-01-03,Contreras PLC,Truck,2645,6,South Teresastad,1421
546,63,FF6767,Delivered,North Christopher,Glovermouth,2025-01-08,"Martinez, Whitehead and Smith",Van,6684,14,Laurenhaven,8677
144,83,Sh0500,Delayed,East Shaunfurt,Hendersonshire,2025-02-17,Navarro Ltd,Ship,8947,14,Laurenhaven,8677
86,98,sF5235,In Transit,Port Allison,Williamston,2025-02-01,Jacobson-Mann,Van,7026,14,Laurenhaven,8677
342,72,LI2359,Delivered,New Destiny,Laneburgh,2025-01-29,Reed-Barnes,Truck,4203,29,West Shawn,2700
1293,59,KP4116,Delayed,Weaverstad,Port Brianna,2025-02-18,Byrd-Bell,Truck,4104,13,North Randyborough,1599
1018,24,jC6186,Delivered,East Garychester,Kramerport,2025-01-12,Clark-Hardin,Van,2921,24,Knightmouth,1091
415,29,bZ4420,In Transit,South John,New Sharonton,2025-01-17,Vang LLC,Ship,6365,8,Brianshire,5806
412,90,gb3961,Delayed,East Brianna,East Stephen,2025-01-27,Rocha PLC,Truck,2116,3,New Katrinamouth,6586
1493,56,pc0583,Delayed,South Hannah,Cynthiamouth,2025-01-03,Adams LLC,Ship,4752,2,New April,9924
1097,40,BS8750,Delivered,Lake Christopher,Christineborough,2025-02-13,Moreno Inc,Truck,4241,5,Tuckerfort,2516
498,36,yf1066,In Transit,North Christopherberg,South Gregory,2025-01-14,Walker Group,Truck,1689,17,Nelsonchester,8640
504,93,Vc6206,Delivered,West Rhonda,South Edwardbury,2025-02-01,"Ortiz, Smith and Johnson",Ship,4718,20,Richardside,6266
109,66,wg9178,Delayed,Masonview,Medinaland,2025-01-16,Kennedy PLC,Truck,9647,5,Tuckerfort,2516
389,81,dp1748,Delayed,Laurieburgh,South Charles,2025-01-31,"Collins, Meyer and Harris",Van,9505,3,New Katrinamouth,6586
416,4,cR5180,In Transit,Nicholsborough,Hoffmanport,2025-01-15,Ross LLC,Truck,1955,11,Glendamouth,8814
219,85,se6322,Delivered,Cobbburgh,South Jamesville,2025-01-28,Dickerson-Navarro,Van,1156,18,North Tiffany,4292
1274,81,ZM1012,Delivered,East Gregoryshire,Normanbury,2025-01-30,"Collins, Meyer and Harris",Van,9505,3,New Katrinamouth,6586
566,40,Yy4806,In Transit,South Erica,West Courtney,2025-01-25,Moreno Inc,Truck,4241,5,Tuckerfort,2516
312,22,hE4189,Delivered,North Patrickbury,North Alexanderview,2025-01-13,Kelly-Lewis,Truck,2477,5,Tuckerfort,2516
1273,54,CG5813,Delayed,North Jasontown,North Pamela,2025-02-09,Galvan LLC,Truck,1734,25,New Michaelfort,1547
1062,53,nm5013,In Transit,Williamsview,West Jamesstad,2025-02-18,Hale-Boone,Ship,5759,1,Gilberthaven,2017
961,100,Ey6127,Delayed,Dustinchester,Andersonfurt,2025-01-18,"Hardy, Harris and Lewis",Van,6451,2,New April,9924
354,8,Tu0148,Delayed,Cindyside,East Amanda,2025-01-22,Smith-Grant,Van,3131,27,New Allison,6906
50,15,HR5766,Delivered,Maxwellville,Port Angelbury,2025-02-09,"Smith, Watson and Schultz",Ship,9780,24,Knightmouth,1091
1465,29,Yr4038,In Transit,Reynoldsborough,New Michaelstad,2025-02-13,Vang LLC,Ship,6365,8,Brianshire,5806
1008,22,UG2513,In Transit,West Meganfort,Wilcoxborough,2025-01-11,Kelly-Lewis,Truck,2477,5,Tuckerfort,2516
405,74,LR2656,Delayed,North Tonyaburgh,Garnerport,2025-01-18,Stone-Richardson,Ship,2451,23,Denisefurt,3279
1212,98,nK6723,Delivered,New Heather,South Robertland,2025-02-19,Jacobson-Mann,Van,7026,14,Laurenhaven,8677
50,88,YP2995,Delivered,Maxwellville,Port Angelbury,2025-02-09,Mays-Collier,Truck,5012,15,Michaelmouth,4769
1444,88,cm1404,In Transit,South Kellymouth,Lake Debratown,2025-02-10,Mays-Collier,Truck,5012,15,Michaelmouth,4769
1440,25,jG4127,In Transit,West Brianhaven,Lake Ryanborough,2025-01-16,"Barnes, Armstrong and Mathews",Ship,7220,26,Wendyport,5737
868,50,bA1223,In Transit,Martinezland,Burnettborough,2025-01-26,"Foster, Green and Hall",Ship,4548,20,Richardside,6266
338,60,ck0248,Delivered,Stephanieburgh,New Katherine,2025-02-15,Hayes-Anderson,Van,3810,24,Knightmouth,1091
251,99,gl6343,In Transit,Port Rachelberg,New Laurieton,2025-01-06,Arroyo and Sons,Truck,8199,26,Wendyport,5737
73,10,rO9581,Delayed,Thomasberg,Colemanberg,2025-02-19,"Ortiz, Vargas and Johnson",Truck,2472,12,Leeland,9997
105,96,np9394,In Transit,Port Melinda,North Ryan,2025-01-12,Todd-Oconnor,Truck,1583,13,North Randyborough,1599
78,5,oR7479,In Transit,Thomashaven,Monroeside,2025-01-15,Smith-Henderson,Truck,6718,14,Laurenhaven,8677
1378,92,RO0912,Delivered,Schmittview,Blankenshipberg,2025-01-16,"Alvarado, Robinson and Roth",Van,8601,29,West Shawn,2700
995,64,uI1235,Delayed,East Jessica,Lake Kimberlymouth,2025-01-10,Hopkins-Patel,Truck,2654,10,East Alexandraport,4793
1206,76,jR3442,In Transit,East Michelleville,North Mark,2025-02-02,Clark Group,Van,8948,18,North Tiffany,4292
261,70,zG6793,Delivered,Lake Michael,Michaelchester,2025-01-09,Landry-Holt,Van,1213,6,South Teresastad,1421
139,56,TU2699,Delivered,East Taylorchester,East Chadland,2025-01-15,Adams LLC,Ship,4752,2,New April,9924
14,55,ra3716,Delivered,North Kristinahaven,Gallowaychester,2025-01-29,"Chavez, Woodard and Martin",Truck,7052,21,North Ruth,5699
1270,98,YI1039,Delivered,Bakerburgh,Kennedymouth,2025-01-24,Jacobson-Mann,Van,7026,14,Laurenhaven,8677
1100,72,qh1732,In Transit,New Derekside,North Aaron,2025-01-30,Reed-Barnes,Truck,4203,29,West Shawn,2700
1343,99,TZ2634,In Transit,Rodriguezfurt,Brianberg,2025-01-12,Arroyo and Sons,Truck,8199,26,Wendyport,5737
711,18,gY4476,In Transit,South Wendy,Greenhaven,2025-02-15,"Fisher, Murphy and Wilson",Van,3893,10,East Alexandraport,4793
382,56,LJ5112,Delayed,East Virginiamouth,Lisamouth,2025-01-19,Adams LLC,Ship,4752,2,New April,9924
1210,34,IV6249,Delayed,New Kimberlyside,Johnstonmouth,2025-01-13,Oconnell-Anderson,Truck,3928,11,Glendamouth,8814
1180,8,eC2198,Delayed,New Mary,Nicolefurt,2025-01-08,Smith-Grant,Van,3131,27,New Allison,6906
306,18,sh5646,In Transit,Laurenmouth,West Kathryn,2025-01-12,"Fisher, Murphy and Wilson",Van,3893,10,East Alexandraport,4793
80,67,DG8163,In Transit,Caseychester,East Shannontown,2025-01-10,"Hunt, Thompson and Garcia",Truck,8389,14,Laurenhaven,8677
1031,27,dA8891,Delayed,Greenside,New Danashire,2025-01-30,Weaver-Lopez,Ship,6823,10,East Alexandraport,4793
1485,77,MR7386,Delivered,South Thomasshire,Brianfort,2025-01-17,Henderson-Rivera,Van,2972,28,Allenside,2661
616,86,sj9774,Delayed,Port Kennethshire,Lynchfurt,2025-01-12,Hughes-Perkins,Van,8239,21,North Ruth,5699
1286,57,OQ0016,Delivered,Annaport,New Stephanie,2025-01-29,"Wade, Bennett and Santana",Truck,8837,28,Allenside,2661
1289,54,TR1364,Delayed,West Christopherchester,Kevinborough,2025-02-18,Galvan LLC,Truck,1734,25,New Michaelfort,1547
32,82,gs2165,Delivered,New Matthew,Greerchester,2025-01-12,Bridges Ltd,Truck,3111,23,Denisefurt,3279
822,31,UM9982,In Transit,South Mary,Garciaview,2025-02-06,"Davis, Smith and Lee",Van,9281,25,New Michaelfort,1547
130,63,IY0040,In Transit,Garretttown,Meganton,2025-02-15,"Martinez, Whitehead and Smith",Van,6684,14,Laurenhaven,8677
1055,72,Zh9257,Delayed,North Candiceberg,Mayobury,2025-02-04,Reed-Barnes,Truck,4203,29,West Shawn,2700
1145,29,AH9351,In Transit,East Grace,Jenniferborough,2025-01-20,Vang LLC,Ship,6365,8,Brianshire,5806
1259,5,dk0901,In Transit,Johnview,Port Jillfort,2025-01-06,Smith-Henderson,Truck,6718,14,Laurenhaven,8677
399,58,yz8758,Delayed,Garciaside,West Veronicaland,2025-02-20,Taylor-Lucas,Ship,4029,2,New April,9924
1335,30,fJ1729,In Transit,Loganborough,New Victoria,2025-01-18,"Bailey, Stevens and Jones",Van,5924,14,Laurenhaven,8677
9,16,aZ0500,Delivered,Clarkberg,Michelletown,2025-01-24,Li-Park,Truck,5315,2,New April,9924
1500,89,BH4180,Delayed,Timothyhaven,West Erin,2025-01-12,"Marquez, Ray and Hernandez",Van,4776,19,Danaton,7501
775,62,Kj5190,Delivered,New Keithberg,West Josemouth,2025-02-03,"Nichols, Vazquez and Sullivan",Van,1742,4,North Lorimouth,3948
186,93,bs4632,Delivered,South Richardview,South Alexishaven,2025-01-09,"Ortiz, Smith and Johnson",Ship,4718,20,Richardside,6266
1356,67,km5973,In Transit,New Rebecca,East Karenland,2025-01-02,"Hunt, Thompson and Garcia",Truck,8389,14,Laurenhaven,8677
1024,63,ks3196,Delayed,East Mark,Lake Codyton,2025-01-07,"Martinez, Whitehead and Smith",Van,6684,14,Laurenhaven,8677
661,46,xI7707,Delivered,Jefferyview,South Jenniferside,2025-02-05,May-Hayes,Ship,1488,8,Brianshire,5806
776,31,Ly2790,Delivered,Mooneyborough,Douglasmouth,2025-02-08,"Davis, Smith and Lee",Van,9281,25,New Michaelfort,1547
967,76,mw4886,In Transit,Williamchester,East Laceyland,2025-02-20,Clark Group,Van,8948,18,North Tiffany,4292
221,66,dD1151,In Transit,North Susanshire,South Austinville,2025-01-04,Kennedy PLC,Truck,9647,5,Tuckerfort,2516
426,29,Fv0605,Delayed,West Brianberg,Sotoville,2025-01-07,Vang LLC,Ship,6365,8,Brianshire,5806
82,16,KK6762,Delayed,South Ronald,Carlosfort,2025-01-22,Li-Park,Truck,5315,2,New April,9924
443,45,CR0413,In Transit,Stoneport,South Jesse,2025-01-21,Howard Inc,Ship,4232,27,New Allison,6906
1211,51,ZB2435,Delivered,South Cynthiaborough,West Virginiatown,2025-02-18,Johnson and Sons,Truck,3772,2,New April,9924
1252,69,xo1496,Delivered,Port Hannah,Lake Shelbyside,2025-01-25,Bell Inc,Van,5273,18,North Tiffany,4292
970,21,lf6152,Delayed,Cynthiaside,East Sean,2025-01-14,Anderson-Jennings,Ship,3849,19,Danaton,7501
1226,75,lX2496,In Transit,Powellside,Padillahaven,2025-01-08,Brock Ltd,Truck,8196,11,Glendamouth,8814
1129,14,ul9728,Delivered,South Brianview,New Christineberg,2025-02-04,Griffith-Horne,Van,2917,22,South Leahburgh,1050
509,20,Qo7351,Delayed,Powellchester,Meganside,2025-01-08,"Garcia, Spears and Thompson",Ship,8037,17,Nelsonchester,8640
1254,73,ll5736,Delayed,West Scott,Williamstown,2025-02-07,"Smith, Lewis and Luna",Truck,5944,14,Laurenhaven,8677
31,47,TI7873,Delayed,North Elizabeth,North Vincentton,2025-02-13,Smith-Curtis,Truck,8536,8,Brianshire,5806
425,84,rT0812,Delayed,East Kevinland,North Justintown,2025-01-06,Porter Inc,Truck,8282,13,North Randyborough,1599
1317,84,zV3254,Delayed,Whiteview,Acostabury,2025-02-11,Porter Inc,Truck,8282,13,North Randyborough,1599
1222,81,Io7719,Delivered,East Kelly,Port Kristietown,2025-01-24,"Collins, Meyer and Harris",Van,9505,3,New Katrinamouth,6586
606,2,Ko7836,In Transit,Judyfurt,Gutierrezview,2025-02-13,Gray-Le,Van,5538,4,North Lorimouth,3948
1142,89,rX6294,Delayed,West Jeremystad,North Crystalfort,2025-01-21,"Marquez, Ray and Hernandez",Van,4776,19,Danaton,7501
104,70,ea7409,Delayed,North Gabrielmouth,Juliaport,2025-01-11,Landry-Holt,Van,1213,6,South Teresastad,1421
33,68,mh4676,Delayed,Kennethbury,Poolemouth,2025-01-31,"Aguirre, Hatfield and Patterson",Ship,3835,15,Michaelmouth,4769
1335,26,os7347,In Transit,Loganborough,New Victoria,2025-01-18,Tanner LLC,Ship,7088,12,Leeland,9997
351,51,VD3470,Delayed,Beanchester,Johnsonview,2025-02-05,Johnson and Sons,Truck,3772,2,New April,9924
780,93,Eq8964,In Transit,New Cheryl,Andrewtown,2025-01-22,"Ortiz, Smith and Johnson",Ship,4718,20,Richardside,6266
85,56,ur4397,Delayed,West Brendamouth,Stevenmouth,2025-02-01,Adams LLC,Ship,4752,2,New April,9924
797,3,Gy7796,Delivered,New Stacy,Port Misty,2025-01-03,Parker PLC,Truck,8636,25,New Michaelfort,1547
1413,55,QK2413,Delayed,Kristineborough,Caitlinhaven,2025-02-07,"Chavez, Woodard and Martin",Truck,7052,21,North Ruth,5699
1059,52,eo4985,Delayed,Lake Jeanne,New John,2025-01-31,Miller-Patel,Truck,6123,29,West Shawn,2700
1243,55,bY6822,Delayed,New Micheleville,West Angelashire,2025-02-02,"Chavez, Woodard and Martin",Truck,7052,21,North Ruth,5699
232,22,yS1170,Delivered,Port Lancefort,New Tracyfort,2025-01-08,Kelly-Lewis,Truck,2477,5,Tuckerfort,2516
1160,76,wp3227,In Transit,Christineshire,Kimstad,2025-01-23,Clark Group,Van,8948,18,North Tiffany,4292
473,35,Nu1995,Delivered,South George,North Robert,2025-02-09,Bender-Lee,Ship,7510,20,Richardside,6266
1493,41,El4715,Delivered,South Hannah,Cynthiamouth,2025-01-03,Mendez Group,Truck,6935,24,Knightmouth,1091
304,24,zj4020,In Transit,Port Josephborough,Daltonfort,2025-01-21,Clark-Hardin,Van,2921,24,Knightmouth,1091
1122,66,cR6744,Delivered,East Garyton,South Katherine,2025-02-03,Kennedy PLC,Truck,9647,5,Tuckerfort,2516
1269,34,CT1282,Delayed,Martinport,Amandastad,2025-01-21,Oconnell-Anderson,Truck,3928,11,Glendamouth,8814
1476,94,AJ1795,In Transit,Nicholasmouth,Herringhaven,2025-02-14,"Henderson, Hanson and Middleton",Truck,8830,26,Wendyport,5737
964,98,le1544,Delivered,North Angelaton,North Andrew,2025-02-18,Jacobson-Mann,Van,7026,14,Laurenhaven,8677
1226,30,gm7491,Delivered,Powellside,Padillahaven,2025-01-08,"Bailey, Stevens and Jones",Van,5924,14,Laurenhaven,8677
461,42,wo3153,Delivered,Camachomouth,Charlesside,2025-02-21,Ford-Swanson,Truck,9843,19,Danaton,7501
916,21,ha3146,In Transit,Amyberg,North Kimberlyborough,2025-02-12,Anderson-Jennings,Ship,3849,19,Danaton,7501
816,50,tN1793,Delivered,Raymouth,West Richard,2025-01-13,"Foster, Green and Hall",Ship,4548,20,Richardside,6266
1469,64,Rz5281,Delivered,North Rachelberg,Port Colleen,2025-02-15,Hopkins-Patel,Truck,2654,10,East Alexandraport,4793
271,43,XX4434,In Transit,Lisachester,Lake Ashleyton,2025-01-11,Jacobs-Grant,Ship,1119,20,Richardside,6266
144,71,MM1139,Delayed,East Shaunfurt,Hendersonshire,2025-02-17,Allen-Smith,Ship,3646,28,Allenside,2661
1401,75,rH6721,Delayed,Whiteland,New Kenneth,2025-01-28,Brock Ltd,Truck,8196,11,Glendamouth,8814
1085,62,Eq4507,In Transit,West Hollyburgh,Wellsfurt,2025-02-04,"Nichols, Vazquez and Sullivan",Van,1742,4,North Lorimouth,3948
1378,9,qg4963,Delayed,Schmittview,Blankenshipberg,2025-01-16,"Patterson, Benton and Garcia",Truck,7841,10,East Alexandraport,4793
97,59,HP6036,Delayed,South Jesseview,North Jennifer,2025-01-23,Byrd-Bell,Truck,4104,13,North Randyborough,1599
1088,3,Fu7943,In Transit,West Larry,East Kellyview,2025-02-16,Parker PLC,Truck,8636,25,New Michaelfort,1547
166,71,Ve1351,Delivered,Lake Michael,Sanchezton,2025-01-20,Allen-Smith,Ship,3646,28,Allenside,2661
1288,49,FX5290,Delayed,Joseborough,South Williamberg,2025-02-20,Sexton-Pierce,Truck,7265,22,South Leahburgh,1050
567,32,Pg9591,In Transit,East Mary,North Joseph,2025-01-23,Gutierrez-Harris,Van,1181,17,Nelsonchester,8640
395,80,ek1166,Delivered,Jenkinsberg,West Nicolemouth,2025-02-05,Miller-Hardy,Van,4667,4,North Lorimouth,3948
379,43,kF1228,In Transit,Lake Alice,Ericfurt,2025-01-09,Jacobs-Grant,Ship,1119,20,Richardside,6266
407,82,kl1325,In Transit,New Charlestown,Kimberlychester,2025-01-13,Bridges Ltd,Truck,3111,23,Denisefurt,3279
157,82,pQ3071,In Transit,West Chris,Patrickmouth,2025-01-09,Bridges Ltd,Truck,3111,23,Denisefurt,3279
1254,54,nh3297,Delayed,West Scott,Williamstown,2025-02-07,Galvan LLC,Truck,1734,25,New Michaelfort,1547
355,9,st8094,Delivered,West Brittanychester,Millerstad,2025-02-14,"Patterson, Benton and Garcia",Truck,7841,10,East Alexandraport,4793
800,18,ls4066,Delivered,Port Sharontown,East Samuel,2025-01-25,"Fisher, Murphy and Wilson",Van,3893,10,East Alexandraport,4793
1498,5,AH3312,Delivered,West Laura,Brooksfort,2025-01-17,Smith-Henderson,Truck,6718,14,Laurenhaven,8677
711,13,Fh8563,Delayed,South Wendy,Greenhaven,2025-02-15,"Jones, Porter and Butler",Van,7419,3,New Katrinamouth,6586
1193,93,wp6202,In Transit,Jeremiahchester,Berryfurt,2025-02-03,"Ortiz, Smith and Johnson",Ship,4718,20,Richardside,6266
1112,47,Sx9720,Delivered,Hunterstad,East Robertfort,2025-01-28,Smith-Curtis,Truck,8536,8,Brianshire,5806
186,37,iv7235,Delayed,South Richardview,South Alexishaven,2025-01-09,Moore-Nguyen,Truck,7085,23,Denisefurt,3279
135,5,Ov5494,Delivered,Lake Meaganfurt,Reyesberg,2025-01-27,Smith-Henderson,Truck,6718,14,Laurenhaven,8677
285,63,dl9599,Delayed,North Nicole,Port Valerie,2025-02-07,"Martinez, Whitehead and Smith",Van,6684,14,Laurenhaven,8677
83,25,CI3636,In Transit,Mckenziehaven,Rossland,2025-01-27,"Barnes, Armstrong and Mathews",Ship,7220,26,Wendyport,5737
615,43,ML1219,Delivered,Sanderschester,Reginaldport,2025-01-09,Jacobs-Grant,Ship,1119,20,Richardside,6266
1303,60,Lb2744,Delivered,Brianmouth,Rodriguezmouth,2025-02-01,Hayes-Anderson,Van,3810,24,Knightmouth,1091
186,22,RA2460,In Transit,South Richardview,South Alexishaven,2025-01-09,Kelly-Lewis,Truck,2477,5,Tuckerfort,2516
456,52,ME0340,Delivered,South Joshua,New Paul,2025-01-24,Miller-Patel,Truck,6123,29,West Shawn,2700
646,47,mb0324,Delayed,Hensleymouth,Lake Briannaland,2025-01-19,Smith-Curtis,Truck,8536,8,Brianshire,5806
680,31,aj7399,Delivered,North Daniel,Phillipmouth,2025-02-15,"Davis, Smith and Lee",Van,9281,25,New Michaelfort,1547
1127,88,Fk7011,Delayed,Andersonton,Kimberlyside,2025-02-16,Mays-Collier,Truck,5012,15,Michaelmouth,4769
1118,46,iI7675,Delivered,Mooreport,Ayalaside,2025-02-03,May-Hayes,Ship,1488,8,Brianshire,5806
1472,15,Wg8927,In Transit,New Kevinstad,South Sean,2025-02-12,"Smith, Watson and Schultz",Ship,9780,24,Knightmouth,1091
1047,81,lV7759,In Transit,North Gregory,East Michaelshire,2025-02-01,"Collins, Meyer and Harris",Van,9505,3,New Katrinamouth,6586
1194,45,oq3064,Delivered,Amandastad,New Davidmouth,2025-01-12,Howard Inc,Ship,4232,27,New Allison,6906
701,6,vu9501,Delivered,Jeremyburgh,Andradechester,2025-02-09,White-Moore,Truck,3006,24,Knightmouth,1091
341,28,Fi9486,Delayed,East Karenton,South Catherineview,2025-01-12,Graham PLC,Van,4355,30,Lamville,5009
33,1,bO6910,Delivered,Kennethbury,Poolemouth,2025-01-31,"Martinez, Johnson and Oconnor",Ship,8109,14,Laurenhaven,8677
822,86,OI0955,In Transit,South Mary,Garciaview,2025-02-06,Hughes-Perkins,Van,8239,21,North Ruth,5699
978,15,gl6427,In Transit,Arnoldborough,South Sarahchester,2025-01-16,"Smith, Watson and Schultz",Ship,9780,24,Knightmouth,1091
1072,49,Nj9036,Delivered,South Alisonview,West Roger,2025-02-11,Sexton-Pierce,Truck,7265,22,South Leahburgh,1050
105,55,ME1436,In Transit,Port Melinda,North Ryan,2025-01-12,"Chavez, Woodard and Martin",Truck,7052,21,North Ruth,5699
518,42,iM5183,In Transit,Wattsstad,Elizabethborough,2025-01-16,Ford-Swanson,Truck,9843,19,Danaton,7501
585,84,EF7946,Delivered,Port Alexandria,North Nicholasmouth,2025-02-12,Porter Inc,Truck,8282,13,North Randyborough,1599
1301,54,zK7178,Delayed,Hopkinsport,Robinsonshire,2025-01-20,Galvan LLC,Truck,1734,25,New Michaelfort,1547
831,11,gE0973,Delayed,West Brooketown,Amberchester,2025-02-04,"Waller, Barrett and Smith",Van,9803,1,Gilberthaven,2017
462,12,oH3660,Delayed,Wadebury,Pratthaven,2025-01-06,Gonzales-Colon,Ship,4465,26,Wendyport,5737
266,25,nk8145,In Transit,Patrickland,Phillipsside,2025-01-07,"Barnes, Armstrong and Mathews",Ship,7220,26,Wendyport,5737
1449,10,JF1091,In Transit,West Jeremyview,South Melissa,2025-02-04,"Ortiz, Vargas and Johnson",Truck,2472,12,Leeland,9997
946,63,sN3653,Delayed,Ortegaside,Port Cindytown,2025-01-03,"Martinez, Whitehead and Smith",Van,6684,14,Laurenhaven,8677
678,27,fK1629,Delayed,Robertton,Ashleyville,2025-02-20,Weaver-Lopez,Ship,6823,10,East Alexandraport,4793
1047,29,RH1583,Delayed,North Gregory,East Michaelshire,2025-02-01,Vang LLC,Ship,6365,8,Brianshire,5806
834,17,Em5452,Delayed,East William,Bryantshire,2025-01-25,Haas-Martin,Van,6411,8,Brianshire,5806
1186,4,Mz1379,Delivered,West Jonathanmouth,East Danielstad,2025-01-12,Ross LLC,Truck,1955,11,Glendamouth,8814
1286,87,hj5932,Delivered,Annaport,New Stephanie,2025-01-29,Nolan-Roberts,Truck,2615,7,Cruzton,2248
146,9,Ek7166,Delayed,Kellymouth,Lake Timothymouth,2025-01-02,"Patterson, Benton and Garcia",Truck,7841,10,East Alexandraport,4793
1341,1,lo8972,Delayed,New Katrinatown,Lucasberg,2025-01-23,"Martinez, Johnson and Oconnor",Ship,8109,14,Laurenhaven,8677
317,18,Vj9959,In Transit,North Lisafurt,Hallfort,2025-01-18,"Fisher, Murphy and Wilson",Van,3893,10,East Alexandraport,4793
899,13,Mu5798,Delayed,Cooperfurt,Robertsberg,2025-02-02,"Jones, Porter and Butler",Van,7419,3,New Katrinamouth,6586
395,25,ct7503,In Transit,Jenkinsberg,West Nicolemouth,2025-02-05,"Barnes, Armstrong and Mathews",Ship,7220,26,Wendyport,5737
708,38,ge0274,Delayed,Galvanville,North Angela,2025-01-01,"Murphy, Hogan and Glass",Ship,6857,27,New Allison,6906
181,63,Jc4764,In Transit,Waltersshire,Lake Bryceside,2025-02-21,"Martinez, Whitehead and Smith",Van,6684,14,Laurenhaven,8677
933,77,oB7116,Delivered,South Dillon,West Jason,2025-02-09,Henderson-Rivera,Van,2972,28,Allenside,2661
1137,24,fB9360,In Transit,New Kaylastad,West Paulfort,2025-01-06,Clark-Hardin,Van,2921,24,Knightmouth,1091
364,46,gF4726,Delivered,Juarezmouth,Annafurt,2025-02-13,May-Hayes,Ship,1488,8,Brianshire,5806
426,81,OI1722,Delayed,West Brianberg,Sotoville,2025-01-07,"Collins, Meyer and Harris",Van,9505,3,New Katrinamouth,6586
500,79,zO2595,In Transit,North Lisa,Russelltown,2025-01-31,"Wade, Williams and Clark",Van,8274,7,Cruzton,2248
295,69,Hj0359,Delivered,West Jill,Nicholeview,2025-02-03,Bell Inc,Van,5273,18,North Tiffany,4292
534,44,nT2480,Delayed,South Shawnstad,Michaelstad,2025-01-29,Allen-Hill,Van,9214,26,Wendyport,5737
18,57,tu6063,Delivered,West Gregory,Lake Patrick,2025-02-20,"Wade, Bennett and Santana",Truck,8837,28,Allenside,2661
219,26,tH4171,Delayed,Cobbburgh,South Jamesville,2025-01-28,Tanner LLC,Ship,7088,12,Leeland,9997
457,64,vd4077,Delayed,Lake Phyllis,Hooverhaven,2025-02-06,Hopkins-Patel,Truck,2654,10,East Alexandraport,4793
544,12,PB3515,Delivered,Port Rebeccaport,Gordonshire,2025-01-01,Gonzales-Colon,Ship,4465,26,Wendyport,5737
395,96,Uk6719,In Transit,Jenkinsberg,West Nicolemouth,2025-02-05,Todd-Oconnor,Truck,1583,13,North Randyborough,1599
662,3,Ft4761,Delayed,Port Felicia,Jonesmouth,2025-01-04,Parker PLC,Truck,8636,25,New Michaelfort,1547
495,86,pX5175,Delayed,South Lisa,North Brentbury,2025-02-09,Hughes-Perkins,Van,8239,21,North Ruth,5699
136,4,bm5976,Delivered,Richardport,Bestbury,2025-02-13,Ross LLC,Truck,1955,11,Glendamouth,8814
529,74,mg3391,Delayed,North Nathaniel,Codyfurt,2025-02-16,Stone-Richardson,Ship,2451,23,Denisefurt,3279
1291,14,Ck3372,Delivered,New Kayla,Fitzgeraldborough,2025-01-09,Griffith-Horne,Van,2917,22,South Leahburgh,1050
900,85,hn5224,Delivered,Jeremymouth,Ethanland,2025-01-12,Dickerson-Navarro,Van,1156,18,North Tiffany,4292
682,90,TH0023,Delivered,East Robert,East Jonathan,2025-02-01,Rocha PLC,Truck,2116,3,New Katrinamouth,6586
129,56,gd5028,Delayed,Lesterfurt,Danielport,2025-01-29,Adams LLC,Ship,4752,2,New April,9924
1000,93,gt0285,Delivered,East Joyceland,North Matthewside,2025-01-19,"Ortiz, Smith and Johnson",Ship,4718,20,Richardside,6266
1258,15,dJ0493,Delayed,Gibsonview,Weeksmouth,2025-02-06,"Smith, Watson and Schultz",Ship,9780,24,Knightmouth,1091
1367,25,dd1205,Delayed,New Markburgh,Lake Nicholaschester,2025-01-24,"Barnes, Armstrong and Mathews",Ship,7220,26,Wendyport,5737
1421,43,KO9731,Delivered,Port Shellyshire,South Erik,2025-01-13,Jacobs-Grant,Ship,1119,20,Richardside,6266
377,72,aF4521,Delayed,Robinsonmouth,Santosmouth,2025-02-12,Reed-Barnes,Truck,4203,29,West Shawn,2700
373,85,Jy5233,Delivered,Haleberg,Port Catherine,2025-02-15,Dickerson-Navarro,Van,1156,18,North Tiffany,4292
775,40,MV7332,Delivered,New Keithberg,West Josemouth,2025-02-03,Moreno Inc,Truck,4241,5,Tuckerfort,2516
439,53,mI7910,Delayed,West Matthewville,East Melissastad,2025-01-17,Hale-Boone,Ship,5759,1,Gilberthaven,2017
1465,66,xo6195,Delivered,Reynoldsborough,New Michaelstad,2025-02-13,Kennedy PLC,Truck,9647,5,Tuckerfort,2516
1444,94,OI3821,In Transit,South Kellymouth,Lake Debratown,2025-02-10,"Henderson, Hanson and Middleton",Truck,8830,26,Wendyport,5737
1194,92,Ar0998,Delivered,Amandastad,New Davidmouth,2025-01-12,"Alvarado, Robinson and Roth",Van,8601,29,West Shawn,2700
723,76,nZ5714,In Transit,Vincentview,Port Shaun,2025-01-01,Clark Group,Van,8948,18,North Tiffany,4292
302,20,LX0656,Delayed,New Brianside,Roberthaven,2025-02-07,"Garcia, Spears and Thompson",Ship,8037,17,Nelsonchester,8640
1263,52,Nf6429,Delayed,Lake Mary,Smithchester,2025-01-21,Miller-Patel,Truck,6123,29,West Shawn,2700
277,52,yg5074,Delayed,Lake Lynn,Jacksonburgh,2025-01-02,Miller-Patel,Truck,6123,29,West Shawn,2700
256,99,pr9019,Delayed,Brettview,Simschester,2025-01-20,Arroyo and Sons,Truck,8199,26,Wendyport,5737
45,81,DT6003,In Transit,Alexanderburgh,East Davidburgh,2025-01-15,"Collins, Meyer and Harris",Van,9505,3,New Katrinamouth,6586
471,9,Ro4869,Delayed,Lisaton,Branditon,2025-01-15,"Patterson, Benton and Garcia",Truck,7841,10,East Alexandraport,4793
648,56,Jn8353,Delayed,Gabrielahaven,East Christopher,2025-02-20,Adams LLC,Ship,4752,2,New April,9924
427,60,bj4563,Delayed,East Brent,Beckberg,2025-02-22,Hayes-Anderson,Van,3810,24,Knightmouth,1091
218,84,Ax4104,Delayed,Gordonbury,East Heather,2025-01-17,Porter Inc,Truck,8282,13,North Randyborough,1599
425,92,Ps3512,Delivered,East Kevinland,North Justintown,2025-01-06,"Alvarado, Robinson and Roth",Van,8601,29,West Shawn,2700
479,91,xt0893,In Transit,South Laurie,West Curtistown,2025-02-12,Black-Evans,Truck,4485,23,Denisefurt,3279
572,66,pc4420,Delivered,Hansenshire,Lambury,2025-01-06,Kennedy PLC,Truck,9647,5,Tuckerfort,2516
1325,83,rP7627,Delayed,Port Madelineside,West Lindsayland,2025-01-27,Navarro Ltd,Ship,8947,14,Laurenhaven,8677
1485,6,WB9876,In Transit,South Thomasshire,Brianfort,2025-01-17,White-Moore,Truck,3006,24,Knightmouth,1091
1448,24,XG3174,In Transit,South Kaitlyn,North Davidstad,2025-01-04,Clark-Hardin,Van,2921,24,Knightmouth,1091
1038,7,ei8259,Delayed,East Ericport,Nicholeside,2025-02-07,Calderon-Miller,Van,3362,7,Cruzton,2248
556,90,AD6215,Delayed,South Nicoleshire,Michaelland,2025-01-30,Rocha PLC,Truck,2116,3,New Katrinamouth,6586
537,84,sb7073,In Transit,East Rachael,Spencerberg,2025-01-28,Porter Inc,Truck,8282,13,North Randyborough,1599
196,19,MU2407,Delayed,Port Emily,Holtside,2025-01-29,"Smith, Barnes and Ramsey",Truck,1136,30,Lamville,5009
1250,7,rn7301,Delivered,Lisaport,North John,2025-01-01,Calderon-Miller,Van,3362,7,Cruzton,2248
505,96,MV8520,In Transit,North Sharonton,North Omar,2025-01-02,Todd-Oconnor,Truck,1583,13,North Randyborough,1599
1302,47,zC9083,Delayed,Jennaborough,Crystalburgh,2025-01-27,Smith-Curtis,Truck,8536,8,Brianshire,5806
1299,57,Ar0763,Delayed,Sarahland,Ericstad,2025-02-11,"Wade, Bennett and Santana",Truck,8837,28,Allenside,2661
610,23,kJ8323,In Transit,Smallmouth,Pageborough,2025-02-08,"Pollard, Walker and Arnold",Ship,4969,29,West Shawn,2700
392,61,kA3802,In Transit,Markville,Diazland,2025-02-07,"Carrillo, Cox and Gentry",Truck,7909,7,Cruzton,2248
1141,37,Id0660,In Transit,Romanmouth,New Nathanberg,2025-02-08,Moore-Nguyen,Truck,7085,23,Denisefurt,3279
402,6,uR8366,Delivered,New Thomasmouth,Yolandaton,2025-02-19,White-Moore,Truck,3006,24,Knightmouth,1091
588,23,jS3795,Delivered,Rogersstad,North Peterfurt,2025-02-07,"Pollard, Walker and Arnold",Ship,4969,29,West Shawn,2700
428,26,fe6951,In Transit,North Nathan,North Michaelchester,2025-01-13,Tanner LLC,Ship,7088,12,Leeland,9997
771,82,lX9113,Delayed,Kimberlyberg,Travisfort,2025-01-08,Bridges Ltd,Truck,3111,23,Denisefurt,3279
1402,78,ct9032,Delayed,Robertsfurt,Williamsville,2025-02-13,Keith-Woods,Ship,9186,25,New Michaelfort,1547
380,69,Ak0121,Delivered,Williamsonmouth,Lukeside,2025-01-29,Bell Inc,Van,5273,18,North Tiffany,4292
1319,56,wt7247,Delivered,West Danielfurt,West Kelli,2025-02-05,Adams LLC,Ship,4752,2,New April,9924
832,37,rB5575,Delayed,South Matthew,Robertport,2025-02-04,Moore-Nguyen,Truck,7085,23,Denisefurt,3279
204,15,qO9681,In Transit,South Josephport,Kristenberg,2025-02-02,"Smith, Watson and Schultz",Ship,9780,24,Knightmouth,1091
768,2,Tp3459,Delivered,East Sydneyborough,Cohenport,2025-01-19,Gray-Le,Van,5538,4,North Lorimouth,3948
209,82,IN7622,Delayed,Westmouth,New Sara,2025-01-30,Bridges Ltd,Truck,3111,23,Denisefurt,3279
246,100,wN5715,Delayed,Andrewsside,Lake Larryburgh,2025-02-16,"Hardy, Harris and Lewis",Van,6451,2,New April,9924
1025,35,Qv8303,In Transit,Joshuastad,Cindystad,2025-02-08,Bender-Lee,Ship,7510,20,Richardside,6266
434,45,jl7018,Delayed,Jenkinstown,Port Ronaldborough,2025-01-18,Howard Inc,Ship,4232,27,New Allison,6906
1321,61,Ny4166,Delivered,Lake Megan,Nancymouth,2025-02-03,"Carrillo, Cox and Gentry",Truck,7909,7,Cruzton,2248
453,16,Nw7356,Delivered,Bryanton,New Tammy,2025-02-10,Li-Park,Truck,5315,2,New April,9924
436,16,Mm4523,Delivered,East Julianside,Brownland,2025-01-29,Li-Park,Truck,5315,2,New April,9924
340,94,YB2605,Delayed,West Christopher,North Kim,2025-02-06,"Henderson, Hanson and Middleton",Truck,8830,26,Wendyport,5737
183,9,mC9403,In Transit,North Lisaville,Cassandraton,2025-01-26,"Patterson, Benton and Garcia",Truck,7841,10,East Alexandraport,4793
24,70,Mo4977,In Transit,Moyerburgh,Walshfurt,2025-02-05,Landry-Holt,Van,1213,6,South Teresastad,1421
865,29,Ro1337,Delayed,East Meganberg,Holmesborough,2025-01-16,Vang LLC,Ship,6365,8,Brianshire,5806
537,12,wB3558,In Transit,East Rachael,Spencerberg,2025-01-28,Gonzales-Colon,Ship,4465,26,Wendyport,5737
1371,6,mn0002,Delivered,Lake Marthaborough,Phillipsmouth,2025-01-21,White-Moore,Truck,3006,24,Knightmouth,1091
727,53,FI0077,Delayed,South Jennifer,South Michael,2025-01-27,Hale-Boone,Ship,5759,1,Gilberthaven,2017
1368,80,jv1815,Delayed,Wattsport,Isaacton,2025-02-19,Miller-Hardy,Van,4667,4,North Lorimouth,3948
1267,38,rb6016,Delivered,East Cheryl,Griffinport,2025-01-30,"Murphy, Hogan and Glass",Ship,6857,27,New Allison,6906
6,11,fr3338,Delayed,North Laurenberg,Macdonaldside,2025-01-14,"Waller, Barrett and Smith",Van,9803,1,Gilberthaven,2017
1108,100,no7401,Delayed,Millerland,Port Carolyn,2025-01-03,"Hardy, Harris and Lewis",Van,6451,2,New April,9924
1308,98,iJ5455,Delayed,Tonymouth,East Michaelbury,2025-02-22,Jacobson-Mann,Van,7026,14,Laurenhaven,8677
1139,70,Qy6133,In Transit,West Kristinatown,North Scotttown,2025-01-07,Landry-Holt,Van,1213,6,South Teresastad,1421
14,24,gF6859,In Transit,North Kristinahaven,Gallowaychester,2025-01-29,Clark-Hardin,Van,2921,24,Knightmouth,1091
277,57,ew3398,Delayed,Lake Lynn,Jacksonburgh,2025-01-02,"Wade, Bennett and Santana",Truck,8837,28,Allenside,2661
66,16,gT7749,Delayed,Edwardhaven,North Vanessaberg,2025-01-09,Li-Park,Truck,5315,2,New April,9924
854,79,NI0682,In Transit,West Amberhaven,Port Andrewberg,2025-01-22,"Wade, Williams and Clark",Van,8274,7,Cruzton,2248
380,81,Dw0940,Delivered,Williamsonmouth,Lukeside,2025-01-29,"Collins, Meyer and Harris",Van,9505,3,New Katrinamouth,6586
316,59,uG7803,In Transit,Jonesport,Lake Emilyfurt,2025-02-07,Byrd-Bell,Truck,4104,13,North Randyborough,1599
78,13,Cl5496,In Transit,Thomashaven,Monroeside,2025-01-15,"Jones, Porter and Butler",Van,7419,3,New Katrinamouth,6586
111,44,ma1678,Delayed,Cowanchester,South Joshuastad,2025-02-16,Allen-Hill,Van,9214,26,Wendyport,5737
1459,44,cc0158,Delayed,South Julialand,Valenzuelaville,2025-01-24,Allen-Hill,Van,9214,26,Wendyport,5737
746,42,sm9951,In Transit,Lake Danshire,Michaelchester,2025-02-19,Ford-Swanson,Truck,9843,19,Danaton,7501
442,77,Kq9178,Delayed,West Ronald,East Greg,2025-02-01,Henderson-Rivera,Van,2972,28,Allenside,2661
541,76,Rg4859,In Transit,Madisonfurt,Michelleborough,2025-01-18,Clark Group,Van,8948,18,North Tiffany,4292
386,15,hu1895,Delayed,South Kellyview,South Diana,2025-01-02,"Smith, Watson and Schultz",Ship,9780,24,Knightmouth,1091
924,51,rG0712,In Transit,North Anthony,North Savannah,2025-02-07,Johnson and Sons,Truck,3772,2,New April,9924
671,52,BO5428,Delayed,West Davidfort,Donfurt,2025-01-28,Miller-Patel,Truck,6123,29,West Shawn,2700
754,59,LQ9550,Delivered,Parsonsfurt,Josephmouth,2025-01-05,Byrd-Bell,Truck,4104,13,North Randyborough,1599
545,63,VR8467,Delivered,East Carolshire,South Lisa,2025-02-13,"Martinez, Whitehead and Smith",Van,6684,14,Laurenhaven,8677
1477,51,aq8352,Delayed,Jocelynstad,Bradleytown,2025-01-27,Johnson and Sons,Truck,3772,2,New April,9924
974,40,sV1392,Delayed,Williamschester,Lake Robertburgh,2025-01-06,Moreno Inc,Truck,4241,5,Tuckerfort,2516
1206,18,Wv1868,Delayed,East Michelleville,North Mark,2025-02-02,"Fisher, Murphy and Wilson",Van,3893,10,East Alexandraport,4793
953,23,RA4477,Delivered,Port Jonathan,Castillomouth,2025-01-14,"Pollard, Walker and Arnold",Ship,4969,29,West Shawn,2700
728,5,bv2339,Delivered,Jeremymouth,Nelsonstad,2025-01-09,Smith-Henderson,Truck,6718,14,Laurenhaven,8677
1084,49,Qz3360,Delivered,Singletonhaven,Laurieport,2025-02-17,Sexton-Pierce,Truck,7265,22,South Leahburgh,1050
1045,65,rs3400,Delivered,North Dawnberg,North William,2025-01-17,"Graham, Barnes and Lawrence",Van,6497,13,North Randyborough,1599
953,93,bF3458,In Transit,Port Jonathan,Castillomouth,2025-01-14,"Ortiz, Smith and Johnson",Ship,4718,20,Richardside,6266
555,41,LG9808,Delivered,Andrewmouth,Lake April,2025-01-08,Mendez Group,Truck,6935,24,Knightmouth,1091
317,21,Ar8981,In Transit,North Lisafurt,Hallfort,2025-01-18,Anderson-Jennings,Ship,3849,19,Danaton,7501
484,88,Wp1667,Delivered,Sanchezfort,Brooksview,2025-01-10,Mays-Collier,Truck,5012,15,Michaelmouth,4769
1211,66,IN8736,Delivered,South Cynthiaborough,West Virginiatown,2025-02-18,Kennedy PLC,Truck,9647,5,Tuckerfort,2516
569,14,YR3388,Delivered,Markhaven,Wattsburgh,2025-02-04,Griffith-Horne,Van,2917,22,South Leahburgh,1050
591,30,yd3574,Delivered,Gibsonport,Port Alyssaview,2025-01-03,"Bailey, Stevens and Jones",Van,5924,14,Laurenhaven,8677
1336,32,sT4522,In Transit,Adriennechester,Mitchellfort,2025-02-04,Gutierrez-Harris,Van,1181,17,Nelsonchester,8640
1496,92,kE6041,In Transit,Henryhaven,Lake Roger,2025-02-14,"Alvarado, Robinson and Roth",Van,8601,29,West Shawn,2700
811,25,LI2209,Delivered,Reidside,Shaneborough,2025-02-09,"Barnes, Armstrong and Mathews",Ship,7220,26,Wendyport,5737
433,80,Zu1900,Delivered,Michaelafurt,Julieberg,2025-02-15,Miller-Hardy,Van,4667,4,North Lorimouth,3948
1117,92,CA2808,Delivered,West Petershire,South Diana,2025-02-08,"Alvarado, Robinson and Roth",Van,8601,29,West Shawn,2700
149,75,On5559,Delivered,Jameshaven,Port Kelly,2025-02-09,Brock Ltd,Truck,8196,11,Glendamouth,8814
838,85,Wz9301,In Transit,Lake Davidshire,Newmanmouth,2025-01-08,Dickerson-Navarro,Van,1156,18,North Tiffany,4292
1045,66,pC8703,In Transit,North Dawnberg,North William,2025-01-17,Kennedy PLC,Truck,9647,5,Tuckerfort,2516
754,77,su5786,Delayed,Parsonsfurt,Josephmouth,2025-01-05,Henderson-Rivera,Van,2972,28,Allenside,2661
1487,56,lq8233,In Transit,Mitchellchester,Davidstad,2025-01-08,Adams LLC,Ship,4752,2,New April,9924
125,38,Mr4967,In Transit,Jennyborough,New Steventon,2025-02-20,"Murphy, Hogan and Glass",Ship,6857,27,New Allison,6906
195,97,Oh4856,In Transit,Port Kenneth,Port Ashleyview,2025-01-13,Chen-Lopez,Truck,3532,29,West Shawn,2700
1276,30,Ma6546,In Transit,South Valerie,Susanburgh,2025-02-10,"Bailey, Stevens and Jones",Van,5924,14,Laurenhaven,8677
680,66,Vn1652,Delayed,North Daniel,Phillipmouth,2025-02-15,Kennedy PLC,Truck,9647,5,Tuckerfort,2516
525,98,Lq3316,In Transit,North Jamesside,East Michael,2025-02-15,Jacobson-Mann,Van,7026,14,Laurenhaven,8677
303,29,QY3631,In Transit,Alexfort,Angelaside,2025-01-20,Vang LLC,Ship,6365,8,Brianshire,5806
1363,57,nY8715,In Transit,Christopherburgh,South Chad,2025-01-26,"Wade, Bennett and Santana",Truck,8837,28,Allenside,2661
1178,84,ZK5864,In Transit,Hamiltontown,Stoneside,2025-01-07,Porter Inc,Truck,8282,13,North Randyborough,1599
1003,89,Sx8942,Delivered,North Ann,West Christinechester,2025-02-19,"Marquez, Ray and Hernandez",Van,4776,19,Danaton,7501
828,90,yy9189,Delivered,Davishaven,New Jonathan,2025-01-09,Rocha PLC,Truck,2116,3,New Katrinamouth,6586
48,66,hJ7414,Delivered,Donaldburgh,Lake Stephen,2025-01-29,Kennedy PLC,Truck,9647,5,Tuckerfort,2516
608,5,hW5369,Delivered,Roweland,Drakefurt,2025-01-19,Smith-Henderson,Truck,6718,14,Laurenhaven,8677
1160,30,EC1317,Delayed,Christineshire,Kimstad,2025-01-23,"Bailey, Stevens and Jones",Van,5924,14,Laurenhaven,8677
1319,83,OK9353,Delivered,West Danielfurt,West Kelli,2025-02-05,Navarro Ltd,Ship,8947,14,Laurenhaven,8677
51,82,uP2110,In Transit,Joshuastad,Lake Angela,2025-01-01,Bridges Ltd,Truck,3111,23,Denisefurt,3279
918,55,ke0748,In Transit,New Marymouth,Nataliestad,2025-01-11,"Chavez, Woodard and Martin",Truck,7052,21,North Ruth,5699
57,10,DN4242,Delivered,South Kevin,Boydberg,2025-01-25,"Ortiz, Vargas and Johnson",Truck,2472,12,Leeland,9997
788,96,Yk5718,Delayed,Jeremystad,Sotoside,2025-02-04,Todd-Oconnor,Truck,1583,13,North Randyborough,1599
786,21,DJ9544,Delivered,Port Kristen,Lake Jeffreyburgh,2025-01-07,Anderson-Jennings,Ship,3849,19,Danaton,7501
101,2,aR0967,In Transit,Julieburgh,New Jamesstad,2025-01-02,Gray-Le,Van,5538,4,North Lorimouth,3948
1088,72,rX1221,Delayed,West Larry,East Kellyview,2025-02-16,Reed-Barnes,Truck,4203,29,West Shawn,2700
1462,23,Kp6546,In Transit,New Kevin,Brownton,2025-01-16,"Pollard, Walker and Arnold",Ship,4969,29,West Shawn,2700
628,38,ty5569,Delivered,New Johnbury,Wangfort,2025-01-30,"Murphy, Hogan and Glass",Ship,6857,27,New Allison,6906
620,77,qn1674,In Transit,Stephaniefurt,New Melissafort,2025-01-14,Henderson-Rivera,Van,2972,28,Allenside,2661
701,83,yM9205,In Transit,Jeremyburgh,Andradechester,2025-02-09,Navarro Ltd,Ship,8947,14,Laurenhaven,8677
1240,6,OC7893,In Transit,Millermouth,Seanberg,2025-02-16,White-Moore,Truck,3006,24,Knightmouth,1091
1384,69,bl8238,Delivered,Hopkinsview,Chapmanville,2025-02-06,Bell Inc,Van,5273,18,North Tiffany,4292
1032,3,ou1393,In Transit,Bradshawshire,Cruzhaven,2025-02-21,Parker PLC,Truck,8636,25,New Michaelfort,1547
274,88,Sg4466,Delayed,New Christina,West Scott,2025-02-08,Mays-Collier,Truck,5012,15,Michaelmouth,4769
65,51,uG2500,In Transit,Lake Kevin,Lake Jessica,2025-02-08,Johnson and Sons,Truck,3772,2,New April,9924
126,4,dK4281,In Transit,Christopherstad,Lake Jessicaberg,2025-01-09,Ross LLC,Truck,1955,11,Glendamouth,8814
520,27,mH1260,Delayed,Briggschester,Stacyton,2025-01-12,Weaver-Lopez,Ship,6823,10,East Alexandraport,4793
1433,31,cA2224,Delivered,New Theresa,Andrewhaven,2025-02-22,"Davis, Smith and Lee",Van,9281,25,New Michaelfort,1547
629,19,fL8579,Delivered,South Johnathan,North Danielleville,2025-01-24,"Smith, Barnes and Ramsey",Truck,1136,30,Lamville,5009
866,66,ga2640,In Transit,Brittanyshire,East Adam,2025-01-07,Kennedy PLC,Truck,9647,5,Tuckerfort,2516
656,7,wc6800,In Transit,Bellbury,Annberg,2025-01-27,Calderon-Miller,Van,3362,7,Cruzton,2248
1257,71,ws2110,Delayed,East Rhonda,Elliottberg,2025-02-18,Allen-Smith,Ship,3646,28,Allenside,2661
422,6,BY6397,Delayed,North Austin,West Yolandaberg,2025-02-02,White-Moore,Truck,3006,24,Knightmouth,1091
917,7,nY6473,Delivered,Lawsonmouth,Russellshire,2025-01-08,Calderon-Miller,Van,3362,7,Cruzton,2248
133,96,qT1013,In Transit,West Gabriellaland,Lake Brian,2025-01-13,Todd-Oconnor,Truck,1583,13,North Randyborough,1599
173,75,OQ9544,In Transit,Port Staceyburgh,Morrisview,2025-01-06,Brock Ltd,Truck,8196,11,Glendamouth,8814
992,60,VR6129,Delivered,Ethanside,Ramosstad,2025-01-18,Hayes-Anderson,Van,3810,24,Knightmouth,1091
526,3,mh2301,Delayed,New Denise,Lake Jonathan,2025-01-21,Parker PLC,Truck,8636,25,New Michaelfort,1547
606,10,ro7664,Delayed,Judyfurt,Gutierrezview,2025-02-13,"Ortiz, Vargas and Johnson",Truck,2472,12,Leeland,9997
894,61,lL6713,Delivered,Port Leah,Vaughanmouth,2025-01-28,"Carrillo, Cox and Gentry",Truck,7909,7,Cruzton,2248
915,10,aT4802,Delayed,Gonzalesmouth,Santiagoberg,2025-01-05,"Ortiz, Vargas and Johnson",Truck,2472,12,Leeland,9997
1017,33,NG5902,Delivered,Lake Julian,Juliabury,2025-02-11,Gates-Smith,Ship,2654,19,Danaton,7501
961,51,ou0043,In Transit,Dustinchester,Andersonfurt,2025-01-18,Johnson and Sons,Truck,3772,2,New April,9924
936,13,GW8243,Delivered,Lauriechester,Danielhaven,2025-01-13,"Jones, Porter and Butler",Van,7419,3,New Katrinamouth,6586
215,40,ih3344,In Transit,New Jasonburgh,South Anitaland,2025-01-28,Moreno Inc,Truck,4241,5,Tuckerfort,2516
27,50,ue1531,Delivered,South Amberborough,Lake Elizabeth,2025-01-01,"Foster, Green and Hall",Ship,4548,20,Richardside,6266
679,8,Wp8772,Delivered,New Anthony,Lanefort,2025-02-05,Smith-Grant,Van,3131,27,New Allison,6906
105,45,UM9608,In Transit,Port Melinda,North Ryan,2025-01-12,Howard Inc,Ship,4232,27,New Allison,6906
254,87,ET3541,Delayed,South Shannonmouth,Christineland,2025-01-07,Nolan-Roberts,Truck,2615,7,Cruzton,2248
531,66,Aw4938,Delivered,West Connie,East Robertmouth,2025-01-17,Kennedy PLC,Truck,9647,5,Tuckerfort,2516
1076,73,TF6540,Delivered,Scottborough,Port Robertview,2025-02-01,"Smith, Lewis and Luna",Truck,5944,14,Laurenhaven,8677
62,47,xY0372,Delivered,West Anne,Robertstown,2025-02-15,Smith-Curtis,Truck,8536,8,Brianshire,5806
1472,34,hQ4852,Delayed,New Kevinstad,South Sean,2025-02-12,Oconnell-Anderson,Truck,3928,11,Glendamouth,8814
445,90,ku7862,Delivered,East Johnside,Sandrabury,2025-01-18,Rocha PLC,Truck,2116,3,New Katrinamouth,6586
144,40,Pa1789,Delivered,East Shaunfurt,Hendersonshire,2025-02-17,Moreno Inc,Truck,4241,5,Tuckerfort,2516
1489,88,po2365,Delivered,Jamesside,Lake Lisa,2025-02-03,Mays-Collier,Truck,5012,15,Michaelmouth,4769
608,60,Cn9457,In Transit,Roweland,Drakefurt,2025-01-19,Hayes-Anderson,Van,3810,24,Knightmouth,1091
1283,24,YC9086,Delayed,Thompsontown,Brandonmouth,2025-01-13,Clark-Hardin,Van,2921,24,Knightmouth,1091
910,86,HE5927,In Transit,Jeremiahmouth,Randychester,2025-02-18,Hughes-Perkins,Van,8239,21,North Ruth,5699
1428,8,rU2301,Delivered,Lake Yolandaport,West Johnmouth,2025-01-18,Smith-Grant,Van,3131,27,New Allison,6906
156,42,mC1075,Delivered,Kaufmanmouth,East Brianfort,2025-01-16,Ford-Swanson,Truck,9843,19,Danaton,7501
820,70,Yo3736,Delayed,Edwardborough,West Michelleland,2025-01-21,Landry-Holt,Van,1213,6,South Teresastad,1421
1190,18,gT5669,In Transit,West Timothy,Lake Sandraport,2025-01-29,"Fisher, Murphy and Wilson",Van,3893,10,East Alexandraport,4793
308,69,mN8357,In Transit,Blackmouth,Charlestown,2025-01-03,Bell Inc,Van,5273,18,North Tiffany,4292
1094,20,fE2812,Delivered,South Jamesfort,West Daniel,2025-01-06,"Garcia, Spears and Thompson",Ship,8037,17,Nelsonchester,8640
1380,14,Xg3276,Delayed,West Melissa,East Jamesfort,2025-02-04,Griffith-Horne,Van,2917,22,South Leahburgh,1050
828,84,vV6587,In Transit,Davishaven,New Jonathan,2025-01-09,Porter Inc,Truck,8282,13,North Randyborough,1599
1276,42,An5541,Delayed,South Valerie,Susanburgh,2025-02-10,Ford-Swanson,Truck,9843,19,Danaton,7501
909,56,aA2703,Delayed,North Stevenshire,Pittmanton,2025-01-08,Adams LLC,Ship,4752,2,New April,9924
996,17,jk9140,Delayed,Christopherbury,Anthonyfurt,2025-01-13,Haas-Martin,Van,6411,8,Brianshire,5806
208,82,cc6823,Delivered,Seanburgh,East Jennifer,2025-02-19,Bridges Ltd,Truck,3111,23,Denisefurt,3279
135,72,jU3234,In Transit,Lake Meaganfurt,Reyesberg,2025-01-27,Reed-Barnes,Truck,4203,29,West Shawn,2700
741,53,fu0285,In Transit,East Daniellestad,New Tylerfort,2025-01-12,Hale-Boone,Ship,5759,1,Gilberthaven,2017
440,63,YN6705,Delivered,Johnsonfurt,Port Michael,2025-01-25,"Martinez, Whitehead and Smith",Van,6684,14,Laurenhaven,8677
200,36,Rz0776,In Transit,Mollyburgh,Villarrealville,2025-02-11,Walker Group,Truck,1689,17,Nelsonchester,8640
497,19,Tn4407,Delivered,Hunterview,South Donnaland,2025-02-13,"Smith, Barnes and Ramsey",Truck,1136,30,Lamville,5009
1018,56,tR1189,Delayed,East Garychester,Kramerport,2025-01-12,Adams LLC,Ship,4752,2,New April,9924
709,71,zd6871,Delayed,West Richardborough,Jaystad,2025-02-16,Allen-Smith,Ship,3646,28,Allenside,2661
1034,53,gp0895,Delayed,Ramirezmouth,East Scott,2025-01-15,Hale-Boone,Ship,5759,1,Gilberthaven,2017
1359,98,aa7736,Delayed,East Justin,New Louis,2025-01-10,Jacobson-Mann,Van,7026,14,Laurenhaven,8677
994,18,Jm8268,Delayed,Mitchellmouth,West Whitneyfurt,2025-02-18,"Fisher, Murphy and Wilson",Van,3893,10,East Alexandraport,4793
461,85,vZ2493,In Transit,Camachomouth,Charlesside,2025-02-21,Dickerson-Navarro,Van,1156,18,North Tiffany,4292
1392,75,Eh0013,In Transit,Lake Victoria,Edwardside,2025-02-11,Brock Ltd,Truck,8196,11,Glendamouth,8814
290,59,jp9456,In Transit,Lake Charles,West Donna,2025-02-18,Byrd-Bell,Truck,4104,13,North Randyborough,1599
34,27,mQ0805,Delivered,Port Patricia,Fosterside,2025-01-05,Weaver-Lopez,Ship,6823,10,East Alexandraport,4793
735,25,KV5949,In Transit,Port Jennifer,Sweeneybury,2025-02-11,"Barnes, Armstrong and Mathews",Ship,7220,26,Wendyport,5737
1029,56,Vc4953,Delayed,New Mitchellport,Smithfort,2025-01-15,Adams LLC,Ship,4752,2,New April,9924
928,41,zk1314,Delivered,West Andrewville,Port Angelabury,2025-01-05,Mendez Group,Truck,6935,24,Knightmouth,1091
8,92,tB1030,Delayed,Aaronhaven,Jamesport,2025-01-22,"Alvarado, Robinson and Roth",Van,8601,29,West Shawn,2700
543,13,Gg9153,Delivered,Derekborough,North James,2025-01-17,"Jones, Porter and Butler",Van,7419,3,New Katrinamouth,6586
829,54,Hf9544,In Transit,Danside,South Tiffanyfort,2025-01-03,Galvan LLC,Truck,1734,25,New Michaelfort,1547
1078,34,iv7513,Delayed,South Robert,North Donaldport,2025-02-21,Oconnell-Anderson,Truck,3928,11,Glendamouth,8814
921,81,ez3559,Delivered,Martintown,Jasonton,2025-01-19,"Collins, Meyer and Harris",Van,9505,3,New Katrinamouth,6586
229,77,Zx1153,Delivered,New Erika,North Russell,2025-02-04,Henderson-Rivera,Van,2972,28,Allenside,2661
773,29,Lt3107,Delayed,Pittmanshire,Lake Kathleen,2025-02-20,Vang LLC,Ship,6365,8,Brianshire,5806
836,34,dC2537,Delayed,Nathanborough,Port Craigburgh,2025-01-30,Oconnell-Anderson,Truck,3928,11,Glendamouth,8814
503,13,yD3588,In Transit,Richardberg,North Richardfurt,2025-01-17,"Jones, Porter and Butler",Van,7419,3,New Katrinamouth,6586
1149,42,ax2864,Delayed,Tarashire,Adamport,2025-01-04,Ford-Swanson,Truck,9843,19,Danaton,7501
299,43,ZF5797,In Transit,Ramoston,Jeffreyfurt,2025-02-20,Jacobs-Grant,Ship,1119,20,Richardside,6266
649,48,la8950,Delayed,Hernandezfort,Christopherchester,2025-01-19,"Noble, Alvarez and Hammond",Van,8083,19,Danaton,7501
833,61,UN2166,In Transit,Smithshire,Gabriellabury,2025-02-20,"Carrillo, Cox and Gentry",Truck,7909,7,Cruzton,2248
980,70,NB5364,Delayed,Port Daniellemouth,North Nathanview,2025-01-01,Landry-Holt,Van,1213,6,South Teresastad,1421
273,60,At2665,Delayed,East Kaitlyn,Mcdonaldhaven,2025-01-23,Hayes-Anderson,Van,3810,24,Knightmouth,1091
1130,2,TC5095,Delayed,Evanchester,Josephchester,2025-01-20,Gray-Le,Van,5538,4,North Lorimouth,3948
455,97,Yf1513,Delivered,Rileyhaven,Michellemouth,2025-01-02,Chen-Lopez,Truck,3532,29,West Shawn,2700
1465,80,eU5988,Delivered,Reynoldsborough,New Michaelstad,2025-02-13,Miller-Hardy,Van,4667,4,North Lorimouth,3948
653,81,Xy5114,Delivered,Robinsonburgh,West Davidshire,2025-01-03,"Collins, Meyer and Harris",Van,9505,3,New Katrinamouth,6586
1477,37,oC6659,Delayed,Jocelynstad,Bradleytown,2025-01-27,Moore-Nguyen,Truck,7085,23,Denisefurt,3279
896,24,kF6639,Delayed,Travismouth,West Steven,2025-01-29,Clark-Hardin,Van,2921,24,Knightmouth,1091
766,53,IU3968,In Transit,Port Joshua,Hooverhaven,2025-01-13,Hale-Boone,Ship,5759,1,Gilberthaven,2017
993,21,jC5969,In Transit,Garyhaven,Douglasview,2025-01-21,Anderson-Jennings,Ship,3849,19,Danaton,7501
1446,97,Rr5217,In Transit,Brendashire,North Johnathanmouth,2025-01-17,Chen-Lopez,Truck,3532,29,West Shawn,2700
856,23,Fd5154,In Transit,Lake Tammy,West Allenstad,2025-02-18,"Pollard, Walker and Arnold",Ship,4969,29,West Shawn,2700
630,26,UU9372,Delivered,Willischester,Thomasbury,2025-01-23,Tanner LLC,Ship,7088,12,Leeland,9997
979,63,RB3008,In Transit,Adamsstad,Lake Douglas,2025-01-21,"Martinez, Whitehead and Smith",Van,6684,14,Laurenhaven,8677
596,7,Kj8552,In Transit,Lake Stacey,West Bethany,2025-02-19,Calderon-Miller,Van,3362,7,Cruzton,2248
15,30,rk5198,Delayed,West Gabriellaside,South Teresaborough,2025-01-11,"Bailey, Stevens and Jones",Van,5924,14,Laurenhaven,8677
1393,64,KO5812,Delivered,Port Shannontown,South Nicholasbury,2025-02-22,Hopkins-Patel,Truck,2654,10,East Alexandraport,4793
504,61,ax9354,Delayed,West Rhonda,South Edwardbury,2025-02-01,"Carrillo, Cox and Gentry",Truck,7909,7,Cruzton,2248
193,94,eK4512,In Transit,Lindaport,Jessicafurt,2025-01-06,"Henderson, Hanson and Middleton",Truck,8830,26,Wendyport,5737
1081,53,rC6325,Delivered,East Melissamouth,East Eric,2025-02-06,Hale-Boone,Ship,5759,1,Gilberthaven,2017
1461,91,XE5840,Delayed,New Shari,South Tylerfurt,2025-02-22,Black-Evans,Truck,4485,23,Denisefurt,3279
616,43,vV6111,Delayed,Port Kennethshire,Lynchfurt,2025-01-12,Jacobs-Grant,Ship,1119,20,Richardside,6266
872,8,bm6676,In Transit,East Jenniferborough,West Josehaven,2025-02-10,Smith-Grant,Van,3131,27,New Allison,6906
910,68,mU6003,Delivered,Jeremiahmouth,Randychester,2025-02-18,"Aguirre, Hatfield and Patterson",Ship,3835,15,Michaelmouth,4769
623,12,LC1506,In Transit,East Heather,Port Nicholasmouth,2025-01-21,Gonzales-Colon,Ship,4465,26,Wendyport,5737
345,21,Gz4742,Delivered,East Hunter,South Lori,2025-02-16,Anderson-Jennings,Ship,3849,19,Danaton,7501
23,83,vF9817,Delivered,Lake Rebekah,Port Linda,2025-01-15,Navarro Ltd,Ship,8947,14,Laurenhaven,8677
1012,48,Zg7005,Delayed,Fletcherhaven,Port Alexandriaville,2025-01-01,"Noble, Alvarez and Hammond",Van,8083,19,Danaton,7501
846,55,FY2629,Delivered,South Lisaborough,Richardfurt,2025-01-15,"Chavez, Woodard and Martin",Truck,7052,21,North Ruth,5699
1017,95,xT5021,In Transit,Lake Julian,Juliabury,2025-02-11,Contreras PLC,Truck,2645,6,South Teresastad,1421
473,38,zs4264,In Transit,South George,North Robert,2025-02-09,"Murphy, Hogan and Glass",Ship,6857,27,New Allison,6906
147,43,DJ4419,Delayed,Dianashire,Dianashire,2025-01-17,Jacobs-Grant,Ship,1119,20,Richardside,6266
1243,46,tE0501,Delivered,New Micheleville,West Angelashire,2025-02-02,May-Hayes,Ship,1488,8,Brianshire,5806
1346,81,mr9965,Delivered,Port Danielleberg,Brianview,2025-01-25,"Collins, Meyer and Harris",Van,9505,3,New Katrinamouth,6586
387,34,Bf6157,Delivered,Kimberlyhaven,Jasonshire,2025-01-26,Oconnell-Anderson,Truck,3928,11,Glendamouth,8814
839,17,FN6782,Delayed,Smithburgh,Virginiahaven,2025-01-18,Haas-Martin,Van,6411,8,Brianshire,5806
476,31,mh8778,Delivered,Port Andrewbury,Smithfurt,2025-01-23,"Davis, Smith and Lee",Van,9281,25,New Michaelfort,1547
853,75,Vh3181,Delayed,North Kelseyfort,Bethside,2025-02-09,Brock Ltd,Truck,8196,11,Glendamouth,8814
430,38,Ym8658,Delivered,Davenporttown,East Joseph,2025-02-17,"Murphy, Hogan and Glass",Ship,6857,27,New Allison,6906
566,79,WS1927,Delivered,South Erica,West Courtney,2025-01-25,"Wade, Williams and Clark",Van,8274,7,Cruzton,2248
691,92,il0651,In Transit,Wardborough,West Kimberly,2025-02-13,"Alvarado, Robinson and Roth",Van,8601,29,West Shawn,2700
1281,41,hd5688,Delayed,Marciaport,South Rebecca,2025-02-06,Mendez Group,Truck,6935,24,Knightmouth,1091
585,51,Mf7474,Delivered,Port Alexandria,North Nicholasmouth,2025-02-12,Johnson and Sons,Truck,3772,2,New April,9924
222,71,lg2015,Delayed,Micheleview,West Austinport,2025-01-12,Allen-Smith,Ship,3646,28,Allenside,2661
1188,8,Hb1324,In Transit,Lindaside,Cristianview,2025-01-11,Smith-Grant,Van,3131,27,New Allison,6906
593,98,GM3625,Delivered,North Susanbury,Humphreybury,2025-01-30,Jacobson-Mann,Van,7026,14,Laurenhaven,8677
698,60,YF4771,Delivered,Evanmouth,South Cesar,2025-01-14,Hayes-Anderson,Van,3810,24,Knightmouth,1091
1480,35,dE8044,Delayed,Port Johnburgh,Leeberg,2025-02-22,Bender-Lee,Ship,7510,20,Richardside,6266
443,74,NF6790,Delivered,Stoneport,South Jesse,2025-01-21,Stone-Richardson,Ship,2451,23,Denisefurt,3279
1446,72,Bp3225,In Transit,Brendashire,North Johnathanmouth,2025-01-17,Reed-Barnes,Truck,4203,29,West Shawn,2700
1202,40,up3590,Delivered,South Kevin,Bobstad,2025-02-16,Moreno Inc,Truck,4241,5,Tuckerfort,2516
688,27,HK9109,Delayed,Allenmouth,North Jillville,2025-01-12,Weaver-Lopez,Ship,6823,10,East Alexandraport,4793
1020,21,wq2226,Delivered,East Tara,Robersonburgh,2025-01-26,Anderson-Jennings,Ship,3849,19,Danaton,7501
115,52,IJ1383,Delayed,East Andrea,North Sarahfurt,2025-02-11,Miller-Patel,Truck,6123,29,West Shawn,2700
870,73,DT3829,Delivered,West Kimberlybury,Port Bryan,2025-02-03,"Smith, Lewis and Luna",Truck,5944,14,Laurenhaven,8677
520,30,xH5950,In Transit,Briggschester,Stacyton,2025-01-12,"Bailey, Stevens and Jones",Van,5924,14,Laurenhaven,8677
452,19,PC8502,Delayed,New Andreahaven,Sarahland,2025-01-07,"Smith, Barnes and Ramsey",Truck,1136,30,Lamville,5009
509,6,lF0603,In Transit,Powellchester,Meganside,2025-01-08,White-Moore,Truck,3006,24,Knightmouth,1091
1193,41,Sn1973,Delivered,Jeremiahchester,Berryfurt,2025-02-03,Mendez Group,Truck,6935,24,Knightmouth,1091
323,17,xI3445,Delivered,Dianeview,West Michaelfort,2025-02-03,Haas-Martin,Van,6411,8,Brianshire,5806
1020,54,BV2438,Delayed,East Tara,Robersonburgh,2025-01-26,Galvan LLC,Truck,1734,25,New Michaelfort,1547
292,73,ke9358,In Transit,New Heathershire,Norrisfort,2025-01-08,"Smith, Lewis and Luna",Truck,5944,14,Laurenhaven,8677
1084,85,Oj8153,Delayed,Singletonhaven,Laurieport,2025-02-17,Dickerson-Navarro,Van,1156,18,North Tiffany,4292
336,8,dl5917,Delayed,Lake Brian,North Benjaminfurt,2025-02-03,Smith-Grant,Van,3131,27,New Allison,6906
1441,80,bJ2487,Delivered,South Caitlyn,Davischester,2025-02-06,Miller-Hardy,Van,4667,4,North Lorimouth,3948
919,99,gM5163,Delivered,East Stephanie,Lake Reneeberg,2025-02-16,Arroyo and Sons,Truck,8199,26,Wendyport,5737
1120,77,hL2313,Delivered,East Rachel,Port Ryan,2025-02-05,Henderson-Rivera,Van,2972,28,Allenside,2661
714,16,CP0794,Delayed,North Kathyland,Lake Travisport,2025-01-09,Li-Park,Truck,5315,2,New April,9924
205,93,Qx4833,In Transit,Port Kevin,Port Kristimouth,2025-01-16,"Ortiz, Smith and Johnson",Ship,4718,20,Richardside,6266
1204,39,Rv2309,In Transit,Lake Morgan,Lake Brendamouth,2025-02-12,Allen LLC,Ship,6855,13,North Randyborough,1599
184,17,op3443,Delivered,Roweshire,South Justinton,2025-02-20,Haas-Martin,Van,6411,8,Brianshire,5806
412,88,Kb4502,Delayed,East Brianna,East Stephen,2025-01-27,Mays-Collier,Truck,5012,15,Michaelmouth,4769
671,92,pP6243,In Transit,West Davidfort,Donfurt,2025-01-28,"Alvarado, Robinson and Roth",Van,8601,29,West Shawn,2700
1267,6,Ff3461,In Transit,East Cheryl,Griffinport,2025-01-30,White-Moore,Truck,3006,24,Knightmouth,1091
1120,100,Pl7372,Delayed,East Rachel,Port Ryan,2025-02-05,"Hardy, Harris and Lewis",Van,6451,2,New April,9924
975,43,la5392,Delayed,Richardberg,Williamsburgh,2025-01-22,Jacobs-Grant,Ship,1119,20,Richardside,6266
1387,31,Vv7978,Delivered,Lake Carriechester,West Jenny,2025-01-14,"Davis, Smith and Lee",Van,9281,25,New Michaelfort,1547
1257,84,SF2824,In Transit,East Rhonda,Elliottberg,2025-02-18,Porter Inc,Truck,8282,13,North Randyborough,1599
1487,79,NU5566,Delayed,Mitchellchester,Davidstad,2025-01-08,"Wade, Williams and Clark",Van,8274,7,Cruzton,2248
1368,41,tG4806,Delivered,Wattsport,Isaacton,2025-02-19,Mendez Group,Truck,6935,24,Knightmouth,1091
582,10,jz9248,Delayed,Martinfurt,Cruzfurt,2025-01-04,"Ortiz, Vargas and Johnson",Truck,2472,12,Leeland,9997
1133,47,cX0226,Delivered,Eileenport,North Catherine,2025-01-09,Smith-Curtis,Truck,8536,8,Brianshire,5806
776,38,qR3919,Delivered,Mooneyborough,Douglasmouth,2025-02-08,"Murphy, Hogan and Glass",Ship,6857,27,New Allison,6906
529,11,nJ3719,In Transit,North Nathaniel,Codyfurt,2025-02-16,"Waller, Barrett and Smith",Van,9803,1,Gilberthaven,2017
163,99,rE8545,In Transit,West Williamview,Andrewfurt,2025-01-28,Arroyo and Sons,Truck,8199,26,Wendyport,5737
846,63,oV3318,In Transit,South Lisaborough,Richardfurt,2025-01-15,"Martinez, Whitehead and Smith",Van,6684,14,Laurenhaven,8677
608,68,cu8698,Delayed,Roweland,Drakefurt,2025-01-19,"Aguirre, Hatfield and Patterson",Ship,3835,15,Michaelmouth,4769
97,29,fH9261,Delivered,South Jesseview,North Jennifer,2025-01-23,Vang LLC,Ship,6365,8,Brianshire,5806
66,14,Zj9506,Delivered,Edwardhaven,North Vanessaberg,2025-01-09,Griffith-Horne,Van,2917,22,South Leahburgh,1050
1353,60,oC4428,Delayed,Port Jason,Port Kevinville,2025-01-18,Hayes-Anderson,Van,3810,24,Knightmouth,1091
359,40,Dk6802,Delivered,Shawnland,Jenkinsstad,2025-01-27,Moreno Inc,Truck,4241,5,Tuckerfort,2516
704,72,TN1610,Delayed,Port Debrafort,North Jamesberg,2025-01-20,Reed-Barnes,Truck,4203,29,West Shawn,2700
455,15,yN0046,Delivered,Rileyhaven,Michellemouth,2025-01-02,"Smith, Watson and Schultz",Ship,9780,24,Knightmouth,1091
291,99,Ru7311,In Transit,Deanchester,West Anthony,2025-02-07,Arroyo and Sons,Truck,8199,26,Wendyport,5737
926,94,zl9757,Delivered,South Steven,Keithton,2025-02-07,"Henderson, Hanson and Middleton",Truck,8830,26,Wendyport,5737
219,3,gM4041,Delivered,Cobbburgh,South Jamesville,2025-01-28,Parker PLC,Truck,8636,25,New Michaelfort,1547
1448,28,Vu3962,In Transit,South Kaitlyn,North Davidstad,2025-01-04,Graham PLC,Van,4355,30,Lamville,5009
74,30,NB3649,Delivered,Port Brandonview,South Terri,2025-01-27,"Bailey, Stevens and Jones",Van,5924,14,Laurenhaven,8677
1316,38,ZW8948,Delayed,Johnsonhaven,Lake Daniel,2025-01-23,"Murphy, Hogan and Glass",Ship,6857,27,New Allison,6906
741,3,qs7344,Delivered,East Daniellestad,New Tylerfort,2025-01-12,Parker PLC,Truck,8636,25,New Michaelfort,1547
804,8,IQ6802,In Transit,Port James,Courtneyside,2025-01-18,Smith-Grant,Van,3131,27,New Allison,6906
615,87,WR4852,Delayed,Sanderschester,Reginaldport,2025-01-09,Nolan-Roberts,Truck,2615,7,Cruzton,2248
691,19,LZ4067,Delayed,Wardborough,West Kimberly,2025-02-13,"Smith, Barnes and Ramsey",Truck,1136,30,Lamville,5009
194,83,QD1143,Delivered,Kentberg,West Elizabethberg,2025-01-21,Navarro Ltd,Ship,8947,14,Laurenhaven,8677
388,90,le7462,In Transit,South Jamesside,North Joseph,2025-01-28,Rocha PLC,Truck,2116,3,New Katrinamouth,6586
1313,81,qr5267,Delayed,Port Michael,West Jessicabury,2025-01-06,"Collins, Meyer and Harris",Van,9505,3,New Katrinamouth,6586
438,11,zw6665,Delayed,Phillipberg,Berryland,2025-02-08,"Waller, Barrett and Smith",Van,9803,1,Gilberthaven,2017
546,64,YE7303,Delivered,North Christopher,Glovermouth,2025-01-08,Hopkins-Patel,Truck,2654,10,East Alexandraport,4793
629,62,Ry0190,Delayed,South Johnathan,North Danielleville,2025-01-24,"Nichols, Vazquez and Sullivan",Van,1742,4,North Lorimouth,3948
1186,47,TU7563,In Transit,West Jonathanmouth,East Danielstad,2025-01-12,Smith-Curtis,Truck,8536,8,Brianshire,5806
528,31,FN5467,Delivered,North Amandaview,Andersonmouth,2025-02-01,"Davis, Smith and Lee",Van,9281,25,New Michaelfort,1547
1405,72,Gw7920,Delayed,Bauerville,Parkstown,2025-01-29,Reed-Barnes,Truck,4203,29,West Shawn,2700
970,66,mM8790,In Transit,Cynthiaside,East Sean,2025-01-14,Kennedy PLC,Truck,9647,5,Tuckerfort,2516
477,93,LQ3861,In Transit,New Nicolemouth,Williambury,2025-01-12,"Ortiz, Smith and Johnson",Ship,4718,20,Richardside,6266
569,4,Wf6468,In Transit,Markhaven,Wattsburgh,2025-02-04,Ross LLC,Truck,1955,11,Glendamouth,8814
915,59,bW4816,Delivered,Gonzalesmouth,Santiagoberg,2025-01-05,Byrd-Bell,Truck,4104,13,North Randyborough,1599
1076,100,kw4383,Delayed,Scottborough,Port Robertview,2025-02-01,"Hardy, Harris and Lewis",Van,6451,2,New April,9924
1314,57,PA8977,Delivered,Jessicamouth,Port Leslie,2025-02-13,"Wade, Bennett and Santana",Truck,8837,28,Allenside,2661
1461,84,FH3975,Delayed,New Shari,South Tylerfurt,2025-02-22,Porter Inc,Truck,8282,13,North Randyborough,1599
7,32,Vg4791,Delivered,Sandraberg,Lake Jamesmouth,2025-02-08,Gutierrez-Harris,Van,1181,17,Nelsonchester,8640
343,60,EC0768,Delayed,West Shelbystad,North Amber,2025-01-16,Hayes-Anderson,Van,3810,24,Knightmouth,1091
7,44,Ox6555,Delayed,Sandraberg,Lake Jamesmouth,2025-02-08,Allen-Hill,Van,9214,26,Wendyport,5737
243,12,HV3897,In Transit,Lake Denisefort,Goodmanport,2025-01-15,Gonzales-Colon,Ship,4465,26,Wendyport,5737
436,26,gp3954,Delayed,East Julianside,Brownland,2025-01-29,Tanner LLC,Ship,7088,12,Leeland,9997
1162,29,jU3677,In Transit,Martinezburgh,Lake Jenniferberg,2025-02-03,Vang LLC,Ship,6365,8,Brianshire,5806
601,93,GN9486,Delivered,New Michellehaven,Alichester,2025-01-24,"Ortiz, Smith and Johnson",Ship,4718,20,Richardside,6266
294,31,JZ3583,Delayed,Matthewside,Theresaborough,2025-02-10,"Davis, Smith and Lee",Van,9281,25,New Michaelfort,1547
207,23,uB3686,In Transit,Markschester,Port Steventown,2025-01-05,"Pollard, Walker and Arnold",Ship,4969,29,West Shawn,2700
445,31,EO6754,Delivered,East Johnside,Sandrabury,2025-01-18,"Davis, Smith and Lee",Van,9281,25,New Michaelfort,1547
733,63,iF6940,Delivered,Greenstad,New Sabrinafurt,2025-01-21,"Martinez, Whitehead and Smith",Van,6684,14,Laurenhaven,8677
52,96,mw1773,Delivered,Fordside,Welchview,2025-02-06,Todd-Oconnor,Truck,1583,13,North Randyborough,1599
367,18,WC7037,In Transit,Frenchburgh,Villaview,2025-01-29,"Fisher, Murphy and Wilson",Van,3893,10,East Alexandraport,4793
726,90,rR5936,Delayed,Lisaburgh,Ballardfurt,2025-02-06,Rocha PLC,Truck,2116,3,New Katrinamouth,6586
629,87,hb8276,Delivered,South Johnathan,North Danielleville,2025-01-24,Nolan-Roberts,Truck,2615,7,Cruzton,2248
1489,44,FD2155,In Transit,Jamesside,Lake Lisa,2025-02-03,Allen-Hill,Van,9214,26,Wendyport,5737
922,67,Ei2910,In Transit,New Jameshaven,Lake Ericaborough,2025-02-05,"Hunt, Thompson and Garcia",Truck,8389,14,Laurenhaven,8677
1320,63,Pd3824,Delivered,Williamsville,East Justinton,2025-01-22,"Martinez, Whitehead and Smith",Van,6684,14,Laurenhaven,8677
321,74,cb6619,Delayed,Kelleystad,East Darrenfurt,2025-02-18,Stone-Richardson,Ship,2451,23,Denisefurt,3279
381,52,qm1542,In Transit,Youngton,Lindsayborough,2025-01-25,Miller-Patel,Truck,6123,29,West Shawn,2700
632,35,ez9689,In Transit,Scottburgh,Woodsbury,2025-01-08,Bender-Lee,Ship,7510,20,Richardside,6266
711,88,cr2757,Delayed,South Wendy,Greenhaven,2025-02-15,Mays-Collier,Truck,5012,15,Michaelmouth,4769
1163,35,Pm9333,In Transit,Lake Victoria,New Andrea,2025-02-21,Bender-Lee,Ship,7510,20,Richardside,6266
7,51,Lf3196,Delayed,Sandraberg,Lake Jamesmouth,2025-02-08,Johnson and Sons,Truck,3772,2,New April,9924
423,88,mI4512,Delayed,West Kimberly,Antoniohaven,2025-01-22,Mays-Collier,Truck,5012,15,Michaelmouth,4769
250,19,Zz9877,In Transit,Port Jose,Lucasland,2025-01-11,"Smith, Barnes and Ramsey",Truck,1136,30,Lamville,5009
1078,15,OM2031,Delivered,South Robert,North Donaldport,2025-02-21,"Smith, Watson and Schultz",Ship,9780,24,Knightmouth,1091
797,22,DM2542,Delivered,New Stacy,Port Misty,2025-01-03,Kelly-Lewis,Truck,2477,5,Tuckerfort,2516
1250,16,Yc5087,Delayed,Lisaport,North John,2025-01-01,Li-Park,Truck,5315,2,New April,9924
715,36,Em2773,In Transit,South Veronicaport,Youngstad,2025-01-09,Walker Group,Truck,1689,17,Nelsonchester,8640
1192,56,Um0510,In Transit,West Miguelstad,South Danieltown,2025-02-15,Adams LLC,Ship,4752,2,New April,9924
975,48,jq9216,In Transit,Richardberg,Williamsburgh,2025-01-22,"Noble, Alvarez and Hammond",Van,8083,19,Danaton,7501
808,6,qQ0087,Delayed,North Michaeltown,Port Alisonfort,2025-01-09,White-Moore,Truck,3006,24,Knightmouth,1091
424,89,EB5268,In Transit,Hillbury,Port Matthew,2025-01-16,"Marquez, Ray and Hernandez",Van,4776,19,Danaton,7501
1345,17,im1348,In Transit,Port Emilyview,North Maryburgh,2025-02-08,Haas-Martin,Van,6411,8,Brianshire,5806
1037,31,aQ7897,In Transit,Ferrellton,Hernandezmouth,2025-02-03,"Davis, Smith and Lee",Van,9281,25,New Michaelfort,1547
321,55,wS3272,Delayed,Kelleystad,East Darrenfurt,2025-02-18,"Chavez, Woodard and Martin",Truck,7052,21,North Ruth,5699
26,10,Bc3536,Delivered,New Katiebury,North Alyssaport,2025-01-15,"Ortiz, Vargas and Johnson",Truck,2472,12,Leeland,9997
1402,19,wL7847,In Transit,Robertsfurt,Williamsville,2025-02-13,"Smith, Barnes and Ramsey",Truck,1136,30,Lamville,5009
337,98,JA2563,Delayed,Lake Sean,Pacehaven,2025-01-06,Jacobson-Mann,Van,7026,14,Laurenhaven,8677
853,27,Nk3221,Delayed,North Kelseyfort,Bethside,2025-02-09,Weaver-Lopez,Ship,6823,10,East Alexandraport,4793
41,3,hy1053,In Transit,North Debraburgh,Peterfurt,2025-02-08,Parker PLC,Truck,8636,25,New Michaelfort,1547
310,27,pJ1887,Delivered,Jessicachester,Hallland,2025-02-21,Weaver-Lopez,Ship,6823,10,East Alexandraport,4793
1301,86,Op4735,Delivered,Hopkinsport,Robinsonshire,2025-01-20,Hughes-Perkins,Van,8239,21,North Ruth,5699
1261,78,pR4975,Delayed,Codyburgh,Lake Danielburgh,2025-01-14,Keith-Woods,Ship,9186,25,New Michaelfort,1547
1187,37,ez6890,Delivered,East Diana,East Alexandermouth,2025-02-15,Moore-Nguyen,Truck,7085,23,Denisefurt,3279
87,50,yw0978,Delayed,West Gabrielhaven,Lake Mirandatown,2025-01-09,"Foster, Green and Hall",Ship,4548,20,Richardside,6266
1485,60,iq5681,Delivered,South Thomasshire,Brianfort,2025-01-17,Hayes-Anderson,Van,3810,24,Knightmouth,1091
1407,3,Vw4383,Delivered,Nelsonstad,Stanleyland,2025-01-25,Parker PLC,Truck,8636,25,New Michaelfort,1547
675,80,jz8677,In Transit,Lake Heidichester,East Leslieberg,2025-01-11,Miller-Hardy,Van,4667,4,North Lorimouth,3948
567,27,Gv8830,Delivered,East Mary,North Joseph,2025-01-23,Weaver-Lopez,Ship,6823,10,East Alexandraport,4793
483,25,dI4308,In Transit,Boyerbury,Port Paigeborough,2025-01-29,"Barnes, Armstrong and Mathews",Ship,7220,26,Wendyport,5737
1490,70,NP9148,In Transit,Cherylhaven,Kimberlytown,2025-02-07,Landry-Holt,Van,1213,6,South Teresastad,1421
1233,32,uz8387,Delivered,Port Amandashire,Barnestown,2025-01-02,Gutierrez-Harris,Van,1181,17,Nelsonchester,8640
812,14,TQ3061,Delivered,Kaylashire,Schaefermouth,2025-02-09,Griffith-Horne,Van,2917,22,South Leahburgh,1050
1498,38,QU1910,Delivered,West Laura,Brooksfort,2025-01-17,"Murphy, Hogan and Glass",Ship,6857,27,New Allison,6906
512,56,tr1830,Delivered,South Lindaview,Campbellside,2025-02-20,Adams LLC,Ship,4752,2,New April,9924
455,90,Xq7211,In Transit,Rileyhaven,Michellemouth,2025-01-02,Rocha PLC,Truck,2116,3,New Katrinamouth,6586
1168,79,jK3929,Delivered,South Jennifermouth,Sanchezton,2025-02-17,"Wade, Williams and Clark",Van,8274,7,Cruzton,2248
266,87,Qn8524,In Transit,Patrickland,Phillipsside,2025-01-07,Nolan-Roberts,Truck,2615,7,Cruzton,2248
435,76,FQ1621,Delayed,East Megan,Martinezhaven,2025-01-11,Clark Group,Van,8948,18,North Tiffany,4292
173,25,Aq3212,Delivered,Port Staceyburgh,Morrisview,2025-01-06,"Barnes, Armstrong and Mathews",Ship,7220,26,Wendyport,5737
611,74,wP9448,Delivered,North Anthonyton,South Jamie,2025-02-02,Stone-Richardson,Ship,2451,23,Denisefurt,3279
586,10,PD9750,Delivered,Romeromouth,South Anthony,2025-01-14,"Ortiz, Vargas and Johnson",Truck,2472,12,Leeland,9997
1019,84,jG0290,Delayed,Jamesville,Jeffreyhaven,2025-02-16,Porter Inc,Truck,8282,13,North Randyborough,1599
1040,61,FE1639,Delayed,Stricklandview,Lisaburgh,2025-01-09,"Carrillo, Cox and Gentry",Truck,7909,7,Cruzton,2248
207,16,dh0238,Delayed,Markschester,Port Steventown,2025-01-05,Li-Park,Truck,5315,2,New April,9924
864,10,uf4690,Delayed,Lisabury,West Tammymouth,2025-01-06,"Ortiz, Vargas and Johnson",Truck,2472,12,Leeland,9997
916,88,oq8118,Delivered,Amyberg,North Kimberlyborough,2025-02-12,Mays-Collier,Truck,5012,15,Michaelmouth,4769
917,100,qk6982,In Transit,Lawsonmouth,Russellshire,2025-01-08,"Hardy, Harris and Lewis",Van,6451,2,New April,9924
178,74,RY3539,In Transit,North Claire,Lake Troyberg,2025-01-02,Stone-Richardson,Ship,2451,23,Denisefurt,3279
1493,81,cx0261,In Transit,South Hannah,Cynthiamouth,2025-01-03,"Collins, Meyer and Harris",Van,9505,3,New Katrinamouth,6586
679,20,lY5005,Delivered,New Anthony,Lanefort,2025-02-05,"Garcia, Spears and Thompson",Ship,8037,17,Nelsonchester,8640
38,39,qg6498,Delayed,Tylerville,Boonestad,2025-02-18,Allen LLC,Ship,6855,13,North Randyborough,1599
749,86,mX3650,In Transit,Michelleview,Lake James,2025-02-19,Hughes-Perkins,Van,8239,21,North Ruth,5699
365,47,Hu2015,Delayed,Crystalton,Port Jamesfort,2025-01-13,Smith-Curtis,Truck,8536,8,Brianshire,5806
1096,60,jz4319,In Transit,North Donaldbury,Lake Zachary,2025-02-14,Hayes-Anderson,Van,3810,24,Knightmouth,1091
436,73,nZ4820,In Transit,East Julianside,Brownland,2025-01-29,"Smith, Lewis and Luna",Truck,5944,14,Laurenhaven,8677
659,96,et5939,Delayed,Chelseaville,Marshallport,2025-01-23,Todd-Oconnor,Truck,1583,13,North Randyborough,1599
120,20,yS9251,Delivered,West Andrew,East Marissabury,2025-02-09,"Garcia, Spears and Thompson",Ship,8037,17,Nelsonchester,8640
489,88,NF9289,Delivered,Port Joan,Timothyview,2025-02-18,Mays-Collier,Truck,5012,15,Michaelmouth,4769
862,66,le1334,Delivered,Lake Erikside,Lake Williamhaven,2025-02-14,Kennedy PLC,Truck,9647,5,Tuckerfort,2516
735,4,uE9993,In Transit,Port Jennifer,Sweeneybury,2025-02-11,Ross LLC,Truck,1955,11,Glendamouth,8814
1199,57,Vs5043,Delayed,Stoneton,East Chadville,2025-02-09,"Wade, Bennett and Santana",Truck,8837,28,Allenside,2661
931,39,tP6302,Delivered,Wrighthaven,Lake Christy,2025-01-24,Allen LLC,Ship,6855,13,North Randyborough,1599
101,51,So0697,In Transit,Julieburgh,New Jamesstad,2025-01-02,Johnson and Sons,Truck,3772,2,New April,9924
1227,16,cb1505,In Transit,Amyview,Donaldview,2025-01-09,Li-Park,Truck,5315,2,New April,9924
1226,37,Ze4846,In Transit,Powellside,Padillahaven,2025-01-08,Moore-Nguyen,Truck,7085,23,Denisefurt,3279
1381,94,xZ1132,Delayed,Smithfort,East Jasmineland,2025-01-31,"Henderson, Hanson and Middleton",Truck,8830,26,Wendyport,5737
1369,72,yL2579,In Transit,South Deborahside,East Traci,2025-01-27,Reed-Barnes,Truck,4203,29,West Shawn,2700
625,7,Na4368,Delayed,South John,Port Linda,2025-01-27,Calderon-Miller,Van,3362,7,Cruzton,2248
326,62,lV5619,Delayed,Campbellberg,Olsonville,2025-01-04,"Nichols, Vazquez and Sullivan",Van,1742,4,North Lorimouth,3948
364,23,gE7535,Delayed,Juarezmouth,Annafurt,2025-02-13,"Pollard, Walker and Arnold",Ship,4969,29,West Shawn,2700
467,46,zE8975,In Transit,East Cheryl,New Ryanville,2025-02-17,May-Hayes,Ship,1488,8,Brianshire,5806
51,36,Hd8564,In Transit,Joshuastad,Lake Angela,2025-01-01,Walker Group,Truck,1689,17,Nelsonchester,8640
84,59,sh3590,In Transit,Port Williamberg,South Karabury,2025-02-01,Byrd-Bell,Truck,4104,13,North Randyborough,1599
482,51,Kr6948,Delivered,West Haley,West Lindseyfort,2025-01-07,Johnson and Sons,Truck,3772,2,New April,9924
877,71,YE1852,Delivered,Cabreratown,Davidland,2025-02-10,Allen-Smith,Ship,3646,28,Allenside,2661
148,27,VU9908,In Transit,West Davidshire,Leeton,2025-01-12,Weaver-Lopez,Ship,6823,10,East Alexandraport,4793
1073,65,Ls3121,Delivered,New Regina,East Patricia,2025-02-18,"Graham, Barnes and Lawrence",Van,6497,13,North Randyborough,1599
927,93,tV9375,Delivered,Laurenfort,West Candace,2025-02-01,"Ortiz, Smith and Johnson",Ship,4718,20,Richardside,6266
774,8,UA7099,Delivered,East Matthewton,Port Virginiamouth,2025-02-19,Smith-Grant,Van,3131,27,New Allison,6906
610,56,SU5355,Delivered,Smallmouth,Pageborough,2025-02-08,Adams LLC,Ship,4752,2,New April,9924
329,55,uR8890,In Transit,Webbfort,Andreamouth,2025-02-12,"Chavez, Woodard and Martin",Truck,7052,21,North Ruth,5699
1338,73,Ti0030,Delayed,Lake Jameschester,Joneschester,2025-01-24,"Smith, Lewis and Luna",Truck,5944,14,Laurenhaven,8677
621,61,La3408,Delivered,South Stephanie,North Josephfort,2025-02-16,"Carrillo, Cox and Gentry",Truck,7909,7,Cruzton,2248
724,25,ZG1715,Delivered,Willisshire,West Brentland,2025-02-20,"Barnes, Armstrong and Mathews",Ship,7220,26,Wendyport,5737
808,56,TB3734,In Transit,North Michaeltown,Port Alisonfort,2025-01-09,Adams LLC,Ship,4752,2,New April,9924
564,86,Qa6545,In Transit,East Danielberg,Kingberg,2025-02-17,Hughes-Perkins,Van,8239,21,North Ruth,5699
877,50,Ih4517,In Transit,Cabreratown,Davidland,2025-02-10,"Foster, Green and Hall",Ship,4548,20,Richardside,6266
116,43,mt0560,Delayed,Crosbyborough,Arnoldberg,2025-01-09,Jacobs-Grant,Ship,1119,20,Richardside,6266
1090,55,HC4669,Delivered,Jacksonport,Lake Sarahville,2025-02-19,"Chavez, Woodard and Martin",Truck,7052,21,North Ruth,5699
253,100,Xw6894,In Transit,Ashleyview,West Martinmouth,2025-02-10,"Hardy, Harris and Lewis",Van,6451,2,New April,9924
511,70,KK9440,Delayed,Ariastown,Smithstad,2025-02-07,Landry-Holt,Van,1213,6,South Teresastad,1421
759,26,cX4599,Delivered,Steinland,Lake Elaineberg,2025-01-03,Tanner LLC,Ship,7088,12,Leeland,9997
32,48,aY0733,In Transit,New Matthew,Greerchester,2025-01-12,"Noble, Alvarez and Hammond",Van,8083,19,Danaton,7501
1301,95,rc8618,Delivered,Hopkinsport,Robinsonshire,2025-01-20,Contreras PLC,Truck,2645,6,South Teresastad,1421
89,60,ks1028,Delayed,Lake Bradleyshire,Tinabury,2025-01-22,Hayes-Anderson,Van,3810,24,Knightmouth,1091
564,59,rJ2761,Delayed,East Danielberg,Kingberg,2025-02-17,Byrd-Bell,Truck,4104,13,North Randyborough,1599
171,64,Lf1202,Delivered,Lake Robertberg,Lake Anna,2025-01-16,Hopkins-Patel,Truck,2654,10,East Alexandraport,4793
112,12,Oe9596,Delivered,East Audreytown,Lake Robert,2025-01-21,Gonzales-Colon,Ship,4465,26,Wendyport,5737
1429,47,aV8260,Delivered,Woodville,Coltonmouth,2025-01-12,Smith-Curtis,Truck,8536,8,Brianshire,5806
192,51,gv2845,Delivered,Gouldland,Port John,2025-01-03,Johnson and Sons,Truck,3772,2,New April,9924
572,54,Xf6073,Delayed,Hansenshire,Lambury,2025-01-06,Galvan LLC,Truck,1734,25,New Michaelfort,1547
1259,16,Qr9963,Delayed,Johnview,Port Jillfort,2025-01-06,Li-Park,Truck,5315,2,New April,9924
1153,20,XK0689,Delivered,Spearstown,Brockbury,2025-01-17,"Garcia, Spears and Thompson",Ship,8037,17,Nelsonchester,8640
207,40,cI6284,Delivered,Markschester,Port Steventown,2025-01-05,Moreno Inc,Truck,4241,5,Tuckerfort,2516
1485,55,uq8734,In Transit,South Thomasshire,Brianfort,2025-01-17,"Chavez, Woodard and Martin",Truck,7052,21,North Ruth,5699
485,79,nb7813,Delivered,North Jason,West Taylor,2025-01-26,"Wade, Williams and Clark",Van,8274,7,Cruzton,2248
743,43,UF5786,Delivered,Port Joyce,Port Erica,2025-02-22,Jacobs-Grant,Ship,1119,20,Richardside,6266
1360,23,iH3968,Delivered,Jillborough,Lake Tim,2025-02-19,"Pollard, Walker and Arnold",Ship,4969,29,West Shawn,2700
128,55,Mn8709,In Transit,Yolandashire,Colefort,2025-01-21,"Chavez, Woodard and Martin",Truck,7052,21,North Ruth,5699
369,50,ID7687,Delivered,Tylermouth,Lisamouth,2025-01-22,"Foster, Green and Hall",Ship,4548,20,Richardside,6266
1024,99,Oq9860,Delivered,East Mark,Lake Codyton,2025-01-07,Arroyo and Sons,Truck,8199,26,Wendyport,5737
750,39,Yo9882,Delivered,New Patrickfort,Lake Williamfurt,2025-01-09,Allen LLC,Ship,6855,13,North Randyborough,1599
429,70,rR1841,Delivered,East Scott,Port Jimchester,2025-01-16,Landry-Holt,Van,1213,6,South Teresastad,1421
1274,90,ly7163,In Transit,East Gregoryshire,Normanbury,2025-01-30,Rocha PLC,Truck,2116,3,New Katrinamouth,6586
1298,58,Wx8800,Delayed,Douglashaven,Lake Tina,2025-02-21,Taylor-Lucas,Ship,4029,2,New April,9924
1275,56,Pc0894,Delayed,East Lisamouth,Maryside,2025-02-19,Adams LLC,Ship,4752,2,New April,9924
210,9,ui1270,Delayed,Robertland,Martinchester,2025-02-21,"Patterson, Benton and Garcia",Truck,7841,10,East Alexandraport,4793
947,41,ff3626,Delivered,Lake Karen,Port Kerryberg,2025-01-12,Mendez Group,Truck,6935,24,Knightmouth,1091
590,35,JF6270,In Transit,Patriciabury,Mccoychester,2025-01-29,Bender-Lee,Ship,7510,20,Richardside,6266
1239,75,wm1823,In Transit,Frederickmouth,Justinshire,2025-01-31,Brock Ltd,Truck,8196,11,Glendamouth,8814
1198,27,WM2395,Delayed,Tylershire,Blackborough,2025-02-15,Weaver-Lopez,Ship,6823,10,East Alexandraport,4793
1415,88,Aa4543,Delayed,South Melanie,Port Mark,2025-01-15,Mays-Collier,Truck,5012,15,Michaelmouth,4769
1074,57,YS2019,Delivered,Josephmouth,Lake Jasmineburgh,2025-01-20,"Wade, Bennett and Santana",Truck,8837,28,Allenside,2661
1093,3,OX8697,In Transit,Davidmouth,South Johnburgh,2025-02-12,Parker PLC,Truck,8636,25,New Michaelfort,1547
1115,89,XT9932,Delivered,South Clayton,New Howard,2025-01-12,"Marquez, Ray and Hernandez",Van,4776,19,Danaton,7501
55,46,ga8618,Delivered,Leahmouth,Lake Ruthport,2025-01-10,May-Hayes,Ship,1488,8,Brianshire,5806
1293,94,Nb2523,Delayed,Weaverstad,Port Brianna,2025-02-18,"Henderson, Hanson and Middleton",Truck,8830,26,Wendyport,5737
233,62,oa4568,Delivered,Port Shellyside,West Elizabeth,2025-01-26,"Nichols, Vazquez and Sullivan",Van,1742,4,North Lorimouth,3948
237,72,QD0284,In Transit,West Janet,Lake Dawn,2025-02-04,Reed-Barnes,Truck,4203,29,West Shawn,2700
1057,61,gb4838,In Transit,Fernandoshire,Williamsmouth,2025-01-24,"Carrillo, Cox and Gentry",Truck,7909,7,Cruzton,2248
945,97,wP6218,Delayed,Lake Sandrahaven,New Amberfort,2025-01-30,Chen-Lopez,Truck,3532,29,West Shawn,2700
1215,25,pj7007,Delivered,Smithton,Paulachester,2025-01-27,"Barnes, Armstrong and Mathews",Ship,7220,26,Wendyport,5737
153,10,Uu7170,Delayed,Marymouth,Josephfort,2025-01-03,"Ortiz, Vargas and Johnson",Truck,2472,12,Leeland,9997
445,67,VR1317,In Transit,East Johnside,Sandrabury,2025-01-18,"Hunt, Thompson and Garcia",Truck,8389,14,Laurenhaven,8677
1140,42,Ha0881,In Transit,Turnerstad,Watsonberg,2025-01-29,Ford-Swanson,Truck,9843,19,Danaton,7501
635,56,rd8727,Delayed,Jamesmouth,South Mary,2025-01-14,Adams LLC,Ship,4752,2,New April,9924
603,92,kw7174,Delayed,Hubbardborough,South Mary,2025-01-08,"Alvarado, Robinson and Roth",Van,8601,29,West Shawn,2700
1310,4,AX6416,In Transit,Chadburgh,South Nicoleview,2025-01-22,Ross LLC,Truck,1955,11,Glendamouth,8814
1324,94,FR8422,Delayed,Jamestown,Grahamchester,2025-02-12,"Henderson, Hanson and Middleton",Truck,8830,26,Wendyport,5737
936,30,qL2085,In Transit,Lauriechester,Danielhaven,2025-01-13,"Bailey, Stevens and Jones",Van,5924,14,Laurenhaven,8677
387,5,gx3171,In Transit,Kimberlyhaven,Jasonshire,2025-01-26,Smith-Henderson,Truck,6718,14,Laurenhaven,8677
1210,89,Ed1037,Delivered,New Kimberlyside,Johnstonmouth,2025-01-13,"Marquez, Ray and Hernandez",Van,4776,19,Danaton,7501
917,82,es7710,Delivered,Lawsonmouth,Russellshire,2025-01-08,Bridges Ltd,Truck,3111,23,Denisefurt,3279
110,95,uC0791,Delivered,Cameronside,East Marystad,2025-01-16,Contreras PLC,Truck,2645,6,South Teresastad,1421
989,89,zI9331,Delivered,Michaelton,Meganland,2025-02-09,"Marquez, Ray and Hernandez",Van,4776,19,Danaton,7501
1143,55,Cu6164,Delayed,Melissafurt,East Ericbury,2025-01-02,"Chavez, Woodard and Martin",Truck,7052,21,North Ruth,5699
1297,88,UE8984,In Transit,Weaverland,Karenborough,2025-01-26,Mays-Collier,Truck,5012,15,Michaelmouth,4769
215,27,zw2774,In Transit,New Jasonburgh,South Anitaland,2025-01-28,Weaver-Lopez,Ship,6823,10,East Alexandraport,4793
650,94,Ms5327,Delivered,Alecshire,Hornebury,2025-02-22,"Henderson, Hanson and Middleton",Truck,8830,26,Wendyport,5737
62,64,Un4671,In Transit,West Anne,Robertstown,2025-02-15,Hopkins-Patel,Truck,2654,10,East Alexandraport,4793
735,55,Ip8621,In Transit,Port Jennifer,Sweeneybury,2025-02-11,"Chavez, Woodard and Martin",Truck,7052,21,North Ruth,5699
782,93,xJ4062,Delivered,Lake Robinland,North Kevinside,2025-01-14,"Ortiz, Smith and Johnson",Ship,4718,20,Richardside,6266
345,81,pp1243,In Transit,East Hunter,South Lori,2025-02-16,"Collins, Meyer and Harris",Van,9505,3,New Katrinamouth,6586
1163,54,xJ7880,Delayed,Lake Victoria,New Andrea,2025-02-21,Galvan LLC,Truck,1734,25,New Michaelfort,1547
320,32,iG4203,Delayed,Selenafurt,North Anthonyside,2025-01-31,Gutierrez-Harris,Van,1181,17,Nelsonchester,8640
236,32,yY9542,Delivered,North Jasonchester,Port Chelsea,2025-02-16,Gutierrez-Harris,Van,1181,17,Nelsonchester,8640
838,52,GV1555,Delivered,Lake Davidshire,Newmanmouth,2025-01-08,Miller-Patel,Truck,6123,29,West Shawn,2700
730,50,hQ5643,Delivered,Sheltonstad,Jacobville,2025-02-14,"Foster, Green and Hall",Ship,4548,20,Richardside,6266
828,11,OB5397,Delayed,Davishaven,New Jonathan,2025-01-09,"Waller, Barrett and Smith",Van,9803,1,Gilberthaven,2017
244,16,is9311,In Transit,Haynesville,North Emily,2025-01-22,Li-Park,Truck,5315,2,New April,9924
1021,13,CN3888,Delivered,West Mark,New Tiffanyton,2025-02-20,"Jones, Porter and Butler",Van,7419,3,New Katrinamouth,6586
716,7,Kq1938,Delivered,Lake Sara,Lake Ericfort,2025-02-18,Calderon-Miller,Van,3362,7,Cruzton,2248
861,24,cS5893,In Transit,West Kelly,Brookeborough,2025-02-04,Clark-Hardin,Van,2921,24,Knightmouth,1091
315,70,KW5412,Delayed,Lake Jasonton,West Adammouth,2025-01-28,Landry-Holt,Van,1213,6,South Teresastad,1421
255,20,OZ2254,Delivered,Port Cindyberg,Blackberg,2025-01-02,"Garcia, Spears and Thompson",Ship,8037,17,Nelsonchester,8640
1409,94,wv9833,Delayed,Lake Michele,Whitneyfurt,2025-02-16,"Henderson, Hanson and Middleton",Truck,8830,26,Wendyport,5737
1020,41,Pf7595,Delivered,East Tara,Robersonburgh,2025-01-26,Mendez Group,Truck,6935,24,Knightmouth,1091
814,15,tr9274,Delivered,Lake Markshire,Port Davidshire,2025-02-01,"Smith, Watson and Schultz",Ship,9780,24,Knightmouth,1091
81,11,tZ3181,Delivered,Nelsonbury,South Josemouth,2025-01-27,"Waller, Barrett and Smith",Van,9803,1,Gilberthaven,2017
1133,66,UK1128,Delayed,Eileenport,North Catherine,2025-01-09,Kennedy PLC,Truck,9647,5,Tuckerfort,2516
263,20,RZ8168,Delayed,Reesechester,Jenkinsborough,2025-01-28,"Garcia, Spears and Thompson",Ship,8037,17,Nelsonchester,8640
276,17,AJ1562,Delayed,West Biancaport,Branchland,2025-01-02,Haas-Martin,Van,6411,8,Brianshire,5806
1372,69,Mq9381,Delivered,East Paulside,Murrayshire,2025-01-25,Bell Inc,Van,5273,18,North Tiffany,4292
81,27,jJ1513,In Transit,Nelsonbury,South Josemouth,2025-01-27,Weaver-Lopez,Ship,6823,10,East Alexandraport,4793
1291,49,Kn4621,In Transit,New Kayla,Fitzgeraldborough,2025-01-09,Sexton-Pierce,Truck,7265,22,South Leahburgh,1050
1250,29,tf5085,In Transit,Lisaport,North John,2025-01-01,Vang LLC,Ship,6365,8,Brianshire,5806
237,23,gl5508,In Transit,West Janet,Lake Dawn,2025-02-04,"Pollard, Walker and Arnold",Ship,4969,29,West Shawn,2700
451,9,jc6594,Delivered,Martinland,Velazquezchester,2025-01-04,"Patterson, Benton and Garcia",Truck,7841,10,East Alexandraport,4793
796,90,pY3855,Delivered,Nicholasfort,North Hollyland,2025-01-18,Rocha PLC,Truck,2116,3,New Katrinamouth,6586
1200,18,cm5114,Delayed,West Jenniferland,Elizabethport,2025-02-10,"Fisher, Murphy and Wilson",Van,3893,10,East Alexandraport,4793
1152,94,eW9066,Delivered,New Corychester,Connorberg,2025-01-23,"Henderson, Hanson and Middleton",Truck,8830,26,Wendyport,5737
771,11,Yw4823,Delivered,Kimberlyberg,Travisfort,2025-01-08,"Waller, Barrett and Smith",Van,9803,1,Gilberthaven,2017
75,83,yt6744,Delivered,Kimfort,Jonesfurt,2025-01-17,Navarro Ltd,Ship,8947,14,Laurenhaven,8677
1162,66,SL0861,Delivered,Martinezburgh,Lake Jenniferberg,2025-02-03,Kennedy PLC,Truck,9647,5,Tuckerfort,2516
305,89,NM1363,Delayed,Port Mary,Fordchester,2025-02-03,"Marquez, Ray and Hernandez",Van,4776,19,Danaton,7501
1094,58,uW1285,In Transit,South Jamesfort,West Daniel,2025-01-06,Taylor-Lucas,Ship,4029,2,New April,9924
764,45,we1678,Delayed,Trujillomouth,Richardberg,2025-01-22,Howard Inc,Ship,4232,27,New Allison,6906
178,27,Wk0231,In Transit,North Claire,Lake Troyberg,2025-01-02,Weaver-Lopez,Ship,6823,10,East Alexandraport,4793
765,58,Tj2870,Delayed,Douglasbury,Ricemouth,2025-01-02,Taylor-Lucas,Ship,4029,2,New April,9924
1324,53,Jt2176,Delayed,Jamestown,Grahamchester,2025-02-12,Hale-Boone,Ship,5759,1,Gilberthaven,2017
115,31,xZ5151,In Transit,East Andrea,North Sarahfurt,2025-02-11,"Davis, Smith and Lee",Van,9281,25,New Michaelfort,1547
908,31,nX0490,In Transit,Lake Josephview,Phamburgh,2025-01-30,"Davis, Smith and Lee",Van,9281,25,New Michaelfort,1547
376,39,ur6443,Delayed,Salasborough,Sandersstad,2025-01-11,Allen LLC,Ship,6855,13,North Randyborough,1599
993,41,aA8803,In Transit,Garyhaven,Douglasview,2025-01-21,Mendez Group,Truck,6935,24,Knightmouth,1091
1454,66,uV7451,Delivered,North Christophermouth,Davisland,2025-01-16,Kennedy PLC,Truck,9647,5,Tuckerfort,2516
778,79,Gi6848,Delayed,Port Zacharyhaven,Copelandville,2025-01-22,"Wade, Williams and Clark",Van,8274,7,Cruzton,2248
1208,21,xs3174,In Transit,North Carrieborough,Carlfurt,2025-02-06,Anderson-Jennings,Ship,3849,19,Danaton,7501
105,6,sh7782,Delayed,Port Melinda,North Ryan,2025-01-12,White-Moore,Truck,3006,24,Knightmouth,1091
758,19,xS7279,Delayed,Brianburgh,West Vickie,2025-01-29,"Smith, Barnes and Ramsey",Truck,1136,30,Lamville,5009
358,94,TX5080,Delivered,Rachaelberg,Maryside,2025-02-03,"Henderson, Hanson and Middleton",Truck,8830,26,Wendyport,5737
675,17,ZJ3892,In Transit,Lake Heidichester,East Leslieberg,2025-01-11,Haas-Martin,Van,6411,8,Brianshire,5806
846,91,Ic9235,In Transit,South Lisaborough,Richardfurt,2025-01-15,Black-Evans,Truck,4485,23,Denisefurt,3279
29,74,ot0077,Delivered,Lake Williamland,Jamesland,2025-02-11,Stone-Richardson,Ship,2451,23,Denisefurt,3279
488,95,JT6119,Delivered,Lindseyland,Richardmouth,2025-01-01,Contreras PLC,Truck,2645,6,South Teresastad,1421
358,29,pA0729,In Transit,Rachaelberg,Maryside,2025-02-03,Vang LLC,Ship,6365,8,Brianshire,5806
381,55,iW1775,Delivered,Youngton,Lindsayborough,2025-01-25,"Chavez, Woodard and Martin",Truck,7052,21,North Ruth,5699
548,30,XC5397,Delayed,Dennisland,Bethchester,2025-02-18,"Bailey, Stevens and Jones",Van,5924,14,Laurenhaven,8677
90,16,ZJ0090,Delayed,New Barbara,New Thomaschester,2025-02-18,Li-Park,Truck,5315,2,New April,9924
459,68,NL5888,Delayed,West Timothy,Aliciamouth,2025-02-15,"Aguirre, Hatfield and Patterson",Ship,3835,15,Michaelmouth,4769
840,62,qt2055,Delayed,Crystalside,Lake Michaelborough,2025-02-14,"Nichols, Vazquez and Sullivan",Van,1742,4,North Lorimouth,3948
187,19,uA3782,Delayed,Juanshire,Jordanland,2025-01-09,"Smith, Barnes and Ramsey",Truck,1136,30,Lamville,5009
1087,75,DR8324,Delayed,New Brandi,New Cole,2025-01-18,Brock Ltd,Truck,8196,11,Glendamouth,8814
220,26,Gv9246,In Transit,Port Danielshire,Briannaland,2025-02-07,Tanner LLC,Ship,7088,12,Leeland,9997
20,40,Zd4050,Delivered,New Joshua,Christymouth,2025-02-05,Moreno Inc,Truck,4241,5,Tuckerfort,2516
927,93,SD5109,In Transit,Laurenfort,West Candace,2025-02-01,"Ortiz, Smith and Johnson",Ship,4718,20,Richardside,6266
1065,85,bs2374,Delayed,Millerport,Lake Scott,2025-02-15,Dickerson-Navarro,Van,1156,18,North Tiffany,4292
438,41,AK4435,In Transit,Phillipberg,Berryland,2025-02-08,Mendez Group,Truck,6935,24,Knightmouth,1091
1014,7,zf5276,In Transit,New Jennifer,South Kaylafort,2025-01-05,Calderon-Miller,Van,3362,7,Cruzton,2248
1013,40,Gc7242,Delivered,East Katherine,Mendozaburgh,2025-02-02,Moreno Inc,Truck,4241,5,Tuckerfort,2516
470,6,yr9824,Delivered,Williamstown,Erikborough,2025-02-09,White-Moore,Truck,3006,24,Knightmouth,1091
1322,100,qR7335,Delayed,Amberside,Timothymouth,2025-01-27,"Hardy, Harris and Lewis",Van,6451,2,New April,9924
1022,30,dq9722,Delivered,Pearsonmouth,Seanburgh,2025-02-11,"Bailey, Stevens and Jones",Van,5924,14,Laurenhaven,8677
740,18,ig2440,In Transit,Markton,East Karatown,2025-02-04,"Fisher, Murphy and Wilson",Van,3893,10,East Alexandraport,4793
998,79,sZ6912,In Transit,Kellyshire,Lake Catherine,2025-02-08,"Wade, Williams and Clark",Van,8274,7,Cruzton,2248
221,10,AO6767,Delayed,North Susanshire,South Austinville,2025-01-04,"Ortiz, Vargas and Johnson",Truck,2472,12,Leeland,9997
1240,57,Xc7734,Delayed,Millermouth,Seanberg,2025-02-16,"Wade, Bennett and Santana",Truck,8837,28,Allenside,2661
1134,92,Fg2574,In Transit,East Williamside,South Jeffrey,2025-01-25,"Alvarado, Robinson and Roth",Van,8601,29,West Shawn,2700
150,3,nz9984,Delayed,North Patrick,Port Melissamouth,2025-01-03,Parker PLC,Truck,8636,25,New Michaelfort,1547
1430,72,EP7501,In Transit,Wiseburgh,New Joshuabury,2025-01-29,Reed-Barnes,Truck,4203,29,West Shawn,2700
798,62,Al9642,Delayed,North Laura,South Kenneth,2025-02-07,"Nichols, Vazquez and Sullivan",Van,1742,4,North Lorimouth,3948
26,88,hM5750,In Transit,New Katiebury,North Alyssaport,2025-01-15,Mays-Collier,Truck,5012,15,Michaelmouth,4769
466,44,xK3332,In Transit,Newmantown,Perryview,2025-02-07,Allen-Hill,Van,9214,26,Wendyport,5737
954,96,Lf2881,Delayed,Lake Stevenhaven,Johnsontown,2025-01-20,Todd-Oconnor,Truck,1583,13,North Randyborough,1599
30,7,Rh5279,Delayed,West Mistyborough,West Justinton,2025-01-09,Calderon-Miller,Van,3362,7,Cruzton,2248
1241,60,EU0397,In Transit,South Ryanberg,Donaldmouth,2025-02-01,Hayes-Anderson,Van,3810,24,Knightmouth,1091
110,53,NA1504,In Transit,Cameronside,East Marystad,2025-01-16,Hale-Boone,Ship,5759,1,Gilberthaven,2017
836,62,Mz9603,Delayed,Nathanborough,Port Craigburgh,2025-01-30,"Nichols, Vazquez and Sullivan",Van,1742,4,North Lorimouth,3948
776,49,Mv9847,Delivered,Mooneyborough,Douglasmouth,2025-02-08,Sexton-Pierce,Truck,7265,22,South Leahburgh,1050
107,75,HB7743,Delayed,Milesside,Michaelborough,2025-01-01,Brock Ltd,Truck,8196,11,Glendamouth,8814
83,88,np6861,Delivered,Mckenziehaven,Rossland,2025-01-27,Mays-Collier,Truck,5012,15,Michaelmouth,4769
915,11,AG1218,In Transit,Gonzalesmouth,Santiagoberg,2025-01-05,"Waller, Barrett and Smith",Van,9803,1,Gilberthaven,2017
1385,65,Zd4873,Delayed,North Matthewmouth,Greenhaven,2025-01-08,"Graham, Barnes and Lawrence",Van,6497,13,North Randyborough,1599
337,26,ua6208,Delivered,Lake Sean,Pacehaven,2025-01-06,Tanner LLC,Ship,7088,12,Leeland,9997
174,63,Zy0053,Delayed,Masonland,New Michael,2025-01-23,"Martinez, Whitehead and Smith",Van,6684,14,Laurenhaven,8677
385,91,Cu9334,In Transit,Ortegafort,Gloverborough,2025-01-02,Black-Evans,Truck,4485,23,Denisefurt,3279
1267,74,wR1168,Delivered,East Cheryl,Griffinport,2025-01-30,Stone-Richardson,Ship,2451,23,Denisefurt,3279
816,82,Qh4490,Delayed,Raymouth,West Richard,2025-01-13,Bridges Ltd,Truck,3111,23,Denisefurt,3279
264,94,XZ2459,Delivered,Port Cassie,Jonathanchester,2025-02-12,"Henderson, Hanson and Middleton",Truck,8830,26,Wendyport,5737
80,53,lV4541,Delivered,Caseychester,East Shannontown,2025-01-10,Hale-Boone,Ship,5759,1,Gilberthaven,2017
785,99,AO6448,In Transit,West Jennifer,North Diana,2025-02-17,Arroyo and Sons,Truck,8199,26,Wendyport,5737
977,60,gT5724,In Transit,Ryanport,South Robert,2025-02-22,Hayes-Anderson,Van,3810,24,Knightmouth,1091
593,11,RR1760,Delayed,North Susanbury,Humphreybury,2025-01-30,"Waller, Barrett and Smith",Van,9803,1,Gilberthaven,2017
321,8,mW8439,In Transit,Kelleystad,East Darrenfurt,2025-02-18,Smith-Grant,Van,3131,27,New Allison,6906
261,5,JH4446,Delivered,Lake Michael,Michaelchester,2025-01-09,Smith-Henderson,Truck,6718,14,Laurenhaven,8677
629,40,lt3123,In Transit,South Johnathan,North Danielleville,2025-01-24,Moreno Inc,Truck,4241,5,Tuckerfort,2516
1240,72,qq6402,Delivered,Millermouth,Seanberg,2025-02-16,Reed-Barnes,Truck,4203,29,West Shawn,2700
638,100,xC3866,In Transit,Simmonston,Gregorybury,2025-01-17,"Hardy, Harris and Lewis",Van,6451,2,New April,9924
785,47,ku4079,Delayed,West Jennifer,North Diana,2025-02-17,Smith-Curtis,Truck,8536,8,Brianshire,5806
1141,4,ej1353,Delivered,Romanmouth,New Nathanberg,2025-02-08,Ross LLC,Truck,1955,11,Glendamouth,8814
751,3,jq2747,Delayed,Lake Patrick,Victoriashire,2025-02-03,Parker PLC,Truck,8636,25,New Michaelfort,1547
1193,77,IZ6560,In Transit,Jeremiahchester,Berryfurt,2025-02-03,Henderson-Rivera,Van,2972,28,Allenside,2661
1351,74,qp1393,Delayed,Williamsview,Port Lisaberg,2025-02-11,Stone-Richardson,Ship,2451,23,Denisefurt,3279
815,74,YW1823,Delayed,Graceport,New Charles,2025-02-05,Stone-Richardson,Ship,2451,23,Denisefurt,3279
42,40,Ae0607,In Transit,Wilsonport,Jonathanfurt,2025-01-22,Moreno Inc,Truck,4241,5,Tuckerfort,2516
1044,50,mp8426,Delivered,East Cassandrafurt,Lake Daniellefort,2025-02-18,"Foster, Green and Hall",Ship,4548,20,Richardside,6266
1424,14,iY7268,Delivered,Coopershire,Port Mark,2025-01-18,Griffith-Horne,Van,2917,22,South Leahburgh,1050
720,16,Jh2920,Delayed,North Michellehaven,New Erin,2025-02-18,Li-Park,Truck,5315,2,New April,9924
370,80,bJ6833,In Transit,New Daltonbury,Matthewsshire,2025-01-12,Miller-Hardy,Van,4667,4,North Lorimouth,3948
1158,98,Fw8884,Delayed,Barnesside,South Jerryfort,2025-02-04,Jacobson-Mann,Van,7026,14,Laurenhaven,8677
360,91,qQ8457,In Transit,North Lauraland,North Cindytown,2025-02-16,Black-Evans,Truck,4485,23,Denisefurt,3279
1120,37,lb7169,Delivered,East Rachel,Port Ryan,2025-02-05,Moore-Nguyen,Truck,7085,23,Denisefurt,3279
810,85,fQ6578,In Transit,Port Crystal,Kyleton,2025-01-14,Dickerson-Navarro,Van,1156,18,North Tiffany,4292
680,55,CG4052,Delivered,North Daniel,Phillipmouth,2025-02-15,"Chavez, Woodard and Martin",Truck,7052,21,North Ruth,5699
1155,46,Tm9447,Delayed,Port Anna,North Pamela,2025-01-18,May-Hayes,Ship,1488,8,Brianshire,5806
541,65,qe0087,In Transit,Madisonfurt,Michelleborough,2025-01-18,"Graham, Barnes and Lawrence",Van,6497,13,North Randyborough,1599
78,76,ts5102,Delayed,Thomashaven,Monroeside,2025-01-15,Clark Group,Van,8948,18,North Tiffany,4292
148,81,xq7400,Delayed,West Davidshire,Leeton,2025-01-12,"Collins, Meyer and Harris",Van,9505,3,New Katrinamouth,6586
1212,7,zA6332,Delayed,New Heather,South Robertland,2025-02-19,Calderon-Miller,Van,3362,7,Cruzton,2248
1307,100,dq2734,Delayed,Port Jacob,Lake Karen,2025-01-12,"Hardy, Harris and Lewis",Van,6451,2,New April,9924
232,64,oW0894,Delayed,Port Lancefort,New Tracyfort,2025-01-08,Hopkins-Patel,Truck,2654,10,East Alexandraport,4793
1287,42,TM9929,In Transit,Lemouth,Wyattside,2025-01-09,Ford-Swanson,Truck,9843,19,Danaton,7501
831,37,Ne6536,In Transit,West Brooketown,Amberchester,2025-02-04,Moore-Nguyen,Truck,7085,23,Denisefurt,3279
107,41,EM9011,Delayed,Milesside,Michaelborough,2025-01-01,Mendez Group,Truck,6935,24,Knightmouth,1091
13,23,QN5388,In Transit,New Richardchester,Gravesborough,2025-02-21,"Pollard, Walker and Arnold",Ship,4969,29,West Shawn,2700
866,96,qj0200,Delayed,Brittanyshire,East Adam,2025-01-07,Todd-Oconnor,Truck,1583,13,North Randyborough,1599
411,47,DN1256,Delayed,South Rebecca,Bellshire,2025-01-05,Smith-Curtis,Truck,8536,8,Brianshire,5806
1047,67,yv0376,Delivered,North Gregory,East Michaelshire,2025-02-01,"Hunt, Thompson and Garcia",Truck,8389,14,Laurenhaven,8677
316,51,xt8416,Delivered,Jonesport,Lake Emilyfurt,2025-02-07,Johnson and Sons,Truck,3772,2,New April,9924
569,26,Ml1350,Delivered,Markhaven,Wattsburgh,2025-02-04,Tanner LLC,Ship,7088,12,Leeland,9997
1333,25,Sr2777,Delayed,North Lisachester,Tinaberg,2025-01-22,"Barnes, Armstrong and Mathews",Ship,7220,26,Wendyport,5737
769,22,mK8568,Delivered,South Kellyburgh,Marktown,2025-01-13,Kelly-Lewis,Truck,2477,5,Tuckerfort,2516
1015,61,tW8208,Delayed,Christinamouth,North Ericaland,2025-01-04,"Carrillo, Cox and Gentry",Truck,7909,7,Cruzton,2248
697,49,Lf0950,Delivered,Pacemouth,North Tinatown,2025-01-12,Sexton-Pierce,Truck,7265,22,South Leahburgh,1050
1126,24,dr8187,Delivered,Brownborough,Kathleenville,2025-01-07,Clark-Hardin,Van,2921,24,Knightmouth,1091
20,63,EF4599,Delivered,New Joshua,Christymouth,2025-02-05,"Martinez, Whitehead and Smith",Van,6684,14,Laurenhaven,8677
214,21,WQ9533,Delayed,Jamesport,Karenton,2025-02-15,Anderson-Jennings,Ship,3849,19,Danaton,7501
1060,13,nW5954,Delivered,Lake Staceyport,Gonzalezshire,2025-01-28,"Jones, Porter and Butler",Van,7419,3,New Katrinamouth,6586
744,6,wq6557,In Transit,Lake Christopherland,New Erictown,2025-02-16,White-Moore,Truck,3006,24,Knightmouth,1091
1046,49,LJ3816,In Transit,East Matthewview,Hunterbury,2025-02-10,Sexton-Pierce,Truck,7265,22,South Leahburgh,1050
817,6,yB1023,In Transit,Arroyomouth,Kristinashire,2025-02-21,White-Moore,Truck,3006,24,Knightmouth,1091
1400,9,SQ8947,Delivered,Port Patrickberg,Angelicaton,2025-02-19,"Patterson, Benton and Garcia",Truck,7841,10,East Alexandraport,4793
1364,39,Xh5385,Delayed,Smithborough,Rangelmouth,2025-02-06,Allen LLC,Ship,6855,13,North Randyborough,1599
505,4,OO3513,Delayed,North Sharonton,North Omar,2025-01-02,Ross LLC,Truck,1955,11,Glendamouth,8814
1318,63,np9433,Delayed,Lake Jonathan,South Brittney,2025-02-15,"Martinez, Whitehead and Smith",Van,6684,14,Laurenhaven,8677
1111,8,TG7620,Delayed,Websterberg,New Brittanyside,2025-02-03,Smith-Grant,Van,3131,27,New Allison,6906
1465,84,CJ6909,Delayed,Reynoldsborough,New Michaelstad,2025-02-13,Porter Inc,Truck,8282,13,North Randyborough,1599
348,36,EG8157,In Transit,Lake Davidfurt,Port Erika,2025-01-03,Walker Group,Truck,1689,17,Nelsonchester,8640
1190,41,Rs6156,Delayed,West Timothy,Lake Sandraport,2025-01-29,Mendez Group,Truck,6935,24,Knightmouth,1091
1115,2,My3814,In Transit,South Clayton,New Howard,2025-01-12,Gray-Le,Van,5538,4,North Lorimouth,3948
1271,84,lJ1716,Delayed,Stephenport,Lake Breannaview,2025-01-07,Porter Inc,Truck,8282,13,North Randyborough,1599
1325,20,hg2972,Delivered,Port Madelineside,West Lindsayland,2025-01-27,"Garcia, Spears and Thompson",Ship,8037,17,Nelsonchester,8640
627,31,FC5301,Delayed,Woodsville,New Ericborough,2025-02-17,"Davis, Smith and Lee",Van,9281,25,New Michaelfort,1547
1257,94,TA2000,Delivered,East Rhonda,Elliottberg,2025-02-18,"Henderson, Hanson and Middleton",Truck,8830,26,Wendyport,5737
143,2,WO5712,Delivered,West Maxwell,Port Leahfurt,2025-01-21,Gray-Le,Van,5538,4,North Lorimouth,3948
467,63,cL1543,In Transit,East Cheryl,New Ryanville,2025-02-17,"Martinez, Whitehead and Smith",Van,6684,14,Laurenhaven,8677
411,28,mN4095,In Transit,South Rebecca,Bellshire,2025-01-05,Graham PLC,Van,4355,30,Lamville,5009
177,46,xG2529,Delivered,Theresaton,New Kimberly,2025-02-20,May-Hayes,Ship,1488,8,Brianshire,5806
510,45,rH7706,Delivered,South Connorbury,Juanland,2025-01-25,Howard Inc,Ship,4232,27,New Allison,6906
1362,2,ja8955,Delayed,Jameschester,North Ashleymouth,2025-01-09,Gray-Le,Van,5538,4,North Lorimouth,3948
1123,57,AF7877,Delivered,East Daniel,Hillberg,2025-01-25,"Wade, Bennett and Santana",Truck,8837,28,Allenside,2661
289,52,mR9704,Delivered,Port William,North Dianaville,2025-01-14,Miller-Patel,Truck,6123,29,West Shawn,2700
1105,59,Jj5370,Delayed,North Nicholas,Jimenezland,2025-01-12,Byrd-Bell,Truck,4104,13,North Randyborough,1599
583,72,Op4393,Delayed,Thompsonbury,West John,2025-02-12,Reed-Barnes,Truck,4203,29,West Shawn,2700
913,78,Gh0642,In Transit,Port Jorgeborough,Port Keithmouth,2025-02-13,Keith-Woods,Ship,9186,25,New Michaelfort,1547
1287,77,zX0314,Delivered,Lemouth,Wyattside,2025-01-09,Henderson-Rivera,Van,2972,28,Allenside,2661
33,32,ja0323,In Transit,Kennethbury,Poolemouth,2025-01-31,Gutierrez-Harris,Van,1181,17,Nelsonchester,8640
122,66,Qb6772,In Transit,Jeffreyhaven,North Suzanne,2025-01-04,Kennedy PLC,Truck,9647,5,Tuckerfort,2516
1114,78,ng5053,In Transit,Lake Henry,Stevenview,2025-01-03,Keith-Woods,Ship,9186,25,New Michaelfort,1547
1324,5,Wl8893,Delayed,Jamestown,Grahamchester,2025-02-12,Smith-Henderson,Truck,6718,14,Laurenhaven,8677
792,84,Ma2917,Delayed,New Josephmouth,West Marthafurt,2025-01-26,Porter Inc,Truck,8282,13,North Randyborough,1599
918,45,AG5155,Delivered,New Marymouth,Nataliestad,2025-01-11,Howard Inc,Ship,4232,27,New Allison,6906
655,41,Go6562,Delivered,North Ryan,South Stephenview,2025-01-18,Mendez Group,Truck,6935,24,Knightmouth,1091
893,11,kZ0510,In Transit,Kristineland,New Alicia,2025-01-28,"Waller, Barrett and Smith",Van,9803,1,Gilberthaven,2017
1490,27,Wn7676,In Transit,Cherylhaven,Kimberlytown,2025-02-07,Weaver-Lopez,Ship,6823,10,East Alexandraport,4793
973,81,Dj6910,In Transit,South Ericamouth,Johnstonland,2025-01-11,"Collins, Meyer and Harris",Van,9505,3,New Katrinamouth,6586
647,36,qM8361,Delayed,Amandaburgh,East Carl,2025-02-12,Walker Group,Truck,1689,17,Nelsonchester,8640
3,3,fD0409,Delayed,Careymouth,Port Kimberly,2025-02-18,Parker PLC,Truck,8636,25,New Michaelfort,1547
816,25,wU1703,In Transit,Raymouth,West Richard,2025-01-13,"Barnes, Armstrong and Mathews",Ship,7220,26,Wendyport,5737
711,12,UH7855,Delayed,South Wendy,Greenhaven,2025-02-15,Gonzales-Colon,Ship,4465,26,Wendyport,5737
582,1,Ca8789,Delayed,Martinfurt,Cruzfurt,2025-01-04,"Martinez, Johnson and Oconnor",Ship,8109,14,Laurenhaven,8677
961,25,eT0728,In Transit,Dustinchester,Andersonfurt,2025-01-18,"Barnes, Armstrong and Mathews",Ship,7220,26,Wendyport,5737
189,31,zt1177,Delivered,Codyview,New Timothyville,2025-01-17,"Davis, Smith and Lee",Van,9281,25,New Michaelfort,1547
980,75,ga4216,Delivered,Port Daniellemouth,North Nathanview,2025-01-01,Brock Ltd,Truck,8196,11,Glendamouth,8814
971,56,XU0385,Delivered,Port Briannaton,Michaelland,2025-01-18,Adams LLC,Ship,4752,2,New April,9924
841,91,dF0278,Delivered,North Jorgeberg,Williamsbury,2025-02-20,Black-Evans,Truck,4485,23,Denisefurt,3279
1325,74,ic5190,In Transit,Port Madelineside,West Lindsayland,2025-01-27,Stone-Richardson,Ship,2451,23,Denisefurt,3279
1267,67,Hg4115,Delayed,East Cheryl,Griffinport,2025-01-30,"Hunt, Thompson and Garcia",Truck,8389,14,Laurenhaven,8677
203,21,ir2769,Delayed,Port Paulfurt,East Jackson,2025-02-03,Anderson-Jennings,Ship,3849,19,Danaton,7501
260,88,Ko0547,Delivered,Annettebury,Port Kristen,2025-01-10,Mays-Collier,Truck,5012,15,Michaelmouth,4769
155,63,cz0603,Delivered,South Jessicafurt,South Jill,2025-02-07,"Martinez, Whitehead and Smith",Van,6684,14,Laurenhaven,8677
1327,11,kL4496,In Transit,Marissaview,Barkermouth,2025-01-17,"Waller, Barrett and Smith",Van,9803,1,Gilberthaven,2017
339,31,NA8934,Delayed,North Michael,Lake Anthonymouth,2025-01-18,"Davis, Smith and Lee",Van,9281,25,New Michaelfort,1547
788,37,Jy5441,Delivered,Jeremystad,Sotoside,2025-02-04,Moore-Nguyen,Truck,7085,23,Denisefurt,3279
1203,55,Ly5160,In Transit,Port Samantha,Lake Brittanyview,2025-02-15,"Chavez, Woodard and Martin",Truck,7052,21,North Ruth,5699
85,67,mW2302,In Transit,West Brendamouth,Stevenmouth,2025-02-01,"Hunt, Thompson and Garcia",Truck,8389,14,Laurenhaven,8677
205,4,WB8016,Delayed,Port Kevin,Port Kristimouth,2025-01-16,Ross LLC,Truck,1955,11,Glendamouth,8814
738,100,Ux6623,In Transit,East Chelsea,West Dianaburgh,2025-02-03,"Hardy, Harris and Lewis",Van,6451,2,New April,9924
1435,88,jz6591,In Transit,Rossbury,Wadeport,2025-02-09,Mays-Collier,Truck,5012,15,Michaelmouth,4769
1188,7,to9003,In Transit,Lindaside,Cristianview,2025-01-11,Calderon-Miller,Van,3362,7,Cruzton,2248
1198,67,px4277,Delayed,Tylershire,Blackborough,2025-02-15,"Hunt, Thompson and Garcia",Truck,8389,14,Laurenhaven,8677
1277,67,rk1097,In Transit,Port Jeffrey,North Allison,2025-01-30,"Hunt, Thompson and Garcia",Truck,8389,14,Laurenhaven,8677
1061,60,xn6264,In Transit,Jonathanville,South Mandymouth,2025-01-01,Hayes-Anderson,Van,3810,24,Knightmouth,1091
959,97,Qk8597,In Transit,New Grace,Combsborough,2025-01-15,Chen-Lopez,Truck,3532,29,West Shawn,2700
665,54,eJ3261,Delivered,New Davidchester,Anthonybury,2025-01-29,Galvan LLC,Truck,1734,25,New Michaelfort,1547
120,75,MK6962,Delayed,West Andrew,East Marissabury,2025-02-09,Brock Ltd,Truck,8196,11,Glendamouth,8814
28,36,Ep0387,Delayed,Port Leslieburgh,Taylorfort,2025-01-13,Walker Group,Truck,1689,17,Nelsonchester,8640
845,10,RK8323,Delayed,Port Kathy,Rodriguezfurt,2025-02-16,"Ortiz, Vargas and Johnson",Truck,2472,12,Leeland,9997
1170,17,wj8425,Delayed,East Kathleen,Port Shannonberg,2025-01-24,Haas-Martin,Van,6411,8,Brianshire,5806
918,51,iP9123,Delayed,New Marymouth,Nataliestad,2025-01-11,Johnson and Sons,Truck,3772,2,New April,9924
1283,6,Qf7085,In Transit,Thompsontown,Brandonmouth,2025-01-13,White-Moore,Truck,3006,24,Knightmouth,1091
1112,41,Ju8743,In Transit,Hunterstad,East Robertfort,2025-01-28,Mendez Group,Truck,6935,24,Knightmouth,1091
1046,15,Cz6835,Delivered,East Matthewview,Hunterbury,2025-02-10,"Smith, Watson and Schultz",Ship,9780,24,Knightmouth,1091
1422,58,DM7632,In Transit,East Anneside,South David,2025-01-29,Taylor-Lucas,Ship,4029,2,New April,9924
1058,39,iY5260,In Transit,South Tracy,South Mariahborough,2025-01-15,Allen LLC,Ship,6855,13,North Randyborough,1599
176,59,hr3426,Delayed,Douglashaven,West Nicole,2025-01-12,Byrd-Bell,Truck,4104,13,North Randyborough,1599
1326,69,bq2445,Delivered,Jacksonmouth,South Barbara,2025-01-12,Bell Inc,Van,5273,18,North Tiffany,4292
1303,39,DM8034,In Transit,Brianmouth,Rodriguezmouth,2025-02-01,Allen LLC,Ship,6855,13,North Randyborough,1599
803,19,uW3530,Delivered,North Toddborough,Gutierrezfort,2025-01-22,"Smith, Barnes and Ramsey",Truck,1136,30,Lamville,5009
892,65,bD5338,Delivered,Port Christiebury,Anthonybury,2025-02-05,"Graham, Barnes and Lawrence",Van,6497,13,North Randyborough,1599
1211,13,pG4359,Delivered,South Cynthiaborough,West Virginiatown,2025-02-18,"Jones, Porter and Butler",Van,7419,3,New Katrinamouth,6586
569,1,Jy9062,Delivered,Markhaven,Wattsburgh,2025-02-04,"Martinez, Johnson and Oconnor",Ship,8109,14,Laurenhaven,8677
515,70,id3597,Delayed,Marcushaven,East Caroltown,2025-01-07,Landry-Holt,Van,1213,6,South Teresastad,1421
969,99,Qb2740,In Transit,Port Bradleyport,Laurenbury,2025-01-14,Arroyo and Sons,Truck,8199,26,Wendyport,5737
855,44,Mi9332,In Transit,Shannonview,East Sandrastad,2025-01-14,Allen-Hill,Van,9214,26,Wendyport,5737
1327,80,TM8157,In Transit,Marissaview,Barkermouth,2025-01-17,Miller-Hardy,Van,4667,4,North Lorimouth,3948
1183,66,uW8062,Delayed,Juanton,Ortegaburgh,2025-02-20,Kennedy PLC,Truck,9647,5,Tuckerfort,2516
226,79,XV7012,Delayed,Vegamouth,South Danielstad,2025-01-02,"Wade, Williams and Clark",Van,8274,7,Cruzton,2248
489,59,GO6549,Delayed,Port Joan,Timothyview,2025-02-18,Byrd-Bell,Truck,4104,13,North Randyborough,1599
1492,18,LV9355,Delayed,West Jasonland,Roytown,2025-01-24,"Fisher, Murphy and Wilson",Van,3893,10,East Alexandraport,4793
537,92,wj7257,Delivered,East Rachael,Spencerberg,2025-01-28,"Alvarado, Robinson and Roth",Van,8601,29,West Shawn,2700
68,57,Xf6785,In Transit,Cindytown,Trevinomouth,2025-01-21,"Wade, Bennett and Santana",Truck,8837,28,Allenside,2661
241,38,ZV2509,Delayed,Lake Abigail,New Cherylville,2025-01-12,"Murphy, Hogan and Glass",Ship,6857,27,New Allison,6906
705,36,VB6472,Delivered,North Richardland,South Lauren,2025-02-13,Walker Group,Truck,1689,17,Nelsonchester,8640
189,29,kp8919,Delivered,Codyview,New Timothyville,2025-01-17,Vang LLC,Ship,6365,8,Brianshire,5806
1048,23,eY5555,Delivered,North Mark,Hannahmouth,2025-02-15,"Pollard, Walker and Arnold",Ship,4969,29,West Shawn,2700
1130,28,xQ6689,Delivered,Evanchester,Josephchester,2025-01-20,Graham PLC,Van,4355,30,Lamville,5009
568,91,NI0974,Delivered,Lake Juliebury,Timothytown,2025-01-25,Black-Evans,Truck,4485,23,Denisefurt,3279
1042,1,Cl0481,Delivered,Tammyview,Ashleyburgh,2025-01-03,"Martinez, Johnson and Oconnor",Ship,8109,14,Laurenhaven,8677
1400,68,Fd2513,In Transit,Port Patrickberg,Angelicaton,2025-02-19,"Aguirre, Hatfield and Patterson",Ship,3835,15,Michaelmouth,4769
507,76,vV1458,In Transit,Danielchester,West Richardview,2025-01-12,Clark Group,Van,8948,18,North Tiffany,4292
1368,82,be7692,In Transit,Wattsport,Isaacton,2025-02-19,Bridges Ltd,Truck,3111,23,Denisefurt,3279
536,16,CU5207,Delayed,Davisfort,Gibsonburgh,2025-02-10,Li-Park,Truck,5315,2,New April,9924
1035,63,qN6487,Delivered,Lawrenceside,Austinville,2025-01-08,"Martinez, Whitehead and Smith",Van,6684,14,Laurenhaven,8677
125,19,Eg4458,Delayed,Jennyborough,New Steventon,2025-02-20,"Smith, Barnes and Ramsey",Truck,1136,30,Lamville,5009
1390,65,Tz7661,Delayed,Gonzalesmouth,Port Jessica,2025-01-26,"Graham, Barnes and Lawrence",Van,6497,13,North Randyborough,1599
1102,51,Qx9332,Delayed,New Brian,New Darrylville,2025-01-16,Johnson and Sons,Truck,3772,2,New April,9924
268,74,Uj1931,Delayed,Cynthialand,Bradfordview,2025-02-10,Stone-Richardson,Ship,2451,23,Denisefurt,3279
722,89,aV8091,Delivered,South Jenniferville,Hernandezside,2025-01-04,"Marquez, Ray and Hernandez",Van,4776,19,Danaton,7501
424,59,DE4804,Delivered,Hillbury,Port Matthew,2025-01-16,Byrd-Bell,Truck,4104,13,North Randyborough,1599
205,91,Dx4012,Delivered,Port Kevin,Port Kristimouth,2025-01-16,Black-Evans,Truck,4485,23,Denisefurt,3279
870,42,Vt5829,Delivered,West Kimberlybury,Port Bryan,2025-02-03,Ford-Swanson,Truck,9843,19,Danaton,7501
1200,60,bG7856,In Transit,West Jenniferland,Elizabethport,2025-02-10,Hayes-Anderson,Van,3810,24,Knightmouth,1091
916,95,UA5403,Delivered,Amyberg,North Kimberlyborough,2025-02-12,Contreras PLC,Truck,2645,6,South Teresastad,1421
1176,11,Dq3268,Delayed,New Deanna,East Joshuachester,2025-02-20,"Waller, Barrett and Smith",Van,9803,1,Gilberthaven,2017
780,24,Wu2962,Delivered,New Cheryl,Andrewtown,2025-01-22,Clark-Hardin,Van,2921,24,Knightmouth,1091
1200,95,jv7206,Delayed,West Jenniferland,Elizabethport,2025-02-10,Contreras PLC,Truck,2645,6,South Teresastad,1421
737,73,RD9547,Delivered,Ashleyville,Jimenezton,2025-01-20,"Smith, Lewis and Luna",Truck,5944,14,Laurenhaven,8677
447,11,Dp0791,Delivered,Robertsland,Bentleymouth,2025-02-08,"Waller, Barrett and Smith",Van,9803,1,Gilberthaven,2017
161,78,VB3133,In Transit,Lake Kellymouth,East Amanda,2025-02-19,Keith-Woods,Ship,9186,25,New Michaelfort,1547
893,60,cO8782,Delivered,Kristineland,New Alicia,2025-01-28,Hayes-Anderson,Van,3810,24,Knightmouth,1091
1064,100,lD8080,Delayed,Parkerbury,Port Stevenview,2025-02-09,"Hardy, Harris and Lewis",Van,6451,2,New April,9924
891,62,jq7033,In Transit,Millerland,Port Arthurtown,2025-02-19,"Nichols, Vazquez and Sullivan",Van,1742,4,North Lorimouth,3948
886,17,YC7357,In Transit,Castillomouth,South Amandaside,2025-02-16,Haas-Martin,Van,6411,8,Brianshire,5806
1025,59,og7344,Delivered,Joshuastad,Cindystad,2025-02-08,Byrd-Bell,Truck,4104,13,North Randyborough,1599
1228,38,Wa4386,Delivered,Barrerafort,West Shawn,2025-01-10,"Murphy, Hogan and Glass",Ship,6857,27,New Allison,6906
1310,3,eA7842,Delivered,Chadburgh,South Nicoleview,2025-01-22,Parker PLC,Truck,8636,25,New Michaelfort,1547
1295,6,zF2087,Delayed,South Jay,Youngmouth,2025-02-05,White-Moore,Truck,3006,24,Knightmouth,1091
1449,95,LG7749,In Transit,West Jeremyview,South Melissa,2025-02-04,Contreras PLC,Truck,2645,6,South Teresastad,1421
229,18,pO3198,In Transit,New Erika,North Russell,2025-02-04,"Fisher, Murphy and Wilson",Van,3893,10,East Alexandraport,4793
773,25,Es2534,In Transit,Pittmanshire,Lake Kathleen,2025-02-20,"Barnes, Armstrong and Mathews",Ship,7220,26,Wendyport,5737
276,70,JR9794,Delivered,West Biancaport,Branchland,2025-01-02,Landry-Holt,Van,1213,6,South Teresastad,1421
1146,36,KS5412,Delayed,South Sean,Patriciaview,2025-01-26,Walker Group,Truck,1689,17,Nelsonchester,8640
804,40,GB3590,Delivered,Port James,Courtneyside,2025-01-18,Moreno Inc,Truck,4241,5,Tuckerfort,2516
1408,80,og7994,In Transit,West Kevin,Hartburgh,2025-02-19,Miller-Hardy,Van,4667,4,North Lorimouth,3948
345,43,QB7916,Delayed,East Hunter,South Lori,2025-02-16,Jacobs-Grant,Ship,1119,20,Richardside,6266
453,8,Mo7955,Delayed,Bryanton,New Tammy,2025-02-10,Smith-Grant,Van,3131,27,New Allison,6906
1008,92,NO5433,Delayed,West Meganfort,Wilcoxborough,2025-01-11,"Alvarado, Robinson and Roth",Van,8601,29,West Shawn,2700
1085,100,qE5399,Delayed,West Hollyburgh,Wellsfurt,2025-02-04,"Hardy, Harris and Lewis",Van,6451,2,New April,9924
1476,57,hp1253,Delivered,Nicholasmouth,Herringhaven,2025-02-14,"Wade, Bennett and Santana",Truck,8837,28,Allenside,2661
1397,13,Up0443,In Transit,Willieview,South Frank,2025-01-05,"Jones, Porter and Butler",Van,7419,3,New Katrinamouth,6586
563,48,yA4851,Delayed,Ramirezshire,Brittanymouth,2025-01-09,"Noble, Alvarez and Hammond",Van,8083,19,Danaton,7501
388,88,MM4128,Delayed,South Jamesside,North Joseph,2025-01-28,Mays-Collier,Truck,5012,15,Michaelmouth,4769
1494,9,kz8303,In Transit,Lake Christineland,Johnchester,2025-02-18,"Patterson, Benton and Garcia",Truck,7841,10,East Alexandraport,4793
716,77,NR5918,In Transit,Lake Sara,Lake Ericfort,2025-02-18,Henderson-Rivera,Van,2972,28,Allenside,2661
373,31,Dz4118,Delayed,Haleberg,Port Catherine,2025-02-15,"Davis, Smith and Lee",Van,9281,25,New Michaelfort,1547
1043,2,eE8421,In Transit,New Nancy,North Tina,2025-02-09,Gray-Le,Van,5538,4,North Lorimouth,3948
109,58,Rg7839,In Transit,Masonview,Medinaland,2025-01-16,Taylor-Lucas,Ship,4029,2,New April,9924
1063,44,Me8595,In Transit,South Lisashire,Port Molly,2025-02-20,Allen-Hill,Van,9214,26,Wendyport,5737
227,34,Ky6554,Delayed,Timothyview,Port Lauraville,2025-01-31,Oconnell-Anderson,Truck,3928,11,Glendamouth,8814
389,70,VO3745,Delivered,Laurieburgh,South Charles,2025-01-31,Landry-Holt,Van,1213,6,South Teresastad,1421
1306,62,sX9869,In Transit,Port Zacharyburgh,North Susan,2025-01-02,"Nichols, Vazquez and Sullivan",Van,1742,4,North Lorimouth,3948
1391,94,qF2902,Delivered,Stoneland,New Loritown,2025-01-12,"Henderson, Hanson and Middleton",Truck,8830,26,Wendyport,5737
320,8,Jq1958,In Transit,Selenafurt,North Anthonyside,2025-01-31,Smith-Grant,Van,3131,27,New Allison,6906
984,58,wd0776,Delivered,Joseberg,South Robinville,2025-01-14,Taylor-Lucas,Ship,4029,2,New April,9924
1357,35,sY0013,Delayed,Lopezberg,North Sarahshire,2025-01-15,Bender-Lee,Ship,7510,20,Richardside,6266
461,17,mz9018,Delayed,Camachomouth,Charlesside,2025-02-21,Haas-Martin,Van,6411,8,Brianshire,5806
1250,96,lT0528,In Transit,Lisaport,North John,2025-01-01,Todd-Oconnor,Truck,1583,13,North Randyborough,1599
289,83,Un6005,Delayed,Port William,North Dianaville,2025-01-14,Navarro Ltd,Ship,8947,14,Laurenhaven,8677
1210,2,Bj0470,Delayed,New Kimberlyside,Johnstonmouth,2025-01-13,Gray-Le,Van,5538,4,North Lorimouth,3948
1125,61,zq1454,Delayed,Port Sheila,East Kennethberg,2025-02-20,"Carrillo, Cox and Gentry",Truck,7909,7,Cruzton,2248
1014,98,UX6256,In Transit,New Jennifer,South Kaylafort,2025-01-05,Jacobson-Mann,Van,7026,14,Laurenhaven,8677
557,82,Rt6845,Delivered,Washingtonville,West Robertafurt,2025-02-03,Bridges Ltd,Truck,3111,23,Denisefurt,3279
167,1,VD9839,In Transit,West Meagan,East Jamesmouth,2025-02-10,"Martinez, Johnson and Oconnor",Ship,8109,14,Laurenhaven,8677
464,71,XS7561,Delivered,Blackburgh,Ashleyton,2025-02-21,Allen-Smith,Ship,3646,28,Allenside,2661
959,92,Cs0353,Delivered,New Grace,Combsborough,2025-01-15,"Alvarado, Robinson and Roth",Van,8601,29,West Shawn,2700
254,24,uc5760,In Transit,South Shannonmouth,Christineland,2025-01-07,Clark-Hardin,Van,2921,24,Knightmouth,1091
327,21,bm2208,In Transit,Smithshire,Alvaradoton,2025-01-09,Anderson-Jennings,Ship,3849,19,Danaton,7501
360,97,Zz3388,Delayed,North Lauraland,North Cindytown,2025-02-16,Chen-Lopez,Truck,3532,29,West Shawn,2700
1127,43,rt5130,In Transit,Andersonton,Kimberlyside,2025-02-16,Jacobs-Grant,Ship,1119,20,Richardside,6266
1402,6,nY1434,Delivered,Robertsfurt,Williamsville,2025-02-13,White-Moore,Truck,3006,24,Knightmouth,1091
507,58,re9512,In Transit,Danielchester,West Richardview,2025-01-12,Taylor-Lucas,Ship,4029,2,New April,9924
63,3,rj3775,Delivered,Richardland,Aguirreland,2025-02-18,Parker PLC,Truck,8636,25,New Michaelfort,1547
436,30,Lv9633,In Transit,East Julianside,Brownland,2025-01-29,"Bailey, Stevens and Jones",Van,5924,14,Laurenhaven,8677
334,59,qc0146,Delivered,Shahmouth,West Adamfurt,2025-01-29,Byrd-Bell,Truck,4104,13,North Randyborough,1599
64,96,Zm2222,Delayed,New Brianside,Morganstad,2025-02-13,Todd-Oconnor,Truck,1583,13,North Randyborough,1599
338,76,br1536,In Transit,Stephanieburgh,New Katherine,2025-02-15,Clark Group,Van,8948,18,North Tiffany,4292
509,61,vH1969,In Transit,Powellchester,Meganside,2025-01-08,"Carrillo, Cox and Gentry",Truck,7909,7,Cruzton,2248
1041,1,Ki5416,In Transit,North Samuel,Port Robertview,2025-01-31,"Martinez, Johnson and Oconnor",Ship,8109,14,Laurenhaven,8677
162,35,tO0317,Delayed,New Thomas,Port Sara,2025-01-17,Bender-Lee,Ship,7510,20,Richardside,6266
90,53,qr4178,Delayed,New Barbara,New Thomaschester,2025-02-18,Hale-Boone,Ship,5759,1,Gilberthaven,2017
353,7,Bn6282,Delayed,Foleyshire,Johnchester,2025-01-09,Calderon-Miller,Van,3362,7,Cruzton,2248
1324,24,Xx5481,Delayed,Jamestown,Grahamchester,2025-02-12,Clark-Hardin,Van,2921,24,Knightmouth,1091
74,100,Rx8701,Delayed,Port Brandonview,South Terri,2025-01-27,"Hardy, Harris and Lewis",Van,6451,2,New April,9924
565,94,Ue0995,Delivered,Taraburgh,Hernandezport,2025-02-22,"Henderson, Hanson and Middleton",Truck,8830,26,Wendyport,5737
723,27,CC3165,Delayed,Vincentview,Port Shaun,2025-01-01,Weaver-Lopez,Ship,6823,10,East Alexandraport,4793
565,58,RN6779,Delivered,Taraburgh,Hernandezport,2025-02-22,Taylor-Lucas,Ship,4029,2,New April,9924
959,87,hO5415,Delayed,New Grace,Combsborough,2025-01-15,Nolan-Roberts,Truck,2615,7,Cruzton,2248
142,6,CE8808,Delivered,Hudsonmouth,Morganborough,2025-02-05,White-Moore,Truck,3006,24,Knightmouth,1091
888,19,aM6520,In Transit,New Tinaview,West Donna,2025-02-18,"Smith, Barnes and Ramsey",Truck,1136,30,Lamville,5009
890,38,be1680,Delivered,Port Richard,Lake Williammouth,2025-01-01,"Murphy, Hogan and Glass",Ship,6857,27,New Allison,6906
1429,37,FK2554,Delayed,Woodville,Coltonmouth,2025-01-12,Moore-Nguyen,Truck,7085,23,Denisefurt,3279
303,60,Am4341,Delivered,Alexfort,Angelaside,2025-01-20,Hayes-Anderson,Van,3810,24,Knightmouth,1091
1410,86,Nr9375,Delivered,New Jason,Lopezville,2025-02-12,Hughes-Perkins,Van,8239,21,North Ruth,5699
251,38,AJ2350,Delayed,Port Rachelberg,New Laurieton,2025-01-06,"Murphy, Hogan and Glass",Ship,6857,27,New Allison,6906
829,22,ch0490,In Transit,Danside,South Tiffanyfort,2025-01-03,Kelly-Lewis,Truck,2477,5,Tuckerfort,2516
560,8,ky2867,Delayed,Meadowsbury,North Stephaniechester,2025-01-07,Smith-Grant,Van,3131,27,New Allison,6906
1488,36,jQ3076,Delivered,West Kenneth,Shawnview,2025-02-04,Walker Group,Truck,1689,17,Nelsonchester,8640
656,74,px3103,In Transit,Bellbury,Annberg,2025-01-27,Stone-Richardson,Ship,2451,23,Denisefurt,3279
244,60,nW0247,Delivered,Haynesville,North Emily,2025-01-22,Hayes-Anderson,Van,3810,24,Knightmouth,1091
432,68,ca9782,Delivered,Tarastad,Leeshire,2025-02-02,"Aguirre, Hatfield and Patterson",Ship,3835,15,Michaelmouth,4769
251,10,Ci5814,Delayed,Port Rachelberg,New Laurieton,2025-01-06,"Ortiz, Vargas and Johnson",Truck,2472,12,Leeland,9997
302,83,Pg4698,Delivered,New Brianside,Roberthaven,2025-02-07,Navarro Ltd,Ship,8947,14,Laurenhaven,8677
858,51,yu4419,In Transit,Lake Amyside,Lake Cynthia,2025-02-07,Johnson and Sons,Truck,3772,2,New April,9924
395,74,OD5991,Delivered,Jenkinsberg,West Nicolemouth,2025-02-05,Stone-Richardson,Ship,2451,23,Denisefurt,3279
272,9,su5965,In Transit,Timothyside,New Monicabury,2025-01-03,"Patterson, Benton and Garcia",Truck,7841,10,East Alexandraport,4793
1038,35,AB2967,In Transit,East Ericport,Nicholeside,2025-02-07,Bender-Lee,Ship,7510,20,Richardside,6266
1461,27,AL4846,In Transit,New Shari,South Tylerfurt,2025-02-22,Weaver-Lopez,Ship,6823,10,East Alexandraport,4793
1432,37,oC1034,Delayed,West Samuelside,Merrittborough,2025-02-07,Moore-Nguyen,Truck,7085,23,Denisefurt,3279
246,37,dB8742,Delivered,Andrewsside,Lake Larryburgh,2025-02-16,Moore-Nguyen,Truck,7085,23,Denisefurt,3279
928,25,bJ8965,In Transit,West Andrewville,Port Angelabury,2025-01-05,"Barnes, Armstrong and Mathews",Ship,7220,26,Wendyport,5737
289,97,QU9475,Delayed,Port William,North Dianaville,2025-01-14,Chen-Lopez,Truck,3532,29,West Shawn,2700
339,39,MW8944,In Transit,North Michael,Lake Anthonymouth,2025-01-18,Allen LLC,Ship,6855,13,North Randyborough,1599
637,79,YM7035,Delivered,Lake Chadberg,North Jessefurt,2025-02-01,"Wade, Williams and Clark",Van,8274,7,Cruzton,2248
915,35,jM2156,Delivered,Gonzalesmouth,Santiagoberg,2025-01-05,Bender-Lee,Ship,7510,20,Richardside,6266
362,65,iL0035,Delivered,Lake Kimberly,Laurieborough,2025-01-29,"Graham, Barnes and Lawrence",Van,6497,13,North Randyborough,1599
70,48,lz2157,In Transit,Sandersmouth,Nicholasside,2025-01-20,"Noble, Alvarez and Hammond",Van,8083,19,Danaton,7501
1389,66,KE2888,Delivered,West Lisahaven,Bethville,2025-02-20,Kennedy PLC,Truck,9647,5,Tuckerfort,2516
531,24,Jz4928,Delivered,West Connie,East Robertmouth,2025-01-17,Clark-Hardin,Van,2921,24,Knightmouth,1091
1004,24,XZ7502,In Transit,Port Veronica,Hunterport,2025-01-28,Clark-Hardin,Van,2921,24,Knightmouth,1091
179,33,Aa9531,Delivered,Nicolefort,Williamsland,2025-01-01,Gates-Smith,Ship,2654,19,Danaton,7501
597,86,jL9814,Delivered,North Amber,Richardhaven,2025-01-28,Hughes-Perkins,Van,8239,21,North Ruth,5699
1030,29,pD4736,In Transit,Port Justinbury,South Suzanne,2025-02-16,Vang LLC,Ship,6365,8,Brianshire,5806
758,91,Op0372,In Transit,Brianburgh,West Vickie,2025-01-29,Black-Evans,Truck,4485,23,Denisefurt,3279
239,37,tW1835,Delivered,Port Logan,East Jason,2025-02-12,Moore-Nguyen,Truck,7085,23,Denisefurt,3279
779,20,vH8187,In Transit,Zimmermanbury,West Mary,2025-01-23,"Garcia, Spears and Thompson",Ship,8037,17,Nelsonchester,8640
1060,50,LT9662,In Transit,Lake Staceyport,Gonzalezshire,2025-01-28,"Foster, Green and Hall",Ship,4548,20,Richardside,6266
1269,94,Kv4790,Delivered,Martinport,Amandastad,2025-01-21,"Henderson, Hanson and Middleton",Truck,8830,26,Wendyport,5737
1071,52,Is2663,Delayed,West John,North Aprilhaven,2025-01-06,Miller-Patel,Truck,6123,29,West Shawn,2700
580,96,AV1835,Delayed,North Michael,New Crystalhaven,2025-02-18,Todd-Oconnor,Truck,1583,13,North Randyborough,1599
485,64,CJ8729,Delivered,North Jason,West Taylor,2025-01-26,Hopkins-Patel,Truck,2654,10,East Alexandraport,4793
49,97,SU1040,Delivered,Lake Mary,West Nicole,2025-01-03,Chen-Lopez,Truck,3532,29,West Shawn,2700
157,9,TZ8631,In Transit,West Chris,Patrickmouth,2025-01-09,"Patterson, Benton and Garcia",Truck,7841,10,East Alexandraport,4793
755,18,zY8697,In Transit,New Adamside,South Patriciastad,2025-01-09,"Fisher, Murphy and Wilson",Van,3893,10,East Alexandraport,4793
1236,99,gq2864,In Transit,Frazierton,East John,2025-02-10,Arroyo and Sons,Truck,8199,26,Wendyport,5737
474,42,vg3705,In Transit,Courtneymouth,South Bridgetmouth,2025-02-12,Ford-Swanson,Truck,9843,19,Danaton,7501
1332,29,ef4392,In Transit,South Ronaldview,Kellyport,2025-01-26,Vang LLC,Ship,6365,8,Brianshire,5806
1256,41,ij5806,Delayed,Emilyfort,Port Jacquelinefort,2025-02-06,Mendez Group,Truck,6935,24,Knightmouth,1091
807,80,tE9705,In Transit,Port Danielle,Port Patriciashire,2025-01-21,Miller-Hardy,Van,4667,4,North Lorimouth,3948
316,12,bZ9235,In Transit,Jonesport,Lake Emilyfurt,2025-02-07,Gonzales-Colon,Ship,4465,26,Wendyport,5737
1077,52,pm0359,Delivered,Wendyview,North Allisonbury,2025-01-21,Miller-Patel,Truck,6123,29,West Shawn,2700
655,37,nV0876,Delayed,North Ryan,South Stephenview,2025-01-18,Moore-Nguyen,Truck,7085,23,Denisefurt,3279
501,30,ym8363,In Transit,Davidview,Masonfort,2025-01-19,"Bailey, Stevens and Jones",Van,5924,14,Laurenhaven,8677
1077,48,Nw0498,In Transit,Wendyview,North Allisonbury,2025-01-21,"Noble, Alvarez and Hammond",Van,8083,19,Danaton,7501
517,80,Yy2670,In Transit,South Jenniferberg,Schultzhaven,2025-01-09,Miller-Hardy,Van,4667,4,North Lorimouth,3948
1027,96,Gn0694,Delayed,Murphybury,Lake Christopher,2025-02-14,Todd-Oconnor,Truck,1583,13,North Randyborough,1599
677,85,QQ3328,In Transit,Lake Brianna,Chrisfurt,2025-01-01,Dickerson-Navarro,Van,1156,18,North Tiffany,4292
539,28,Pt2537,In Transit,Joshuaport,West Paigebury,2025-01-09,Graham PLC,Van,4355,30,Lamville,5009
765,77,bn6878,Delayed,Douglasbury,Ricemouth,2025-01-02,Henderson-Rivera,Van,2972,28,Allenside,2661
983,26,dT3513,Delivered,Joannatown,West Kaylashire,2025-02-09,Tanner LLC,Ship,7088,12,Leeland,9997
205,84,jC2685,Delayed,Port Kevin,Port Kristimouth,2025-01-16,Porter Inc,Truck,8282,13,North Randyborough,1599
52,66,sr6448,In Transit,Fordside,Welchview,2025-02-06,Kennedy PLC,Truck,9647,5,Tuckerfort,2516
1,96,cA8316,Delayed,Port Thomas,Molinashire,2025-02-19,Todd-Oconnor,Truck,1583,13,North Randyborough,1599
404,40,lp5181,Delivered,Gardnerberg,Gutierrezfurt,2025-02-16,Moreno Inc,Truck,4241,5,Tuckerfort,2516
824,1,hY0996,In Transit,Robbinsshire,Johnsonmouth,2025-01-28,"Martinez, Johnson and Oconnor",Ship,8109,14,Laurenhaven,8677
425,38,Xy5245,Delivered,East Kevinland,North Justintown,2025-01-06,"Murphy, Hogan and Glass",Ship,6857,27,New Allison,6906
532,80,mN3143,Delivered,Elizabethview,Port Chadberg,2025-01-02,Miller-Hardy,Van,4667,4,North Lorimouth,3948
920,12,lS9063,Delayed,New Johnview,Lake Tanyafurt,2025-01-29,Gonzales-Colon,Ship,4465,26,Wendyport,5737
1438,70,CC8270,In Transit,South Rachel,North Caleb,2025-01-18,Landry-Holt,Van,1213,6,South Teresastad,1421
1065,71,aA3418,In Transit,Millerport,Lake Scott,2025-02-15,Allen-Smith,Ship,3646,28,Allenside,2661
1337,61,cN2661,Delayed,Mcknightchester,Ponceburgh,2025-01-13,"Carrillo, Cox and Gentry",Truck,7909,7,Cruzton,2248
408,46,dC5238,Delayed,Terryburgh,Timothymouth,2025-01-17,May-Hayes,Ship,1488,8,Brianshire,5806
67,93,Gd4336,Delivered,Martinshire,West Timothyview,2025-01-17,"Ortiz, Smith and Johnson",Ship,4718,20,Richardside,6266
1236,74,PU1304,In Transit,Frazierton,East John,2025-02-10,Stone-Richardson,Ship,2451,23,Denisefurt,3279
740,5,oj8565,Delayed,Markton,East Karatown,2025-02-04,Smith-Henderson,Truck,6718,14,Laurenhaven,8677
1236,26,BX2469,Delayed,Frazierton,East John,2025-02-10,Tanner LLC,Ship,7088,12,Leeland,9997
918,92,UK6138,In Transit,New Marymouth,Nataliestad,2025-01-11,"Alvarado, Robinson and Roth",Van,8601,29,West Shawn,2700
113,75,sr9898,Delayed,West Adamhaven,Gregoryberg,2025-02-13,Brock Ltd,Truck,8196,11,Glendamouth,8814
